Hours_Studied,Attendance,Access_to_Resources,Extracurricular_Activities,Sleep_Hours,Previous_Scores,Motivation_Level,Internet_Access,Tutoring_Sessions,Family_Income,Teacher_Quality,School_Type,Peer_Influence,Physical_Activity,Learning_Disabilities,Parental_Education_Level,Distance_from_Home,Gender,Exam_Score,scaled_column,Parental_Involvement_High,Parental_Involvement_Low,Parental_Involvement_Medium
23,84,High,No,7,73,Low,Yes,0,Low,Medium,Public,Positive,3,No,High School,Near,Male,67,0.5116279069767441,False,True,False
19,64,Medium,No,8,59,Low,Yes,2,Medium,Medium,Public,Negative,4,No,College,Moderate,Female,61,0.4186046511627907,False,True,False
24,98,Medium,Yes,7,91,Medium,Yes,2,Medium,Medium,Public,Neutral,4,No,Postgraduate,Near,Male,74,0.5348837209302325,False,False,True
29,89,Medium,Yes,8,98,Medium,Yes,1,Medium,Medium,Public,Negative,4,No,High School,Moderate,Male,71,0.6511627906976744,False,True,False
19,92,Medium,Yes,6,65,Medium,Yes,3,Medium,High,Public,Neutral,4,No,College,Near,Female,70,0.4186046511627907,False,False,True
19,88,Medium,Yes,8,89,Medium,Yes,3,Medium,Medium,Public,Positive,3,No,Postgraduate,Near,Male,71,0.4186046511627907,False,False,True
29,84,Low,Yes,7,68,Low,Yes,1,Low,Medium,Private,Neutral,2,No,High School,Moderate,Male,67,0.6511627906976744,False,False,True
25,78,High,Yes,6,50,Medium,Yes,1,High,High,Public,Negative,2,No,High School,Far,Male,66,0.5581395348837209,False,True,False
17,94,High,No,6,80,High,Yes,0,Medium,Low,Private,Neutral,1,No,College,Near,Male,69,0.37209302325581395,False,False,True
23,98,Medium,Yes,8,71,Medium,Yes,0,High,High,Public,Positive,5,No,High School,Moderate,Male,72,0.5116279069767441,False,False,True
17,80,High,No,8,88,Medium,No,4,Medium,High,Private,Neutral,4,No,College,Moderate,Male,68,0.37209302325581395,False,True,False
17,97,High,Yes,6,87,Low,Yes,2,Low,High,Private,Neutral,2,No,High School,Near,Male,71,0.37209302325581395,False,False,True
21,83,Medium,Yes,8,97,Low,Yes,2,Medium,Medium,Public,Positive,4,No,High School,Near,Male,70,0.46511627906976744,False,False,True
9,82,Medium,Yes,8,72,Medium,Yes,2,Medium,Medium,Private,Positive,3,No,Postgraduate,Near,Male,66,0.18604651162790697,False,False,True
10,78,High,Yes,8,74,Medium,Yes,1,Low,Medium,Private,Neutral,4,No,Postgraduate,Near,Male,65,0.20930232558139533,False,False,True
17,68,Medium,No,8,70,Medium,Yes,2,Medium,Medium,Private,Positive,4,No,High School,Near,Female,64,0.37209302325581395,False,False,True
14,60,Low,Yes,10,65,Low,Yes,0,High,Medium,Private,Positive,3,No,College,Near,Male,60,0.3023255813953489,False,False,True
22,70,Medium,Yes,6,82,Medium,Yes,1,Low,High,Public,Neutral,3,No,High School,Near,Female,65,0.48837209302325585,False,True,False
15,80,Medium,Yes,9,91,Low,Yes,3,Low,Medium,Public,Positive,2,No,College,Moderate,Female,67,0.32558139534883723,False,False,True
12,75,High,Yes,7,58,Medium,Yes,3,Medium,Medium,Private,Positive,4,No,College,Near,Male,66,0.2558139534883721,False,False,True
29,78,Medium,No,5,99,High,Yes,0,High,Medium,Public,Negative,1,No,High School,Moderate,Female,69,0.6511627906976744,False,False,True
19,99,High,No,6,84,Medium,Yes,1,Medium,High,Public,Neutral,3,No,High School,Near,Male,72,0.4186046511627907,False,False,True
20,74,High,No,8,89,Low,Yes,1,Medium,Medium,Public,Negative,2,No,College,Moderate,Female,66,0.4418604651162791,False,False,True
11,78,Medium,Yes,8,100,High,Yes,1,Low,Medium,Public,Neutral,3,No,High School,Moderate,Male,66,0.23255813953488375,True,False,False
17,65,High,Yes,5,75,Medium,Yes,2,Low,Medium,Public,Positive,3,No,High School,Near,Female,63,0.37209302325581395,False,True,False
21,62,Low,Yes,6,54,High,Yes,0,High,High,Public,Positive,3,No,Postgraduate,Far,Male,64,0.46511627906976744,True,False,False
13,91,Medium,No,6,90,Medium,Yes,1,High,Medium,Public,Negative,2,Yes,High School,Moderate,Female,65,0.27906976744186046,False,True,False
22,83,High,Yes,6,94,Medium,Yes,0,High,Medium,Public,Neutral,2,No,College,Moderate,Male,71,0.48837209302325585,True,False,False
16,90,Medium,No,4,58,Medium,Yes,1,Low,Medium,Public,Neutral,3,No,High School,Moderate,Female,66,0.3488372093023256,False,False,True
18,66,High,No,4,51,Low,Yes,2,Low,Medium,Private,Neutral,2,No,College,Near,Male,64,0.3953488372093023,True,False,False
16,83,Medium,No,6,57,Medium,Yes,0,High,Low,Public,Positive,4,Yes,High School,Near,Female,63,0.3488372093023256,False,True,False
31,70,High,Yes,7,66,Medium,Yes,1,High,Medium,Public,Negative,3,No,College,Near,Male,69,0.6976744186046511,False,False,True
20,69,Medium,Yes,8,96,Medium,Yes,2,Medium,High,Public,Positive,3,No,High School,Near,Male,67,0.4418604651162791,False,False,True
14,60,Medium,No,5,50,Medium,Yes,2,Medium,Medium,Public,Neutral,3,No,College,Near,Female,61,0.3023255813953489,True,False,False
25,65,Medium,No,5,90,Medium,Yes,2,Medium,Medium,Public,Positive,3,No,College,Moderate,Female,68,0.5581395348837209,True,False,False
13,72,Medium,No,6,93,Low,Yes,1,Low,Medium,Public,Negative,3,No,High School,Near,Male,61,0.27906976744186046,False,True,False
21,65,Low,Yes,7,91,Low,Yes,2,Medium,High,Public,Positive,3,No,High School,Far,Female,64,0.46511627906976744,False,False,True
8,99,Medium,No,9,54,Low,Yes,2,Low,Medium,Public,Neutral,5,No,Postgraduate,Near,Female,67,0.16279069767441862,False,False,True
12,72,Medium,Yes,8,84,Medium,Yes,1,Low,Medium,Public,Positive,5,No,High School,Near,Female,63,0.2558139534883721,False,True,False
21,65,Medium,Yes,6,98,Low,Yes,1,Medium,High,Public,Negative,4,No,High School,Near,Male,64,0.46511627906976744,False,True,False
24,68,Medium,No,8,56,Low,Yes,3,High,High,Public,Neutral,1,No,College,Near,Male,67,0.5348837209302325,True,False,False
21,84,Medium,Yes,6,52,Low,Yes,1,Medium,High,Public,Neutral,2,Yes,College,Far,Female,65,0.46511627906976744,False,False,True
19,63,High,No,7,94,Medium,Yes,1,Medium,Medium,Private,Positive,3,No,High School,Moderate,Male,64,0.4186046511627907,False,True,False
18,94,High,Yes,7,82,Medium,Yes,3,Medium,Medium,Private,Negative,2,Yes,College,Near,Male,70,0.3953488372093023,False,False,True
11,98,Medium,Yes,9,82,Low,Yes,1,Medium,Medium,Private,Positive,3,No,Postgraduate,Far,Male,68,0.23255813953488375,False,False,True
16,70,Medium,Yes,8,98,Medium,Yes,2,Medium,Medium,Public,Positive,3,No,High School,Moderate,Male,65,0.3488372093023256,False,False,True
17,78,Medium,Yes,6,88,Medium,Yes,1,Medium,High,Private,Positive,3,No,College,Near,Female,68,0.37209302325581395,False,False,True
26,61,Low,Yes,6,70,Medium,Yes,2,Low,Medium,Public,Positive,3,No,High School,Moderate,Female,64,0.5813953488372092,False,False,True
22,86,Medium,Yes,7,72,Low,Yes,3,Low,High,Public,Positive,2,No,High School,Moderate,Male,68,0.48837209302325585,False,True,False
9,77,Medium,No,5,57,Medium,Yes,2,Medium,High,Public,Neutral,3,No,High School,Near,Male,63,0.18604651162790697,False,False,True
22,71,Medium,Yes,7,65,Low,Yes,1,Medium,Low,Public,Positive,4,No,College,Moderate,Male,64,0.48837209302325585,False,True,False
18,68,Medium,No,7,72,Medium,Yes,0,Medium,Medium,Public,Neutral,3,No,College,Near,Male,64,0.3953488372093023,True,False,False
16,86,Medium,Yes,8,63,Medium,Yes,2,Medium,Medium,Public,Positive,4,No,High School,Near,Male,67,0.3488372093023256,False,True,False
24,77,Low,No,8,96,Medium,Yes,0,Medium,Medium,Public,Neutral,3,No,High School,Near,Female,67,0.5348837209302325,True,False,False
26,67,High,Yes,7,51,Low,Yes,2,High,High,Private,Neutral,4,Yes,Postgraduate,Far,Female,66,0.5813953488372092,False,False,True
26,88,High,Yes,5,79,Medium,Yes,1,Low,High,Private,Positive,4,No,College,Moderate,Male,72,0.5813953488372092,False,False,True
15,83,High,No,5,89,Low,No,1,Medium,High,Public,Neutral,2,Yes,High School,Near,Female,65,0.32558139534883723,False,False,True
18,94,Medium,Yes,6,87,High,Yes,1,Medium,Medium,Public,Positive,4,No,High School,Near,Male,71,0.3953488372093023,False,False,True
22,65,Low,No,8,82,Medium,Yes,2,Medium,High,Public,Positive,1,No,Postgraduate,Near,Female,66,0.48837209302325585,True,False,False
26,91,Low,Yes,8,71,Medium,Yes,0,Low,Medium,Private,Neutral,3,No,High School,Moderate,Male,68,0.5813953488372092,False,False,True
17,87,Medium,No,7,96,Medium,Yes,1,High,Medium,Public,Negative,5,No,Postgraduate,Near,Female,70,0.37209302325581395,False,False,True
19,65,Medium,Yes,10,66,Low,Yes,0,Low,Medium,Public,Positive,3,No,High School,Moderate,Male,62,0.4186046511627907,False,False,True
13,88,High,Yes,9,88,High,Yes,2,Low,High,Private,Negative,4,No,Postgraduate,Far,Male,68,0.27906976744186046,False,True,False
13,78,High,Yes,9,96,High,Yes,2,Low,Medium,Public,Neutral,3,No,College,Moderate,Male,67,0.27906976744186046,False,False,True
25,98,High,Yes,8,56,Medium,No,0,Medium,High,Private,Neutral,3,No,Postgraduate,Near,Male,71,0.5581395348837209,False,True,False
28,66,High,Yes,8,97,Medium,Yes,0,Medium,Medium,Public,Neutral,2,No,High School,Near,Male,68,0.627906976744186,False,False,True
20,86,Medium,Yes,8,89,Medium,Yes,1,Low,Medium,Public,Negative,3,No,Postgraduate,Near,Male,69,0.4418604651162791,False,False,True
26,75,High,Yes,4,81,High,Yes,3,Medium,High,Private,Positive,2,No,High School,Moderate,Male,70,0.5813953488372092,False,True,False
22,98,High,No,5,69,Low,No,1,Low,High,Public,Negative,4,No,High School,Moderate,Female,69,0.48837209302325585,False,False,True
16,73,Medium,No,7,95,Medium,Yes,1,Low,Medium,Public,Negative,4,No,College,Near,Male,65,0.3488372093023256,False,False,True
22,98,Low,Yes,7,52,Medium,No,3,Medium,Medium,Public,Positive,3,No,College,Near,Female,70,0.48837209302325585,False,False,True
29,96,Low,Yes,7,72,Medium,Yes,1,Low,Medium,Public,Positive,3,No,High School,Moderate,Male,71,0.6511627906976744,False,False,True
20,71,Medium,Yes,7,88,Medium,Yes,1,Low,Low,Public,Neutral,4,No,College,Near,Female,65,0.4418604651162791,False,False,True
29,92,Medium,No,4,91,Medium,Yes,2,Medium,Medium,Public,Negative,1,No,Postgraduate,Near,Female,72,0.6511627906976744,False,True,False
4,100,High,Yes,8,60,High,Yes,0,Medium,High,Private,Positive,4,No,College,Moderate,Male,69,0.06976744186046512,True,False,False
25,70,Medium,No,7,52,Medium,Yes,1,Medium,Medium,Public,Positive,3,No,Postgraduate,Near,Female,66,0.5581395348837209,False,False,True
21,77,Medium,Yes,7,90,Medium,Yes,4,Medium,Medium,Private,Neutral,3,No,Postgraduate,Moderate,Male,68,0.46511627906976744,False,True,False
18,81,Low,Yes,8,71,Medium,Yes,0,Medium,Medium,Public,Neutral,3,No,High School,Moderate,Female,65,0.3953488372093023,True,False,False
21,72,Medium,Yes,5,57,Medium,Yes,1,High,Medium,Public,Neutral,5,Yes,College,Moderate,Male,64,0.46511627906976744,False,False,True
8,61,Medium,Yes,7,54,Medium,Yes,1,High,Medium,Public,Positive,3,No,College,Near,Male,60,0.16279069767441862,False,False,True
19,69,High,Yes,7,82,High,Yes,1,Low,Medium,Public,Negative,2,No,High School,Near,Male,65,0.4186046511627907,False,False,True
22,71,Medium,No,6,79,High,Yes,1,Low,Low,Public,Positive,3,No,High School,Near,Male,66,0.48837209302325585,True,False,False
29,78,High,Yes,4,93,Low,Yes,5,Medium,High,Public,Neutral,3,No,College,Near,Male,74,0.6511627906976744,True,False,False
17,67,Medium,Yes,5,52,High,Yes,2,Medium,Medium,Private,Negative,3,No,High School,Far,Female,62,0.37209302325581395,False,False,True
15,95,Medium,No,7,93,Medium,Yes,2,Low,Medium,Public,Positive,4,No,College,Moderate,Male,70,0.32558139534883723,False,False,True
17,88,High,Yes,7,94,Low,Yes,0,Medium,Medium,Public,Neutral,3,No,High School,Near,Male,69,0.37209302325581395,False,False,True
25,63,High,Yes,7,72,Medium,Yes,3,Medium,High,Private,Negative,4,No,College,Far,Male,67,0.5581395348837209,False,False,True
22,86,Low,No,6,54,Medium,Yes,2,Medium,Medium,Public,Neutral,0,No,High School,Moderate,Male,64,0.48837209302325585,False,True,False
17,86,High,No,5,97,High,Yes,3,High,Medium,Public,Neutral,3,No,College,Near,Male,71,0.37209302325581395,False,False,True
23,98,Low,Yes,7,54,Low,Yes,0,Medium,Medium,Public,Negative,3,No,College,Near,Female,68,0.5116279069767441,False,False,True
21,60,Medium,No,7,80,Medium,Yes,0,Medium,High,Public,Neutral,4,Yes,College,Near,Male,64,0.46511627906976744,True,False,False
26,70,Low,Yes,8,75,Medium,Yes,1,Medium,Low,Private,Neutral,4,Yes,High School,Far,Female,63,0.5813953488372092,False,False,True
16,97,Medium,Yes,6,92,Low,Yes,0,High,Medium,Private,Positive,4,No,College,Near,Male,71,0.3488372093023256,False,False,True
18,97,Medium,Yes,4,75,Low,Yes,0,Low,Medium,Public,Positive,3,No,High School,Moderate,Male,69,0.3953488372093023,True,False,False
18,89,Medium,Yes,4,73,Medium,Yes,3,High,Medium,Private,Positive,2,No,College,Near,Female,100,0.3953488372093023,True,False,False
11,91,Medium,No,6,94,Medium,Yes,3,Medium,Medium,Public,Neutral,3,No,College,Moderate,Male,68,0.23255813953488375,False,False,True
22,64,Medium,No,7,98,Low,No,1,Medium,Medium,Public,Negative,3,No,High School,Near,Male,62,0.48837209302325585,False,True,False
22,81,Medium,Yes,7,77,Low,Yes,2,Medium,Medium,Public,Positive,3,No,Postgraduate,Far,Female,68,0.48837209302325585,False,False,True
20,69,High,Yes,6,73,Medium,Yes,2,Low,Medium,Private,Positive,3,No,High School,Far,Male,66,0.4418604651162791,True,False,False
19,67,Medium,No,5,92,High,Yes,0,Medium,Medium,Public,Positive,3,No,College,Near,Male,64,0.4186046511627907,False,True,False
12,92,Medium,No,4,92,High,Yes,2,Medium,High,Public,Neutral,3,Yes,High School,Moderate,Male,67,0.2558139534883721,False,False,True
17,65,High,Yes,8,66,Medium,Yes,1,High,High,Public,Neutral,4,Yes,Postgraduate,Moderate,Female,65,0.37209302325581395,False,False,True
18,79,Medium,Yes,7,79,Medium,Yes,0,Low,High,Private,Neutral,3,No,College,Far,Male,65,0.3953488372093023,False,False,True
15,98,Medium,No,6,58,High,Yes,0,Low,High,Public,Positive,3,No,College,Near,Male,69,0.32558139534883723,True,False,False
19,67,Medium,No,5,82,High,Yes,1,Low,Low,Private,Negative,3,No,High School,Near,Male,63,0.4186046511627907,False,False,True
22,99,Low,Yes,6,92,Low,Yes,3,Medium,Medium,Public,Negative,4,No,Postgraduate,Moderate,Male,72,0.48837209302325585,False,False,True
31,100,Medium,No,7,59,Medium,Yes,2,High,High,Public,Positive,5,No,Postgraduate,Moderate,Male,76,0.6976744186046511,False,False,True
21,82,High,Yes,7,66,High,Yes,3,Low,Medium,Public,Positive,3,Yes,College,Near,Female,69,0.46511627906976744,False,False,True
22,67,Medium,Yes,7,72,High,Yes,3,Low,High,Public,Positive,2,No,Postgraduate,Moderate,Female,67,0.48837209302325585,False,False,True
20,73,Medium,Yes,9,92,Medium,Yes,2,Medium,High,Public,Positive,3,No,College,Near,Male,69,0.4418604651162791,True,False,False
8,77,Medium,Yes,6,87,Medium,Yes,0,Low,Medium,Public,Neutral,2,No,High School,Moderate,Male,63,0.16279069767441862,True,False,False
20,72,Medium,No,9,66,Medium,Yes,3,Low,High,Private,Positive,3,No,Postgraduate,Near,Male,67,0.4418604651162791,False,False,True
20,71,High,Yes,7,62,High,Yes,2,Medium,Medium,Public,Negative,5,No,College,Near,Male,66,0.4418604651162791,False,True,False
35,99,High,Yes,7,85,Low,Yes,2,Medium,High,Private,Neutral,2,No,Postgraduate,Near,Female,79,0.7906976744186046,True,False,False
19,66,Medium,No,8,74,Medium,Yes,1,High,Medium,Public,Neutral,3,No,High School,Near,Female,64,0.4186046511627907,False,False,True
22,89,High,Yes,6,80,Medium,Yes,1,High,High,Public,Positive,3,No,High School,Near,Female,73,0.48837209302325585,True,False,False
20,60,High,No,7,82,High,Yes,2,Low,High,Public,Positive,4,Yes,High School,Near,Male,63,0.4418604651162791,False,True,False
13,84,Medium,No,5,78,Medium,Yes,1,Low,High,Public,Positive,2,No,High School,Near,Male,65,0.27906976744186046,False,False,True
27,97,High,Yes,8,81,Medium,Yes,0,High,Medium,Public,Positive,5,No,High School,Near,Female,73,0.6046511627906976,False,True,False
25,72,High,Yes,8,94,Low,Yes,2,Low,Medium,Private,Positive,4,No,College,Moderate,Female,70,0.5581395348837209,True,False,False
25,67,Medium,No,9,93,High,Yes,2,Low,High,Public,Positive,3,Yes,High School,Near,Female,68,0.5581395348837209,True,False,False
15,86,Medium,Yes,7,57,Medium,Yes,1,Medium,Medium,Public,Negative,3,No,College,Near,Male,65,0.32558139534883723,False,False,True
28,89,High,Yes,9,79,High,Yes,0,Low,Medium,Private,Positive,1,No,College,Moderate,Female,71,0.627906976744186,False,True,False
12,88,Medium,No,6,72,Low,Yes,2,Medium,Medium,Public,Positive,2,No,College,Far,Male,64,0.2558139534883721,False,True,False
24,73,High,Yes,8,64,Medium,Yes,4,High,Medium,Private,Neutral,3,Yes,College,Moderate,Male,68,0.5348837209302325,False,False,True
33,70,Medium,Yes,6,82,Low,Yes,1,Low,High,Public,Neutral,4,No,College,Near,Male,69,0.7441860465116279,False,False,True
14,98,Medium,No,7,76,Medium,Yes,0,Medium,High,Private,Positive,4,No,College,Moderate,Female,69,0.3023255813953489,False,False,True
17,97,Medium,No,8,89,Medium,Yes,1,Low,Medium,Public,Neutral,4,No,High School,Far,Male,69,0.37209302325581395,False,False,True
21,78,Medium,Yes,10,55,Medium,Yes,1,High,Low,Private,Positive,2,No,College,Near,Male,67,0.46511627906976744,False,False,True
17,94,Medium,Yes,8,65,Low,Yes,4,Medium,Medium,Public,Neutral,6,No,High School,Far,Female,68,0.37209302325581395,False,True,False
11,78,High,Yes,8,51,Medium,Yes,2,Low,Medium,Public,Neutral,3,No,Postgraduate,Near,Male,64,0.23255813953488375,False,False,True
20,77,Medium,No,6,87,Low,Yes,0,Low,High,Public,Positive,4,No,High School,Near,Female,66,0.4418604651162791,False,False,True
14,66,Low,No,7,96,Medium,Yes,3,Low,High,Public,Negative,3,No,High School,Near,Male,63,0.3023255813953489,True,False,False
23,77,Medium,Yes,7,79,Medium,Yes,0,Low,High,Public,Neutral,2,No,High School,Moderate,Male,66,0.5116279069767441,False,False,True
14,81,Medium,No,9,81,Medium,Yes,1,Low,High,Private,Negative,3,No,Postgraduate,Near,Female,66,0.3023255813953489,False,False,True
29,61,High,Yes,7,52,Low,Yes,3,Low,Medium,Private,Positive,3,No,College,Near,Female,67,0.6511627906976744,False,False,True
15,78,High,No,9,75,Low,Yes,1,Low,Medium,Public,Negative,1,No,High School,Near,Male,65,0.32558139534883723,True,False,False
18,91,Medium,Yes,5,76,Medium,Yes,1,Medium,Medium,Public,Neutral,3,No,High School,Near,Female,68,0.3953488372093023,False,True,False
25,87,Low,No,9,52,High,Yes,1,Low,High,Private,Positive,2,No,High School,Near,Male,68,0.5581395348837209,False,False,True
13,85,Medium,No,6,89,Medium,Yes,0,High,Medium,Private,Neutral,1,Yes,High School,Near,Male,65,0.27906976744186046,True,False,False
21,96,Medium,No,8,64,High,Yes,2,Medium,High,Public,Neutral,0,No,College,Near,Male,71,0.46511627906976744,False,False,True
28,61,High,No,6,86,High,Yes,1,Low,Medium,Private,Negative,3,Yes,Postgraduate,Far,Male,65,0.627906976744186,False,False,True
10,82,Low,No,8,70,Medium,Yes,3,Low,High,Public,Positive,1,Yes,Postgraduate,Near,Female,64,0.20930232558139533,False,False,True
21,91,Medium,No,6,100,Medium,Yes,0,High,Medium,Private,Neutral,2,No,Postgraduate,Near,Female,72,0.46511627906976744,True,False,False
22,82,Medium,No,9,61,Medium,Yes,2,Low,Medium,Public,Negative,2,Yes,High School,Near,Female,65,0.48837209302325585,False,False,True
25,73,High,No,8,53,High,No,0,Low,High,Private,Negative,5,No,Postgraduate,Near,Female,66,0.5581395348837209,False,False,True
13,65,High,No,6,99,Medium,Yes,0,Low,Medium,Private,Negative,4,No,High School,Near,Male,61,0.27906976744186046,False,True,False
12,96,High,Yes,8,62,Medium,Yes,2,Medium,High,Public,Negative,3,No,College,Near,Female,68,0.2558139534883721,False,True,False
23,79,High,Yes,8,82,Low,Yes,3,Medium,Medium,Public,Negative,3,Yes,Postgraduate,Moderate,Female,69,0.5116279069767441,True,False,False
22,95,High,Yes,6,69,Medium,Yes,1,Low,Medium,Public,Positive,3,No,College,Near,Female,72,0.48837209302325585,False,False,True
22,83,High,Yes,5,82,Medium,Yes,2,Low,High,Public,Positive,3,No,Postgraduate,Near,Female,71,0.48837209302325585,False,False,True
22,87,High,No,5,80,Low,Yes,2,Low,High,Public,Negative,3,No,High School,Near,Female,70,0.48837209302325585,True,False,False
16,92,High,Yes,5,85,Low,Yes,1,Low,Medium,Public,Neutral,2,No,High School,Moderate,Male,68,0.3488372093023256,False,False,True
21,86,Medium,Yes,5,51,Medium,Yes,2,Low,High,Public,Positive,2,No,High School,Moderate,Female,67,0.46511627906976744,False,True,False
22,76,Medium,Yes,8,92,Medium,Yes,1,Low,High,Public,Neutral,4,No,High School,Near,Female,68,0.48837209302325585,False,False,True
16,81,Medium,Yes,8,74,Medium,Yes,3,Medium,Medium,Public,Positive,2,No,Postgraduate,Near,Female,68,0.3488372093023256,False,False,True
31,92,Medium,Yes,4,76,Medium,Yes,2,Medium,High,Public,Positive,4,Yes,High School,Far,Male,72,0.6976744186046511,False,False,True
23,75,High,No,6,71,Low,Yes,0,Medium,Medium,Public,Neutral,2,No,College,Near,Male,65,0.5116279069767441,False,True,False
13,76,High,No,5,99,Low,Yes,2,Medium,Medium,Private,Positive,4,No,High School,Near,Female,66,0.27906976744186046,False,False,True
24,64,Medium,Yes,8,90,High,Yes,0,Low,High,Public,Negative,3,No,High School,Near,Male,65,0.5348837209302325,False,False,True
14,97,Medium,Yes,6,66,Medium,Yes,2,Medium,Medium,Public,Negative,3,Yes,College,Near,Female,67,0.3023255813953489,False,False,True
25,64,High,No,5,89,Low,Yes,2,Medium,Medium,Public,Neutral,4,No,College,Far,Male,66,0.5581395348837209,False,False,True
27,86,Medium,No,7,72,Low,Yes,1,Medium,High,Public,Positive,4,No,High School,Far,Male,69,0.6046511627906976,False,False,True
15,77,Medium,Yes,8,94,Low,Yes,0,High,High,Public,Positive,3,No,College,Moderate,Male,66,0.32558139534883723,False,False,True
26,76,High,Yes,6,52,Medium,Yes,4,High,Low,Public,Neutral,3,No,High School,Near,Male,69,0.5813953488372092,False,False,True
22,87,Low,Yes,7,68,Medium,No,0,Low,Medium,Public,Neutral,2,No,High School,Near,Male,67,0.48837209302325585,True,False,False
25,63,Medium,Yes,6,71,Medium,Yes,1,Medium,Low,Private,Positive,3,No,High School,Near,Male,66,0.5581395348837209,True,False,False
31,84,Medium,Yes,9,87,Medium,Yes,2,Low,Medium,Private,Neutral,3,No,College,Far,Male,71,0.6976744186046511,False,False,True
19,91,Low,No,6,59,Medium,Yes,5,Medium,High,Public,Neutral,4,No,College,Moderate,Male,70,0.4186046511627907,True,False,False
15,93,Medium,No,6,64,Medium,Yes,2,Medium,High,Public,Positive,4,No,Postgraduate,Near,Male,71,0.32558139534883723,True,False,False
15,67,Medium,Yes,7,86,High,Yes,1,High,Medium,Private,Positive,3,No,Postgraduate,Near,Male,66,0.32558139534883723,False,False,True
15,96,Medium,No,7,54,High,No,3,Medium,High,Public,Negative,2,No,High School,Near,Male,67,0.32558139534883723,False,False,True
20,86,Low,No,8,60,Medium,Yes,1,Medium,Medium,Public,Neutral,4,Yes,College,Far,Female,66,0.4418604651162791,True,False,False
22,95,High,No,9,88,Low,Yes,0,Low,High,Public,Positive,2,No,Postgraduate,Near,Male,72,0.48837209302325585,False,False,True
22,79,Medium,No,9,94,Medium,Yes,1,Medium,Medium,Public,Positive,3,No,High School,Near,Male,68,0.48837209302325585,False,False,True
25,82,Medium,No,6,86,Medium,No,3,Low,High,Public,Positive,3,No,High School,Near,Female,69,0.5581395348837209,False,False,True
20,97,Medium,Yes,7,76,Low,Yes,2,Low,Low,Private,Positive,3,No,Postgraduate,Near,Male,71,0.4418604651162791,False,False,True
29,96,Medium,Yes,9,55,Low,No,0,Medium,Medium,Public,Neutral,2,No,Postgraduate,Far,Female,70,0.6511627906976744,False,False,True
18,78,Medium,No,9,91,High,Yes,2,High,Low,Public,Neutral,4,No,College,Far,Female,67,0.3953488372093023,False,False,True
36,71,Medium,Yes,6,56,Medium,Yes,2,High,Medium,Public,Positive,2,No,High School,Far,Male,69,0.8139534883720929,False,False,True
24,76,High,No,8,69,Low,Yes,2,Medium,Medium,Public,Neutral,1,No,High School,Moderate,Male,65,0.5348837209302325,False,True,False
15,76,High,No,8,53,Medium,Yes,1,Low,Medium,Public,Neutral,4,No,College,Near,Male,65,0.32558139534883723,True,False,False
14,71,Medium,Yes,8,85,Low,Yes,2,Medium,High,Public,Neutral,4,No,High School,Near,Male,64,0.3023255813953489,False,False,True
23,71,Low,Yes,9,75,Low,Yes,1,Low,Medium,Public,Negative,2,No,College,Near,Male,63,0.5116279069767441,False,True,False
19,94,Medium,Yes,5,95,Medium,Yes,3,Low,Low,Public,Positive,2,No,High School,Moderate,Male,69,0.4186046511627907,False,True,False
24,63,Low,Yes,6,57,Medium,Yes,1,Low,High,Private,Neutral,5,No,College,Near,Female,64,0.5348837209302325,False,False,True
23,87,High,Yes,8,91,High,Yes,0,High,Medium,Private,Positive,3,No,High School,Moderate,Male,72,0.5116279069767441,True,False,False
20,67,Medium,Yes,7,76,Medium,Yes,0,Medium,Medium,Public,Neutral,4,No,High School,Near,Male,63,0.4418604651162791,False,True,False
15,74,High,Yes,4,68,Low,Yes,3,Low,Medium,Public,Positive,3,No,High School,Near,Female,64,0.32558139534883723,False,True,False
11,62,High,Yes,5,82,Medium,Yes,3,High,Medium,Private,Neutral,4,No,College,Moderate,Male,64,0.23255813953488375,False,False,True
17,71,Medium,Yes,8,90,Medium,Yes,5,Medium,Medium,Public,Positive,1,No,Postgraduate,Far,Male,67,0.37209302325581395,False,False,True
25,91,Medium,No,8,72,Low,Yes,2,Medium,High,Public,Positive,0,No,Postgraduate,Near,Male,71,0.5581395348837209,False,False,True
21,95,Medium,No,5,62,High,Yes,1,Medium,Low,Public,Positive,4,No,High School,Near,Male,70,0.46511627906976744,False,False,True
13,69,Low,Yes,9,96,Low,Yes,0,High,Medium,Private,Neutral,4,No,High School,Far,Female,61,0.27906976744186046,False,False,True
21,79,High,Yes,7,66,Low,Yes,2,Low,Medium,Public,Negative,4,No,College,Moderate,Male,67,0.46511627906976744,False,False,True
22,79,Medium,No,5,100,Medium,Yes,4,High,High,Public,Negative,3,No,College,Near,Male,72,0.48837209302325585,True,False,False
15,95,Low,Yes,6,88,Low,Yes,1,Low,Medium,Public,Negative,5,No,High School,Near,Male,66,0.32558139534883723,False,True,False
21,91,High,Yes,5,84,Medium,Yes,1,High,Low,Public,Neutral,2,No,High School,Near,Male,70,0.46511627906976744,False,False,True
20,81,Medium,Yes,6,51,High,No,3,Medium,Medium,Public,Neutral,4,Yes,High School,Near,Male,67,0.4418604651162791,True,False,False
13,87,Low,Yes,4,72,Medium,Yes,2,Medium,High,Public,Neutral,3,No,High School,Moderate,Female,67,0.27906976744186046,True,False,False
22,94,Medium,Yes,7,75,High,Yes,2,High,Medium,Public,Neutral,2,No,College,Near,Female,71,0.48837209302325585,False,True,False
23,60,Medium,Yes,8,69,Medium,Yes,1,Low,Medium,Private,Positive,4,No,College,Near,Male,66,0.5116279069767441,True,False,False
26,76,Medium,Yes,5,57,Medium,Yes,1,Medium,Medium,Public,Positive,4,No,High School,Near,Male,68,0.5813953488372092,False,False,True
26,96,Medium,Yes,7,68,Medium,Yes,3,High,Medium,Private,Positive,3,No,College,Near,Female,74,0.5813953488372092,False,False,True
12,90,Low,Yes,6,54,Medium,No,1,High,Medium,Public,Neutral,3,No,High School,Near,Male,64,0.2558139534883721,False,False,True
14,82,Medium,No,8,65,Medium,Yes,1,Low,Medium,Private,Positive,3,No,College,Near,Male,65,0.3023255813953489,False,False,True
23,81,Medium,Yes,4,54,Medium,Yes,1,Low,Medium,Public,Neutral,3,No,College,Near,Male,66,0.5116279069767441,False,True,False
23,74,High,Yes,8,88,Low,Yes,0,Medium,High,Public,Negative,3,Yes,High School,Near,Male,66,0.5116279069767441,False,False,True
23,81,Low,No,4,84,Medium,Yes,2,Medium,Medium,Public,Positive,5,No,High School,Near,Male,68,0.5116279069767441,False,False,True
43,86,Medium,Yes,7,97,Medium,Yes,2,Medium,High,Public,Positive,1,No,High School,Near,Female,78,0.9767441860465116,True,False,False
23,77,High,Yes,6,69,Low,Yes,1,Medium,Medium,Private,Positive,2,No,High School,Moderate,Female,67,0.5116279069767441,False,False,True
27,89,High,Yes,6,89,Medium,Yes,3,Medium,Medium,Private,Positive,3,No,High School,Near,Male,74,0.6046511627906976,False,False,True
26,94,High,No,5,79,High,Yes,1,Low,High,Public,Positive,2,No,Postgraduate,Near,Male,74,0.5813953488372092,False,False,True
24,66,Low,No,9,82,Low,Yes,1,Medium,Medium,Public,Neutral,2,Yes,High School,Near,Female,62,0.5348837209302325,False,False,True
18,78,Medium,Yes,5,77,Medium,No,2,Medium,Medium,Public,Neutral,4,No,High School,Far,Male,66,0.3953488372093023,True,False,False
25,76,Medium,Yes,5,89,High,Yes,3,Medium,High,Public,Neutral,3,No,High School,Far,Female,69,0.5581395348837209,False,False,True
15,87,High,Yes,10,52,Medium,Yes,2,Low,High,Private,Positive,3,No,College,Near,Male,68,0.32558139534883723,False,False,True
19,70,Low,No,7,54,High,Yes,0,Medium,Medium,Public,Positive,2,Yes,High School,Moderate,Male,89,0.4186046511627907,False,False,True
17,86,Low,No,5,55,Low,No,2,High,Medium,Private,Neutral,4,No,College,Near,Male,66,0.37209302325581395,True,False,False
20,95,Medium,Yes,7,64,Low,No,2,Medium,High,Public,Neutral,3,No,High School,Near,Female,68,0.4418604651162791,False,True,False
34,77,Low,Yes,7,80,Low,Yes,0,Medium,Medium,Public,Positive,3,No,High School,Near,Male,69,0.7674418604651162,False,False,True
9,96,Medium,Yes,4,82,High,No,0,Low,Medium,Public,Positive,4,No,College,Near,Male,67,0.18604651162790697,False,False,True
24,100,High,Yes,6,86,Low,Yes,2,Medium,Medium,Private,Positive,5,No,High School,Near,Male,75,0.5348837209302325,True,False,False
10,64,High,No,7,64,High,Yes,0,Medium,Medium,Public,Positive,4,Yes,High School,Moderate,Female,60,0.20930232558139533,False,False,True
17,69,Medium,Yes,9,83,Medium,Yes,2,Medium,High,Private,Positive,4,Yes,College,Moderate,Female,66,0.37209302325581395,True,False,False
27,98,High,Yes,7,56,Low,Yes,1,High,Medium,Private,Positive,3,No,College,Near,Female,73,0.6046511627906976,False,True,False
20,98,Low,No,7,50,Low,Yes,1,Medium,High,Private,Neutral,2,No,High School,Near,Female,68,0.4418604651162791,False,False,True
14,64,Medium,Yes,6,85,Medium,Yes,0,Medium,Medium,Public,Neutral,3,No,High School,Near,Male,62,0.3023255813953489,False,False,True
16,61,Medium,No,9,86,Low,Yes,2,Low,High,Public,Positive,2,No,High School,Near,Male,62,0.3488372093023256,False,False,True
24,66,Low,Yes,8,81,High,Yes,1,Medium,Medium,Public,Neutral,4,No,High School,Far,Male,65,0.5348837209302325,True,False,False
16,100,Low,Yes,8,63,High,Yes,2,Low,Medium,Public,Negative,3,No,High School,Moderate,Male,69,0.3488372093023256,True,False,False
21,67,Medium,No,7,96,Low,Yes,3,Low,Medium,Public,Neutral,2,No,High School,Far,Female,64,0.46511627906976744,False,False,True
20,80,High,No,5,94,Medium,Yes,0,Low,Low,Private,Positive,4,Yes,Postgraduate,Moderate,Female,67,0.4418604651162791,False,False,True
16,94,High,Yes,9,76,Medium,Yes,0,Low,High,Public,Neutral,2,No,High School,Near,Male,70,0.3488372093023256,True,False,False
33,61,Medium,No,7,99,High,Yes,2,Medium,High,Public,Neutral,3,No,College,Near,Female,70,0.7441860465116279,False,False,True
24,84,Low,No,7,65,Low,Yes,3,Medium,High,Public,Positive,3,No,High School,Near,Female,69,0.5348837209302325,True,False,False
8,71,Low,No,8,75,Medium,Yes,0,Medium,High,Public,Positive,3,No,High School,Near,Male,61,0.16279069767441862,True,False,False
21,94,Medium,No,7,96,Low,Yes,0,Medium,Medium,Private,Neutral,2,Yes,Postgraduate,Moderate,Male,69,0.46511627906976744,False,False,True
16,71,Medium,Yes,5,73,Medium,Yes,1,Medium,Medium,Public,Neutral,0,Yes,High School,Near,Male,63,0.3488372093023256,True,False,False
25,87,Low,Yes,7,74,Low,Yes,0,Medium,High,Public,Neutral,4,Yes,High School,Near,Male,67,0.5581395348837209,False,False,True
15,87,Medium,No,4,54,Medium,Yes,1,Medium,Medium,Public,Neutral,6,No,High School,Moderate,Male,65,0.32558139534883723,False,True,False
19,69,Medium,Yes,7,61,High,Yes,3,High,High,Public,Neutral,4,No,High School,Moderate,Male,66,0.4186046511627907,False,False,True
23,61,Medium,No,9,58,Medium,Yes,4,Medium,Medium,Public,Neutral,2,No,High School,Near,Male,63,0.5116279069767441,False,True,False
25,76,High,Yes,4,78,Medium,Yes,2,Medium,Medium,Private,Negative,3,No,High School,Moderate,Female,68,0.5581395348837209,False,False,True
13,72,High,No,7,66,Medium,Yes,0,Low,High,Public,Neutral,4,No,Postgraduate,Near,Male,65,0.27906976744186046,True,False,False
18,92,Medium,Yes,8,54,Medium,Yes,1,Medium,Medium,Public,Positive,3,No,High School,Near,Male,67,0.3953488372093023,False,True,False
17,92,Low,Yes,8,75,Medium,Yes,2,Medium,High,Public,Neutral,3,No,Postgraduate,Near,Female,68,0.37209302325581395,False,True,False
16,78,High,No,6,83,Medium,Yes,0,Low,Low,Public,Neutral,3,Yes,College,Near,Male,64,0.3488372093023256,False,False,True
31,84,Medium,No,5,87,High,Yes,0,Medium,Medium,Private,Positive,3,No,College,Moderate,Male,71,0.6976744186046511,False,False,True
22,84,Medium,Yes,6,92,Low,Yes,0,Medium,Medium,Public,Neutral,5,No,High School,Near,Female,69,0.48837209302325585,False,False,True
12,93,Medium,Yes,9,74,Low,Yes,1,Medium,Medium,Public,Neutral,3,No,Postgraduate,Moderate,Male,67,0.2558139534883721,False,False,True
26,77,Medium,No,4,70,Low,Yes,2,High,Low,Public,Neutral,3,Yes,College,Moderate,Female,65,0.5813953488372092,False,True,False
33,71,Medium,No,5,84,Medium,Yes,1,Medium,Medium,Public,Positive,2,No,High School,Near,Male,68,0.7441860465116279,False,True,False
26,71,Medium,Yes,6,51,Low,No,1,High,Medium,Private,Positive,3,No,Postgraduate,Moderate,Male,67,0.5813953488372092,True,False,False
11,81,Medium,Yes,6,82,High,Yes,3,Medium,High,Public,Neutral,4,No,High School,Near,Male,67,0.23255813953488375,False,False,True
17,78,High,Yes,7,70,Medium,No,2,Low,High,Public,Positive,3,No,High School,Near,Male,66,0.37209302325581395,False,False,True
28,78,Medium,No,9,73,High,Yes,2,Medium,Medium,Public,Neutral,4,No,College,Moderate,Female,70,0.627906976744186,True,False,False
16,64,Low,Yes,5,65,Medium,Yes,3,Medium,High,Private,Positive,4,No,Postgraduate,Moderate,Female,65,0.3488372093023256,True,False,False
23,89,Low,Yes,7,56,Low,Yes,4,Medium,Low,Private,Positive,4,No,Postgraduate,Near,Female,69,0.5116279069767441,False,True,False
25,69,Medium,Yes,7,70,Low,No,1,High,High,Public,Positive,4,No,High School,Far,Female,65,0.5581395348837209,False,False,True
14,68,Medium,No,6,65,Medium,Yes,1,High,Medium,Public,Neutral,3,Yes,College,Near,Male,63,0.3023255813953489,True,False,False
20,77,Medium,No,5,98,Low,Yes,2,Low,High,Private,Neutral,2,No,Postgraduate,Far,Female,67,0.4418604651162791,False,False,True
1,69,Medium,Yes,6,97,Medium,Yes,1,Low,Medium,Public,Positive,3,No,High School,Near,Female,61,0.0,True,False,False
14,83,Low,Yes,6,82,Medium,Yes,0,Medium,Medium,Public,Positive,2,No,High School,Near,Female,65,0.3023255813953489,False,False,True
18,75,High,Yes,8,95,Medium,Yes,1,Low,Low,Public,Neutral,2,No,College,Near,Female,66,0.3953488372093023,False,True,False
13,78,High,Yes,8,88,High,Yes,0,High,Low,Public,Neutral,3,No,College,Near,Male,66,0.27906976744186046,False,False,True
30,81,Low,Yes,5,67,Medium,Yes,1,High,High,Public,Negative,1,No,High School,Near,Male,69,0.6744186046511628,False,False,True
11,68,Medium,No,6,80,Medium,Yes,2,Medium,Medium,Public,Positive,3,No,College,Moderate,Female,63,0.23255813953488375,False,False,True
17,66,High,No,6,61,Medium,Yes,1,High,Medium,Public,Positive,6,No,Postgraduate,Near,Male,65,0.37209302325581395,False,True,False
21,95,Low,No,10,84,Low,Yes,0,High,Medium,Public,Neutral,4,Yes,High School,Near,Male,67,0.46511627906976744,False,True,False
29,77,High,Yes,7,52,Medium,Yes,2,High,Medium,Public,Negative,3,Yes,High School,Near,Female,69,0.6511627906976744,True,False,False
11,76,Medium,Yes,5,92,Medium,Yes,4,Medium,Low,Public,Negative,2,No,Postgraduate,Near,Male,65,0.23255813953488375,False,True,False
27,61,Medium,No,6,79,Medium,Yes,1,Low,Medium,Public,Positive,3,No,High School,Moderate,Male,65,0.6046511627906976,False,False,True
20,80,Low,Yes,6,53,Medium,Yes,0,Low,Medium,Public,Neutral,2,No,College,Moderate,Male,65,0.4418604651162791,True,False,False
14,82,High,Yes,8,94,Low,Yes,2,Low,High,Public,Negative,5,No,College,Far,Female,67,0.3023255813953489,False,False,True
23,82,Medium,Yes,8,94,Medium,Yes,1,Medium,Medium,Public,Negative,2,Yes,High School,Near,Male,66,0.5116279069767441,False,True,False
21,88,High,No,7,93,Medium,Yes,4,Low,Medium,Public,Positive,3,No,High School,Near,Female,72,0.46511627906976744,False,False,True
16,67,High,No,7,89,High,Yes,3,Low,Medium,Public,Positive,3,No,College,Near,Male,66,0.3488372093023256,False,False,True
20,70,Medium,Yes,7,84,Low,No,2,Medium,High,Private,Neutral,4,No,College,Far,Male,65,0.4418604651162791,False,False,True
18,92,Medium,Yes,7,70,Medium,Yes,1,Low,Medium,Public,Neutral,3,No,High School,Moderate,Male,69,0.3953488372093023,True,False,False
21,98,Low,No,4,57,Medium,Yes,2,High,Low,Public,Neutral,2,No,High School,Near,Female,68,0.46511627906976744,False,False,True
24,65,Low,No,7,64,Low,Yes,1,High,Medium,Public,Neutral,1,No,Postgraduate,Near,Male,64,0.5348837209302325,False,False,True
30,80,High,No,6,67,Medium,Yes,3,Medium,Medium,Public,Negative,4,No,College,Moderate,Female,69,0.6744186046511628,False,True,False
13,69,Low,Yes,5,68,Low,Yes,0,High,Medium,Public,Positive,1,Yes,High School,Moderate,Female,59,0.27906976744186046,False,False,True
33,62,Medium,Yes,10,78,Medium,Yes,0,Medium,Medium,Private,Positive,3,No,High School,Moderate,Female,68,0.7441860465116279,True,False,False
8,73,Medium,No,7,60,Medium,No,0,High,Medium,Private,Neutral,3,No,High School,Near,Female,60,0.16279069767441862,False,False,True
19,66,High,No,7,59,Medium,Yes,1,High,Medium,Public,Negative,3,No,High School,Far,Male,62,0.4186046511627907,False,False,True
24,88,Medium,Yes,6,86,Low,Yes,0,Low,Low,Public,Negative,3,No,College,Near,Male,67,0.5348837209302325,False,True,False
22,81,High,Yes,8,50,High,Yes,4,Medium,Medium,Private,Positive,5,No,High School,Far,Female,68,0.48837209302325585,False,True,False
16,66,High,Yes,5,57,High,Yes,3,Medium,Medium,Public,Positive,3,No,High School,Moderate,Female,64,0.3488372093023256,False,False,True
19,60,High,Yes,7,72,High,Yes,3,Low,High,Public,Positive,3,No,High School,Moderate,Female,65,0.4186046511627907,False,False,True
17,92,Low,Yes,6,57,Medium,Yes,2,Medium,Medium,Private,Positive,2,Yes,High School,Moderate,Female,65,0.37209302325581395,False,True,False
16,67,Medium,No,8,98,Medium,Yes,0,Low,Low,Public,Neutral,3,No,High School,Near,Female,63,0.3488372093023256,True,False,False
25,84,Low,Yes,6,84,Low,Yes,2,Medium,High,Public,Positive,3,No,High School,Near,Male,70,0.5581395348837209,False,False,True
22,73,Medium,Yes,9,72,Low,Yes,3,Medium,Medium,Public,Positive,3,No,High School,Near,Female,66,0.48837209302325585,False,True,False
16,83,High,Yes,7,56,Low,Yes,4,High,Medium,Public,Positive,3,No,High School,Near,Female,68,0.3488372093023256,False,False,True
25,73,Low,No,8,69,Medium,Yes,3,Medium,Medium,Private,Positive,3,No,High School,Near,Female,66,0.5581395348837209,False,True,False
22,63,Low,No,8,83,Medium,Yes,3,Medium,Medium,Private,Negative,1,No,College,Near,Male,63,0.48837209302325585,False,True,False
25,69,Medium,Yes,9,98,Medium,Yes,1,Low,Medium,Public,Negative,3,Yes,College,Moderate,Female,66,0.5581395348837209,True,False,False
24,68,Medium,Yes,6,74,Medium,Yes,1,Medium,Medium,Public,Neutral,3,No,High School,Near,Female,65,0.5348837209302325,False,False,True
15,77,Medium,Yes,8,85,High,Yes,1,Low,Medium,Public,Positive,2,No,Postgraduate,Moderate,Male,66,0.32558139534883723,False,False,True
17,86,Low,Yes,4,60,High,Yes,2,High,Low,Private,Positive,3,Yes,College,Moderate,Female,67,0.37209302325581395,True,False,False
24,71,Medium,Yes,7,81,Medium,Yes,0,Low,Medium,Private,Positive,3,No,High School,Near,Male,66,0.5348837209302325,False,False,True
24,60,Medium,No,6,62,High,Yes,4,Low,High,Public,Negative,3,No,High School,Near,Female,63,0.5348837209302325,False,True,False
20,81,Medium,Yes,5,60,Low,Yes,3,Medium,Medium,Public,Positive,4,Yes,High School,Near,Male,66,0.4418604651162791,False,False,True
21,84,Medium,No,6,75,Low,No,1,High,Medium,Public,Positive,3,No,College,Moderate,Male,67,0.46511627906976744,False,False,True
28,99,Medium,Yes,6,61,Medium,No,1,Low,Medium,Public,Positive,3,No,High School,Near,Male,71,0.627906976744186,False,False,True
16,84,High,Yes,7,86,Medium,Yes,1,Low,Medium,Private,Neutral,2,No,High School,Near,Female,67,0.3488372093023256,False,False,True
23,79,High,Yes,6,97,Medium,Yes,1,High,Low,Public,Neutral,4,No,High School,Moderate,Male,69,0.5116279069767441,False,False,True
19,83,Medium,Yes,7,70,Medium,Yes,2,Low,Medium,Public,Negative,4,Yes,Postgraduate,Near,Female,67,0.4186046511627907,False,False,True
19,97,Medium,Yes,6,66,High,Yes,2,Medium,Medium,Private,Positive,2,No,College,Moderate,Female,72,0.4186046511627907,True,False,False
27,93,Low,No,6,59,High,Yes,2,Low,Medium,Private,Negative,4,No,High School,Near,Female,70,0.6046511627906976,True,False,False
25,73,High,Yes,7,70,Low,Yes,0,Low,Medium,Private,Neutral,4,No,Postgraduate,Moderate,Male,67,0.5581395348837209,False,False,True
25,69,High,Yes,7,78,Medium,Yes,0,Low,High,Public,Negative,3,No,High School,Far,Female,64,0.5581395348837209,False,True,False
28,71,Medium,No,8,69,High,Yes,1,Medium,High,Private,Neutral,1,No,College,Moderate,Female,67,0.627906976744186,False,False,True
20,80,High,No,8,81,Medium,Yes,3,Medium,Medium,Private,Negative,4,No,Postgraduate,Near,Male,69,0.4418604651162791,False,True,False
24,90,Low,No,7,83,Medium,Yes,0,Low,Medium,Private,Positive,3,No,College,Near,Male,68,0.5348837209302325,False,True,False
18,80,Medium,No,8,55,Low,Yes,2,Low,Low,Public,Neutral,3,No,High School,Moderate,Male,63,0.3953488372093023,False,False,True
22,63,High,Yes,7,85,Medium,Yes,4,High,High,Public,Negative,3,No,College,Near,Female,68,0.48837209302325585,False,False,True
19,89,Medium,Yes,7,95,Medium,Yes,0,Medium,Medium,Public,Positive,3,No,High School,Near,Male,70,0.4186046511627907,True,False,False
21,92,Low,Yes,8,51,Low,Yes,0,Medium,Medium,Public,Neutral,2,No,College,Moderate,Male,66,0.46511627906976744,False,False,True
24,72,High,No,6,78,High,Yes,0,Low,High,Public,Negative,6,No,High School,Near,Female,68,0.5348837209302325,True,False,False
15,87,Low,Yes,4,80,High,Yes,0,Low,Medium,Private,Positive,3,No,College,Near,Male,67,0.32558139534883723,True,False,False
33,77,High,Yes,5,85,Medium,Yes,0,Low,Medium,Private,Neutral,5,No,High School,Far,Female,69,0.7441860465116279,False,True,False
14,96,Low,Yes,9,69,High,Yes,0,Medium,Medium,Private,Negative,3,Yes,College,Near,Female,66,0.3023255813953489,False,False,True
13,94,Medium,Yes,7,91,Low,Yes,3,Low,Medium,Public,Neutral,3,No,High School,Near,Male,68,0.27906976744186046,False,False,True
27,81,Medium,Yes,7,77,Medium,Yes,2,Medium,Low,Public,Neutral,2,Yes,Postgraduate,Moderate,Female,69,0.6046511627906976,False,False,True
25,88,Medium,Yes,7,70,Low,Yes,1,Medium,Medium,Private,Positive,3,No,Postgraduate,Moderate,Male,70,0.5581395348837209,False,False,True
24,95,High,Yes,8,86,High,Yes,1,Medium,High,Private,Neutral,3,No,College,Near,Male,74,0.5348837209302325,False,False,True
24,80,High,Yes,7,96,High,Yes,0,Low,High,Public,Positive,0,No,College,Moderate,Female,70,0.5348837209302325,False,False,True
20,73,Medium,Yes,7,91,Low,Yes,1,Medium,High,Public,Neutral,2,No,Postgraduate,Moderate,Male,66,0.4418604651162791,False,False,True
15,90,Medium,Yes,8,97,Medium,Yes,1,Low,High,Private,Negative,3,No,College,Near,Female,69,0.32558139534883723,True,False,False
20,69,High,No,6,63,Low,Yes,0,Low,Medium,Public,Negative,3,No,Postgraduate,Near,Male,64,0.4418604651162791,False,False,True
16,76,High,Yes,8,56,Medium,No,1,Low,Medium,Public,Positive,1,No,High School,Near,Male,62,0.3488372093023256,False,True,False
26,95,High,No,7,77,Medium,Yes,0,Medium,Medium,Public,Neutral,3,No,High School,Moderate,Female,70,0.5813953488372092,False,True,False
19,89,Medium,Yes,7,52,Medium,Yes,2,Medium,Medium,Public,Negative,4,No,High School,Moderate,Male,68,0.4186046511627907,True,False,False
15,76,Medium,Yes,6,84,Low,Yes,0,Medium,High,Public,Neutral,3,No,College,Near,Female,65,0.32558139534883723,False,False,True
18,69,High,No,7,62,Low,Yes,3,Medium,Medium,Public,Positive,3,No,High School,Moderate,Male,65,0.3953488372093023,True,False,False
22,74,High,Yes,6,73,Low,Yes,3,High,High,Public,Positive,4,No,Postgraduate,Moderate,Female,71,0.48837209302325585,True,False,False
17,71,Medium,Yes,9,83,Low,Yes,2,Medium,Medium,Public,Neutral,5,No,High School,Near,Male,66,0.37209302325581395,True,False,False
15,67,Medium,No,4,74,Medium,Yes,0,Low,Medium,Public,Negative,3,No,College,Moderate,Male,61,0.32558139534883723,False,False,True
21,90,Medium,Yes,8,62,Low,Yes,2,Medium,High,Public,Negative,5,Yes,High School,Near,Male,67,0.46511627906976744,False,True,False
21,70,High,Yes,4,94,Medium,Yes,0,Low,High,Private,Neutral,2,No,College,Far,Male,65,0.46511627906976744,False,True,False
17,78,High,No,8,88,Medium,Yes,0,Low,Medium,Public,Negative,3,No,High School,Near,Female,65,0.37209302325581395,False,False,True
17,75,High,Yes,6,80,Medium,No,1,Low,Medium,Private,Positive,5,No,High School,Moderate,Male,65,0.37209302325581395,False,False,True
21,99,Medium,No,8,85,High,Yes,4,Medium,Medium,Public,Positive,4,No,High School,Moderate,Male,73,0.46511627906976744,False,False,True
11,76,Medium,Yes,7,71,Medium,No,1,Medium,Low,Public,Neutral,2,No,College,Near,Male,62,0.23255813953488375,False,False,True
12,63,High,Yes,5,69,Low,Yes,0,Medium,High,Public,Negative,2,No,College,Moderate,Female,60,0.2558139534883721,False,False,True
16,64,Medium,Yes,9,58,Low,Yes,1,Medium,Medium,Public,Positive,3,No,College,Moderate,Female,61,0.3488372093023256,False,True,False
19,84,Medium,Yes,8,90,High,Yes,2,Low,Medium,Private,Neutral,3,No,Postgraduate,Far,Male,67,0.4186046511627907,False,True,False
22,84,Medium,No,8,69,Medium,No,3,Medium,High,Private,Neutral,4,No,College,Near,Male,70,0.48837209302325585,True,False,False
29,77,High,No,6,85,Medium,Yes,1,Medium,Medium,Public,Positive,1,No,College,Near,Male,69,0.6511627906976744,False,True,False
25,77,Low,Yes,8,65,High,No,0,Medium,Medium,Public,Positive,5,No,College,Far,Female,66,0.5581395348837209,False,False,True
19,62,Medium,No,5,90,Low,Yes,2,Low,High,Public,Positive,3,No,College,Moderate,Male,64,0.4186046511627907,False,False,True
20,81,Medium,Yes,4,55,Medium,Yes,1,High,Medium,Private,Positive,2,No,Postgraduate,Moderate,Male,68,0.4418604651162791,True,False,False
14,80,Medium,Yes,5,81,Medium,Yes,1,Low,Medium,Public,Positive,4,No,Postgraduate,Far,Female,67,0.3023255813953489,True,False,False
20,66,Medium,No,6,90,High,Yes,0,Medium,Medium,Public,Neutral,1,No,College,Near,Female,64,0.4418604651162791,False,False,True
18,64,Medium,Yes,6,83,High,Yes,2,Low,Medium,Public,Positive,2,No,College,Near,Male,65,0.3953488372093023,False,False,True
22,65,High,Yes,6,85,Medium,Yes,2,High,Medium,Public,Positive,3,Yes,Postgraduate,Near,Female,66,0.48837209302325585,False,True,False
15,64,Medium,Yes,6,76,High,Yes,2,Medium,Medium,Private,Positive,4,Yes,High School,Near,Female,63,0.32558139534883723,False,False,True
23,84,Medium,Yes,6,78,Low,Yes,2,Low,Low,Public,Negative,2,No,High School,Moderate,Female,68,0.5116279069767441,True,False,False
29,68,High,Yes,4,53,Medium,Yes,1,Medium,Medium,Private,Negative,4,No,High School,Far,Male,66,0.6511627906976744,False,False,True
19,70,Medium,No,7,63,Low,No,3,Low,Low,Public,Neutral,5,No,High School,Near,Male,63,0.4186046511627907,False,False,True
22,67,Medium,No,7,86,Low,Yes,1,Low,Medium,Public,Positive,3,No,High School,Moderate,Female,63,0.48837209302325585,False,True,False
24,98,Medium,Yes,6,97,Medium,Yes,1,Medium,Medium,Public,Positive,4,No,College,Far,Male,74,0.5348837209302325,True,False,False
18,94,High,Yes,9,77,Low,Yes,1,Medium,High,Public,Positive,2,No,College,Moderate,Male,70,0.3953488372093023,False,False,True
21,69,High,Yes,7,86,Medium,Yes,2,Low,Medium,Private,Neutral,3,No,High School,Near,Male,68,0.46511627906976744,True,False,False
20,73,Medium,Yes,7,84,Medium,Yes,0,Medium,Medium,Public,Neutral,4,No,Postgraduate,Moderate,Female,66,0.4418604651162791,False,False,True
21,68,Low,No,8,100,Low,Yes,0,Medium,Medium,Public,Positive,4,No,High School,Far,Male,63,0.46511627906976744,False,False,True
15,80,High,No,5,90,Medium,Yes,4,Low,Medium,Public,Positive,3,No,College,Far,Female,67,0.32558139534883723,False,True,False
20,61,Medium,No,7,81,Medium,Yes,1,Medium,Low,Public,Neutral,3,No,High School,Moderate,Male,62,0.4418604651162791,False,False,True
23,87,High,No,8,56,Medium,Yes,1,Medium,High,Public,Positive,3,No,Postgraduate,Moderate,Male,71,0.5116279069767441,True,False,False
29,81,Medium,No,7,68,Medium,Yes,2,Medium,Medium,Public,Neutral,4,No,Postgraduate,Near,Male,72,0.6511627906976744,True,False,False
26,96,Medium,Yes,5,63,Medium,No,1,High,Medium,Private,Positive,2,No,Postgraduate,Near,Male,72,0.5813953488372092,False,False,True
33,67,Medium,Yes,6,93,High,Yes,0,Low,High,Public,Neutral,3,No,High School,Far,Female,68,0.7441860465116279,False,False,True
15,92,Low,Yes,7,72,Low,Yes,1,Medium,Medium,Public,Negative,5,No,High School,Near,Female,66,0.32558139534883723,False,False,True
25,92,Medium,No,4,77,Medium,Yes,0,Low,Medium,Public,Positive,3,No,High School,Near,Male,70,0.5581395348837209,False,False,True
21,65,Low,Yes,5,98,High,No,2,Low,Medium,Private,Positive,4,No,Postgraduate,Near,Male,66,0.46511627906976744,False,False,True
33,76,Medium,Yes,10,92,Low,Yes,1,High,Medium,Private,Positive,3,No,Postgraduate,Near,Female,72,0.7441860465116279,False,False,True
15,67,Medium,Yes,8,89,Low,Yes,0,High,High,Public,Neutral,4,No,High School,Moderate,Female,64,0.32558139534883723,True,False,False
15,70,Medium,No,9,57,Medium,Yes,1,Medium,Medium,Private,Negative,3,No,High School,Near,Female,63,0.32558139534883723,True,False,False
16,71,Medium,No,8,51,Medium,Yes,0,Low,Medium,Public,Negative,2,No,Postgraduate,Far,Female,61,0.3488372093023256,False,False,True
7,82,High,Yes,8,56,Medium,Yes,0,Low,Medium,Private,Negative,2,No,High School,Far,Male,62,0.13953488372093026,True,False,False
17,76,High,No,7,87,High,Yes,1,Medium,High,Public,Positive,4,No,High School,Near,Female,68,0.37209302325581395,False,False,True
15,98,Medium,Yes,8,71,Low,Yes,1,Medium,Medium,Public,Positive,3,No,High School,Near,Male,68,0.32558139534883723,False,True,False
21,65,Medium,No,9,56,High,Yes,1,Medium,Medium,Public,Positive,5,No,High School,Moderate,Male,63,0.46511627906976744,False,True,False
22,99,Low,Yes,8,87,Low,Yes,1,Medium,Medium,Private,Neutral,4,No,High School,Moderate,Female,70,0.48837209302325585,False,False,True
31,69,Low,Yes,7,60,Medium,Yes,1,Low,Medium,Public,Neutral,3,No,Postgraduate,Near,Female,68,0.6976744186046511,True,False,False
26,91,Medium,Yes,7,79,Medium,Yes,1,Low,Medium,Private,Neutral,5,No,High School,Near,Female,72,0.5813953488372092,True,False,False
17,74,Medium,Yes,8,87,Medium,Yes,4,Low,Low,Public,Positive,3,No,College,Near,Male,67,0.37209302325581395,False,False,True
15,66,High,No,6,80,Medium,No,1,Low,Medium,Private,Neutral,1,No,College,Near,Male,61,0.32558139534883723,False,True,False
23,94,Medium,No,8,100,Medium,No,0,Low,Medium,Public,Neutral,3,No,Postgraduate,Near,Male,69,0.5116279069767441,False,True,False
12,72,Low,Yes,6,72,High,Yes,2,Low,High,Private,Negative,2,No,High School,Moderate,Female,61,0.2558139534883721,False,False,True
31,86,High,Yes,6,66,Medium,Yes,3,Medium,Medium,Public,Positive,3,No,College,Moderate,Male,75,0.6976744186046511,True,False,False
27,83,Low,No,5,60,Medium,Yes,0,High,Low,Public,Neutral,2,No,College,Moderate,Female,68,0.6046511627906976,True,False,False
17,79,Low,Yes,6,75,Low,Yes,1,Medium,High,Public,Neutral,4,No,High School,Near,Male,65,0.37209302325581395,False,False,True
10,80,Medium,Yes,6,93,High,Yes,4,Medium,Medium,Public,Negative,3,No,College,Moderate,Female,67,0.20930232558139533,True,False,False
28,89,High,Yes,10,97,High,Yes,3,Medium,Low,Public,Negative,6,No,High School,Near,Female,75,0.627906976744186,False,False,True
19,64,Medium,No,6,99,Medium,Yes,1,Medium,Medium,Public,Positive,3,No,College,Near,Male,64,0.4186046511627907,False,True,False
27,87,Medium,No,8,77,Medium,Yes,1,Low,High,Public,Neutral,4,No,High School,Moderate,Male,70,0.6046511627906976,False,False,True
10,96,High,No,6,80,Medium,No,0,Medium,Medium,Public,Neutral,4,No,High School,Moderate,Female,67,0.20930232558139533,True,False,False
16,62,Medium,Yes,7,79,Low,Yes,2,Medium,Medium,Public,Neutral,3,No,High School,Near,Male,63,0.3488372093023256,False,False,True
20,66,High,No,7,73,Medium,Yes,1,Medium,Medium,Public,Negative,4,No,College,Near,Female,65,0.4418604651162791,True,False,False
20,89,Medium,Yes,4,58,Medium,Yes,1,Medium,Medium,Public,Positive,3,No,High School,Far,Female,67,0.4418604651162791,False,False,True
17,77,High,Yes,5,53,Medium,Yes,2,High,Medium,Public,Neutral,3,No,College,Near,Male,86,0.37209302325581395,False,True,False
24,76,High,No,6,72,High,Yes,3,Medium,High,Public,Neutral,3,Yes,High School,Moderate,Female,67,0.5348837209302325,False,True,False
14,65,Medium,No,5,59,Low,Yes,1,High,Medium,Public,Positive,4,No,Postgraduate,Far,Male,63,0.3023255813953489,True,False,False
19,80,Medium,No,7,94,Medium,Yes,0,Medium,Low,Public,Neutral,3,No,College,Moderate,Female,66,0.4186046511627907,False,False,True
21,65,High,No,7,88,Low,Yes,2,Low,Medium,Private,Neutral,1,No,High School,Near,Male,65,0.46511627906976744,True,False,False
23,79,Medium,No,5,81,Medium,Yes,1,Medium,Medium,Private,Neutral,3,No,High School,Near,Female,67,0.5116279069767441,False,False,True
24,91,Medium,No,7,52,Low,Yes,0,High,High,Public,Neutral,4,No,College,Near,Male,69,0.5348837209302325,False,False,True
13,70,High,No,6,81,Medium,Yes,2,Medium,Low,Public,Positive,2,No,Postgraduate,Near,Male,66,0.27906976744186046,True,False,False
11,79,Medium,Yes,7,81,Medium,Yes,1,High,Medium,Public,Neutral,2,No,High School,Moderate,Male,64,0.23255813953488375,False,False,True
28,100,Low,Yes,6,72,Medium,Yes,1,Low,Medium,Public,Negative,2,No,Postgraduate,Near,Female,73,0.627906976744186,True,False,False
22,87,Medium,No,8,83,Low,Yes,1,Low,Medium,Public,Neutral,1,No,College,Far,Male,66,0.48837209302325585,False,True,False
16,94,Medium,No,9,93,Low,Yes,1,Low,Medium,Public,Negative,4,No,Postgraduate,Near,Female,68,0.3488372093023256,False,False,True
29,77,Low,Yes,8,88,Low,Yes,0,Medium,High,Public,Positive,4,No,College,Moderate,Male,70,0.6511627906976744,True,False,False
21,91,Medium,No,9,74,Medium,Yes,2,Low,Low,Private,Negative,2,No,High School,Near,Female,69,0.46511627906976744,True,False,False
27,62,High,Yes,5,63,Low,Yes,4,High,Medium,Public,Negative,4,No,High School,Near,Female,67,0.6046511627906976,False,False,True
20,65,Low,No,6,74,Low,Yes,0,Medium,Medium,Private,Positive,3,No,College,Moderate,Male,62,0.4418604651162791,False,False,True
32,68,Low,No,8,97,High,Yes,1,Low,Medium,Public,Positive,2,No,High School,Near,Male,68,0.7209302325581395,False,False,True
31,76,High,Yes,9,91,Medium,Yes,1,Low,Medium,Private,Neutral,4,No,Postgraduate,Near,Male,72,0.6976744186046511,False,False,True
19,94,Medium,No,8,51,Medium,Yes,3,Medium,Low,Private,Positive,5,No,Postgraduate,Near,Male,69,0.4186046511627907,False,True,False
26,74,Low,No,5,89,Low,Yes,3,High,High,Private,Negative,2,No,High School,Near,Male,66,0.5813953488372092,False,True,False
24,86,High,No,6,59,Medium,Yes,1,Low,Medium,Public,Positive,3,No,High School,Moderate,Female,70,0.5348837209302325,True,False,False
28,88,Medium,No,8,79,Medium,Yes,0,Medium,Medium,Public,Positive,3,No,High School,Far,Male,71,0.627906976744186,True,False,False
14,83,Medium,Yes,7,90,Medium,Yes,0,Low,Low,Public,Negative,3,No,College,Near,Female,65,0.3023255813953489,False,False,True
24,74,Medium,Yes,6,78,Medium,Yes,3,Low,High,Public,Positive,3,No,College,Near,Female,70,0.5348837209302325,True,False,False
26,83,Low,No,7,70,High,No,2,Medium,High,Public,Negative,4,Yes,High School,Moderate,Male,65,0.5813953488372092,False,True,False
9,74,High,No,7,66,Low,Yes,1,High,High,Private,Neutral,3,No,High School,Far,Female,62,0.18604651162790697,False,False,True
13,63,Medium,Yes,5,65,Medium,Yes,2,High,Medium,Private,Neutral,2,No,High School,Far,Male,62,0.27906976744186046,True,False,False
8,100,Medium,Yes,8,92,Medium,Yes,1,Medium,High,Public,Neutral,3,No,Postgraduate,Moderate,Female,70,0.16279069767441862,True,False,False
18,65,High,Yes,6,91,Medium,No,5,Low,Medium,Private,Neutral,3,No,College,Near,Male,66,0.3953488372093023,False,False,True
24,63,Low,Yes,7,91,Low,Yes,4,Low,Medium,Private,Positive,4,No,High School,Near,Female,67,0.5348837209302325,True,False,False
29,95,Low,No,9,64,Medium,Yes,1,Medium,High,Public,Positive,3,No,High School,Near,Female,72,0.6511627906976744,False,False,True
20,72,Low,Yes,7,90,Low,Yes,0,Low,High,Private,Negative,3,No,Postgraduate,Near,Female,66,0.4418604651162791,True,False,False
30,86,Low,Yes,8,52,Medium,Yes,2,Medium,Medium,Public,Negative,2,Yes,College,Moderate,Female,68,0.6744186046511628,False,False,True
12,73,Medium,No,5,60,Medium,Yes,1,Low,Medium,Public,Negative,4,No,High School,Moderate,Male,62,0.2558139534883721,True,False,False
10,76,Medium,Yes,8,76,Medium,Yes,2,High,High,Private,Positive,3,Yes,Postgraduate,Moderate,Male,64,0.20930232558139533,False,True,False
20,70,Medium,No,8,70,Medium,Yes,0,Low,Medium,Public,Neutral,5,No,Postgraduate,Near,Female,65,0.4418604651162791,False,False,True
22,74,Low,Yes,6,56,Low,Yes,4,Medium,High,Public,Negative,3,No,Postgraduate,Moderate,Male,66,0.48837209302325585,False,False,True
20,76,Low,No,7,52,Medium,Yes,2,Low,High,Private,Neutral,3,No,High School,Near,Female,64,0.4418604651162791,False,False,True
8,89,High,Yes,7,81,Low,Yes,4,Low,Medium,Public,Neutral,3,No,College,Near,Male,67,0.16279069767441862,False,False,True
19,80,Medium,Yes,7,66,Low,Yes,4,Medium,Medium,Public,Negative,4,No,College,Near,Female,69,0.4186046511627907,True,False,False
12,98,Medium,Yes,8,51,Medium,Yes,0,Medium,Low,Public,Positive,5,No,Postgraduate,Moderate,Male,68,0.2558139534883721,True,False,False
24,62,Medium,No,6,72,High,Yes,2,Low,Low,Public,Neutral,4,No,High School,Near,Male,64,0.5348837209302325,False,False,True
22,80,Medium,Yes,7,65,Medium,Yes,2,High,Medium,Private,Neutral,2,No,High School,Moderate,Female,68,0.48837209302325585,True,False,False
14,83,Low,Yes,9,79,Medium,Yes,1,Medium,Low,Public,Positive,3,No,High School,Near,Male,64,0.3023255813953489,False,True,False
17,97,High,No,9,96,High,Yes,0,High,Medium,Public,Negative,1,No,Postgraduate,Near,Male,71,0.37209302325581395,False,False,True
14,62,High,Yes,8,65,Low,Yes,3,Low,Medium,Public,Negative,2,No,High School,Far,Male,61,0.3023255813953489,True,False,False
20,83,Medium,No,7,100,Medium,Yes,4,Low,Medium,Public,Negative,3,No,College,Near,Male,68,0.4418604651162791,False,True,False
26,94,Medium,Yes,10,54,Low,Yes,2,High,Medium,Public,Neutral,5,No,High School,Near,Male,73,0.5813953488372092,True,False,False
14,70,Medium,Yes,9,54,Medium,No,3,Medium,Medium,Public,Positive,1,No,College,Near,Male,64,0.3023255813953489,True,False,False
23,95,Medium,Yes,7,86,Medium,Yes,3,Low,Medium,Public,Positive,4,Yes,Postgraduate,Far,Male,72,0.5116279069767441,False,False,True
17,61,Medium,Yes,7,87,High,Yes,5,Medium,Medium,Public,Neutral,3,No,High School,Near,Male,65,0.37209302325581395,False,False,True
15,89,Medium,Yes,6,71,Medium,Yes,1,Medium,High,Public,Positive,4,No,High School,Near,Female,68,0.32558139534883723,False,False,True
19,97,Low,Yes,8,64,Medium,Yes,2,Low,High,Public,Positive,3,No,High School,Near,Male,71,0.4186046511627907,True,False,False
14,86,Low,Yes,8,90,Medium,No,3,Medium,Medium,Public,Negative,3,Yes,Postgraduate,Near,Male,65,0.3023255813953489,False,False,True
17,78,Medium,No,8,98,Low,Yes,2,Medium,Medium,Private,Positive,2,No,High School,Near,Male,66,0.37209302325581395,False,False,True
13,62,High,No,7,99,Medium,Yes,4,Medium,Low,Public,Positive,1,No,Postgraduate,Moderate,Female,63,0.27906976744186046,False,True,False
32,97,High,No,5,82,Medium,Yes,1,Medium,Medium,Public,Neutral,3,No,High School,Moderate,Male,74,0.7209302325581395,False,False,True
20,79,Low,Yes,7,87,Low,No,2,Medium,High,Private,Neutral,4,Yes,High School,Near,Female,66,0.4418604651162791,True,False,False
16,61,Low,No,8,91,High,Yes,2,Medium,High,Public,Neutral,3,No,College,Moderate,Male,63,0.3488372093023256,False,False,True
21,88,Medium,Yes,6,90,High,Yes,2,High,Medium,Private,Neutral,4,No,High School,Moderate,Male,72,0.46511627906976744,True,False,False
19,79,High,No,7,100,Low,Yes,1,High,High,Public,Positive,2,No,College,Far,Female,69,0.4186046511627907,False,False,True
19,65,High,Yes,9,91,Medium,Yes,1,Medium,High,Public,Positive,4,No,College,Near,Male,67,0.4186046511627907,False,False,True
24,69,High,No,5,83,Low,Yes,3,Low,Medium,Private,Neutral,3,No,High School,Near,Male,66,0.5348837209302325,False,True,False
25,63,Medium,No,7,69,Medium,Yes,0,Low,High,Private,Negative,5,No,High School,Moderate,Female,64,0.5581395348837209,True,False,False
17,83,Medium,No,9,80,Medium,Yes,4,Medium,High,Public,Negative,2,No,College,Near,Female,67,0.37209302325581395,False,True,False
17,85,Low,No,7,94,High,Yes,4,Low,Medium,Public,Positive,3,No,College,Near,Female,69,0.37209302325581395,False,False,True
18,80,Low,Yes,6,65,Medium,Yes,2,Low,High,Public,Negative,2,No,College,Near,Female,65,0.3953488372093023,False,False,True
6,93,Medium,No,7,52,High,Yes,0,Medium,Medium,Public,Neutral,2,No,College,Near,Female,64,0.11627906976744186,False,False,True
11,94,Low,Yes,8,66,High,No,1,High,Low,Public,Neutral,4,No,High School,Near,Female,65,0.23255813953488375,False,False,True
28,85,High,Yes,7,98,Medium,Yes,2,Low,High,Private,Positive,1,Yes,High School,Near,Male,72,0.627906976744186,False,False,True
30,61,High,Yes,8,90,Medium,Yes,2,Low,High,Public,Negative,2,No,High School,Moderate,Female,66,0.6744186046511628,False,True,False
19,88,Low,No,7,59,Medium,Yes,2,Low,Medium,Public,Neutral,3,No,College,Near,Female,66,0.4186046511627907,False,False,True
23,77,High,Yes,7,51,Medium,Yes,1,Low,Low,Private,Positive,3,No,College,Moderate,Male,67,0.5116279069767441,True,False,False
22,83,Medium,Yes,8,83,High,Yes,1,High,Medium,Private,Negative,3,Yes,Postgraduate,Moderate,Male,69,0.48837209302325585,False,False,True
38,86,High,Yes,7,79,Low,Yes,3,Low,Medium,Public,Negative,3,No,High School,Near,Male,73,0.8604651162790697,False,True,False
27,74,High,No,6,54,Medium,Yes,3,Medium,Medium,Public,Neutral,3,No,College,Near,Female,69,0.6046511627906976,False,False,True
19,97,Low,No,8,98,Medium,Yes,1,Low,Medium,Private,Neutral,4,Yes,High School,Near,Male,68,0.4186046511627907,False,False,True
14,65,Medium,Yes,7,81,Medium,Yes,1,Low,Medium,Public,Positive,3,No,High School,Moderate,Female,61,0.3023255813953489,False,True,False
10,87,Low,Yes,6,83,Medium,No,0,Low,Medium,Public,Positive,4,No,High School,Near,Male,63,0.20930232558139533,False,False,True
21,60,High,Yes,8,93,Low,Yes,0,Low,Medium,Public,Positive,2,No,High School,Far,Female,63,0.46511627906976744,False,False,True
15,97,Medium,Yes,9,67,Medium,Yes,1,Low,High,Public,Neutral,2,No,College,Near,Male,68,0.32558139534883723,False,True,False
11,65,High,No,7,78,Medium,Yes,2,Low,Medium,Public,Neutral,3,No,Postgraduate,Near,Female,63,0.23255813953488375,False,False,True
16,64,Medium,Yes,7,79,Medium,Yes,3,Medium,Medium,Private,Positive,4,Yes,Postgraduate,Near,Female,66,0.3488372093023256,True,False,False
14,73,Medium,Yes,5,98,Medium,Yes,2,Low,Medium,Public,Negative,4,No,High School,Moderate,Female,65,0.3023255813953489,True,False,False
30,75,High,No,7,57,High,Yes,0,Low,Medium,Public,Neutral,1,Yes,College,Near,Female,68,0.6744186046511628,True,False,False
25,69,Medium,Yes,7,88,High,Yes,0,Low,Medium,Public,Negative,4,No,College,Near,Female,66,0.5581395348837209,False,False,True
20,83,Low,No,7,79,Low,No,2,Medium,Medium,Public,Positive,5,No,Postgraduate,Moderate,Male,66,0.4418604651162791,False,True,False
29,78,Medium,No,6,92,Medium,Yes,2,Low,Medium,Private,Negative,4,No,High School,Near,Male,70,0.6511627906976744,True,False,False
20,61,Low,Yes,8,92,Medium,Yes,0,Medium,Medium,Public,Negative,2,No,High School,Near,Female,61,0.4418604651162791,False,True,False
15,73,Low,Yes,7,51,Medium,Yes,2,Low,High,Private,Negative,3,No,High School,Moderate,Male,61,0.32558139534883723,False,False,True
29,92,Medium,Yes,10,63,High,Yes,1,Low,High,Private,Negative,4,No,High School,Moderate,Male,71,0.6511627906976744,False,False,True
23,88,Medium,Yes,7,59,Medium,Yes,1,Medium,Medium,Public,Negative,2,No,High School,Near,Male,67,0.5116279069767441,False,True,False
14,89,High,Yes,4,73,Medium,Yes,2,Medium,High,Public,Negative,3,No,College,Near,Male,70,0.3023255813953489,True,False,False
19,88,Medium,No,5,95,Medium,Yes,2,Low,Medium,Private,Negative,4,No,College,Moderate,Male,69,0.4186046511627907,True,False,False
15,72,High,No,8,50,Medium,Yes,2,Medium,Medium,Public,Neutral,4,No,High School,Near,Female,65,0.32558139534883723,True,False,False
12,64,Low,Yes,6,74,High,Yes,0,Medium,Medium,Public,Positive,2,No,High School,Moderate,Male,61,0.2558139534883721,True,False,False
26,71,Low,No,6,94,Low,Yes,3,Low,Medium,Public,Positive,4,No,Postgraduate,Near,Male,68,0.5813953488372092,False,False,True
31,93,Low,Yes,5,96,Medium,Yes,2,Low,Medium,Public,Positive,2,No,High School,Near,Male,74,0.6976744186046511,True,False,False
12,99,Medium,No,6,83,Low,Yes,1,Medium,Medium,Public,Negative,3,No,High School,Near,Female,67,0.2558139534883721,False,False,True
23,80,Medium,Yes,7,91,Low,Yes,5,High,Medium,Public,Negative,1,No,High School,Near,Female,70,0.5116279069767441,False,False,True
16,60,Medium,Yes,8,66,Low,Yes,1,High,High,Private,Neutral,2,Yes,High School,Moderate,Female,59,0.3488372093023256,False,True,False
17,66,High,No,5,64,Low,Yes,0,Medium,High,Private,Neutral,2,No,College,Near,Male,64,0.37209302325581395,True,False,False
16,73,Medium,Yes,8,52,Medium,Yes,2,Medium,High,Public,Positive,4,No,College,Near,Female,66,0.3488372093023256,True,False,False
15,83,Low,Yes,5,75,Medium,Yes,1,Medium,Medium,Public,Neutral,3,No,High School,Far,Female,63,0.32558139534883723,False,True,False
20,63,Low,Yes,8,73,Low,Yes,0,High,Medium,Public,Neutral,3,No,College,Near,Female,61,0.4418604651162791,False,True,False
15,98,High,Yes,8,69,Low,Yes,2,Low,Medium,Public,Neutral,4,No,High School,Moderate,Female,68,0.32558139534883723,False,True,False
22,75,Medium,No,6,56,Low,Yes,3,Medium,Medium,Private,Positive,3,No,High School,Far,Male,65,0.48837209302325585,False,False,True
20,97,High,No,5,62,Medium,Yes,1,Medium,Medium,Private,Neutral,4,No,High School,Far,Male,69,0.4418604651162791,False,False,True
19,91,Low,Yes,8,60,Medium,Yes,2,Low,Medium,Private,Neutral,4,No,High School,Moderate,Male,68,0.4186046511627907,True,False,False
15,90,Low,Yes,6,97,Low,Yes,2,High,High,Public,Positive,2,No,High School,Near,Male,69,0.32558139534883723,False,False,True
17,84,Low,Yes,7,98,High,Yes,1,Low,High,Public,Neutral,2,No,College,Far,Female,67,0.37209302325581395,False,False,True
25,85,High,No,8,50,High,Yes,1,High,Medium,Public,Neutral,1,No,College,Moderate,Female,70,0.5581395348837209,True,False,False
23,86,Medium,Yes,8,59,Low,Yes,1,Low,Medium,Public,Neutral,3,No,Postgraduate,Moderate,Female,68,0.5116279069767441,False,False,True
14,85,Medium,No,6,94,Low,Yes,0,High,Medium,Public,Positive,4,No,College,Near,Male,67,0.3023255813953489,False,False,True
21,82,Medium,No,7,52,Medium,Yes,4,Low,Medium,Public,Neutral,3,No,High School,Far,Male,67,0.46511627906976744,True,False,False
25,99,Medium,Yes,6,97,High,Yes,0,Medium,Medium,Public,Positive,3,No,College,Moderate,Male,75,0.5581395348837209,True,False,False
10,89,Low,Yes,8,69,Low,Yes,3,Low,Medium,Public,Negative,4,No,College,Moderate,Male,63,0.20930232558139533,False,True,False
23,91,Medium,No,9,77,High,Yes,1,Low,Medium,Public,Positive,5,No,High School,Near,Male,70,0.5116279069767441,False,True,False
16,95,Low,Yes,6,88,Low,Yes,2,High,High,Public,Positive,4,No,High School,Near,Female,70,0.3488372093023256,False,False,True
23,69,High,Yes,7,62,Medium,Yes,1,Medium,Medium,Public,Neutral,4,Yes,High School,Far,Male,64,0.5116279069767441,False,False,True
15,63,Low,No,8,55,Low,Yes,0,Medium,Low,Public,Neutral,3,No,College,Near,Female,59,0.32558139534883723,False,False,True
9,79,Low,No,7,90,High,Yes,1,High,Low,Public,Neutral,3,No,High School,Near,Male,63,0.18604651162790697,False,False,True
10,81,Medium,Yes,8,99,Medium,No,2,Medium,Medium,Public,Positive,4,No,Postgraduate,Moderate,Female,67,0.20930232558139533,True,False,False
20,93,High,Yes,7,83,Medium,Yes,0,Medium,Medium,Private,Negative,2,Yes,High School,Near,Male,68,0.4418604651162791,False,True,False
22,78,Medium,Yes,5,91,Low,Yes,0,Medium,High,Private,Negative,3,No,Postgraduate,Near,Male,68,0.48837209302325585,False,False,True
15,83,Medium,No,7,97,Medium,Yes,2,Low,High,Private,Neutral,2,No,High School,Near,Female,97,0.32558139534883723,False,False,True
24,81,Low,No,9,61,Medium,Yes,1,Low,Low,Public,Positive,4,No,College,Near,Female,66,0.5348837209302325,False,False,True
10,62,Low,No,7,68,High,Yes,3,Medium,Medium,Public,Neutral,3,No,Postgraduate,Near,Male,61,0.20930232558139533,False,False,True
20,85,Medium,No,9,61,High,Yes,2,High,Medium,Public,Positive,3,No,College,Near,Male,70,0.4418604651162791,True,False,False
13,93,Low,Yes,4,53,High,Yes,1,Medium,Low,Public,Positive,1,No,Postgraduate,Near,Male,65,0.27906976744186046,False,True,False
16,66,Medium,Yes,8,87,High,Yes,3,Medium,Medium,Public,Positive,2,No,High School,Moderate,Female,64,0.3488372093023256,False,True,False
20,84,High,Yes,6,57,High,Yes,2,Medium,Medium,Public,Positive,4,No,High School,Far,Female,69,0.4418604651162791,False,False,True
15,84,High,No,6,55,Low,Yes,1,Medium,Medium,Private,Negative,2,No,High School,Near,Male,64,0.32558139534883723,False,False,True
18,67,Low,Yes,9,68,Low,Yes,2,Low,High,Private,Negative,2,No,Postgraduate,Near,Male,61,0.3953488372093023,False,True,False
26,65,Medium,No,7,53,Low,Yes,3,High,Medium,Public,Positive,2,No,High School,Near,Female,64,0.5813953488372092,False,True,False
17,99,High,No,6,59,Medium,Yes,0,Medium,Medium,Public,Neutral,3,No,High School,Moderate,Male,68,0.37209302325581395,False,False,True
25,76,High,No,8,53,High,Yes,1,High,High,Public,Positive,3,Yes,High School,Far,Female,67,0.5581395348837209,False,False,True
13,69,Low,No,4,94,Medium,Yes,3,Low,Low,Public,Positive,3,Yes,High School,Near,Male,62,0.27906976744186046,True,False,False
23,67,Medium,Yes,9,89,Medium,Yes,2,Low,High,Public,Neutral,2,No,High School,Near,Female,66,0.5116279069767441,False,False,True
29,87,High,Yes,10,93,High,Yes,1,Low,Medium,Public,Neutral,4,No,High School,Moderate,Male,72,0.6511627906976744,False,False,True
5,84,Medium,Yes,8,93,High,Yes,4,High,High,Public,Positive,3,No,College,Moderate,Male,68,0.09302325581395349,False,False,True
15,86,High,Yes,8,97,Medium,Yes,4,High,Medium,Public,Positive,3,No,High School,Near,Male,71,0.32558139534883723,False,False,True
23,64,Medium,Yes,7,59,High,Yes,3,Medium,Medium,Public,Positive,2,No,High School,Moderate,Female,65,0.5116279069767441,False,False,True
19,96,Low,Yes,5,95,Low,No,2,Medium,Low,Private,Neutral,3,No,High School,Moderate,Female,68,0.4186046511627907,False,False,True
22,76,Low,No,9,76,Medium,Yes,2,Low,High,Public,Neutral,5,No,High School,Far,Female,65,0.48837209302325585,False,False,True
16,73,Low,Yes,8,58,Medium,Yes,1,Medium,Medium,Public,Neutral,4,No,High School,Near,Female,64,0.3488372093023256,True,False,False
21,78,Low,No,8,83,Medium,Yes,2,Medium,Medium,Public,Positive,4,Yes,High School,Far,Male,65,0.46511627906976744,False,False,True
19,76,High,Yes,8,66,Low,Yes,0,Low,High,Private,Negative,4,Yes,High School,Near,Male,65,0.4186046511627907,True,False,False
27,95,Medium,No,7,52,High,Yes,3,Medium,High,Private,Negative,3,No,College,Moderate,Female,73,0.6046511627906976,True,False,False
22,97,High,Yes,6,54,Medium,Yes,1,Low,High,Public,Positive,3,No,Postgraduate,Near,Male,72,0.48837209302325585,False,False,True
22,72,Medium,Yes,10,71,Medium,Yes,1,Medium,Medium,Private,Negative,1,No,College,Near,Male,64,0.48837209302325585,False,True,False
18,95,Medium,Yes,7,91,Low,Yes,0,Low,Medium,Public,Positive,4,Yes,Postgraduate,Moderate,Male,69,0.3953488372093023,False,False,True
17,91,Medium,No,6,66,High,Yes,1,High,Medium,Private,Positive,3,No,High School,Near,Male,69,0.37209302325581395,False,False,True
17,97,High,Yes,9,88,Medium,No,0,Medium,Medium,Public,Positive,2,No,High School,Near,Male,70,0.37209302325581395,False,False,True
22,70,Medium,No,7,53,Low,Yes,1,Low,Medium,Public,Positive,3,No,High School,Near,Female,83,0.48837209302325585,False,True,False
17,83,Medium,No,7,70,Low,Yes,3,Low,Medium,Private,Neutral,5,No,Postgraduate,Near,Female,68,0.37209302325581395,True,False,False
22,71,High,Yes,9,56,High,Yes,1,Low,High,Public,Neutral,3,Yes,College,Near,Female,84,0.48837209302325585,False,True,False
32,93,Medium,Yes,8,93,High,Yes,1,Medium,High,Public,Negative,3,No,Postgraduate,Far,Female,75,0.7209302325581395,False,False,True
25,60,High,No,8,98,Medium,Yes,1,Medium,Medium,Public,Neutral,5,No,Postgraduate,Near,Female,67,0.5581395348837209,False,True,False
18,83,High,Yes,5,66,Medium,Yes,0,High,Medium,Private,Positive,4,No,Postgraduate,Near,Male,69,0.3953488372093023,False,False,True
27,74,Medium,No,8,99,High,No,3,Medium,Medium,Public,Positive,4,No,High School,Near,Male,71,0.6046511627906976,True,False,False
18,73,Low,Yes,5,88,Medium,Yes,1,Medium,Medium,Public,Positive,5,No,College,Near,Female,66,0.3953488372093023,False,False,True
8,86,High,No,6,50,High,Yes,1,Medium,Medium,Public,Positive,2,No,College,Near,Male,65,0.16279069767441862,False,False,True
14,94,Medium,No,7,74,Medium,Yes,1,High,Medium,Private,Positive,5,No,College,Near,Male,70,0.3023255813953489,True,False,False
9,84,Low,No,7,92,High,Yes,1,Low,High,Public,Negative,4,No,Postgraduate,Near,Male,66,0.18604651162790697,True,False,False
18,94,Medium,Yes,8,77,Medium,Yes,3,Medium,High,Public,Positive,4,No,Postgraduate,Near,Male,74,0.3953488372093023,True,False,False
20,71,Medium,No,8,77,Medium,Yes,0,High,Medium,Private,Neutral,4,No,High School,Moderate,Male,66,0.4418604651162791,True,False,False
30,81,High,No,8,72,Low,Yes,0,Low,Medium,Public,Neutral,2,No,High School,Moderate,Male,68,0.6744186046511628,False,False,True
22,78,High,Yes,5,70,Medium,Yes,2,Low,Medium,Public,Positive,1,No,College,Near,Male,68,0.48837209302325585,False,False,True
19,60,High,No,10,51,Medium,Yes,0,Medium,Medium,Public,Positive,3,Yes,College,Near,Female,62,0.4186046511627907,False,False,True
25,82,High,Yes,7,81,Medium,Yes,2,Medium,Medium,Private,Neutral,2,No,Postgraduate,Moderate,Male,71,0.5581395348837209,False,False,True
7,86,Low,No,9,88,Medium,Yes,2,Low,Medium,Public,Negative,2,No,College,Near,Female,63,0.13953488372093026,False,False,True
21,84,High,No,4,90,Medium,Yes,2,Medium,Low,Public,Neutral,3,No,High School,Far,Male,69,0.46511627906976744,True,False,False
25,89,Medium,Yes,7,81,High,Yes,3,Medium,Medium,Public,Negative,0,No,College,Near,Male,71,0.5581395348837209,False,False,True
11,83,Low,Yes,5,67,Medium,Yes,1,Medium,Medium,Public,Positive,2,No,Postgraduate,Near,Male,66,0.23255813953488375,True,False,False
27,63,High,No,6,51,Low,Yes,0,Low,Medium,Public,Positive,2,No,Postgraduate,Moderate,Male,64,0.6046511627906976,False,False,True
22,65,Medium,Yes,7,95,Low,Yes,3,Low,Medium,Public,Positive,2,No,High School,Moderate,Female,65,0.48837209302325585,False,False,True
18,84,High,No,6,71,Medium,Yes,4,Medium,Low,Public,Positive,2,No,High School,Near,Female,69,0.3953488372093023,False,False,True
24,71,Low,No,9,80,Medium,Yes,2,Medium,High,Private,Positive,3,No,High School,Near,Female,66,0.5348837209302325,False,False,True
34,63,High,Yes,10,60,Low,Yes,1,Medium,Medium,Public,Negative,4,No,High School,Near,Female,67,0.7674418604651162,False,False,True
21,77,Low,Yes,6,57,Medium,Yes,4,Low,Medium,Public,Negative,5,No,High School,Far,Male,65,0.46511627906976744,False,False,True
21,82,Low,Yes,6,54,High,Yes,3,Low,Medium,Public,Negative,2,No,College,Moderate,Male,65,0.46511627906976744,False,True,False
17,73,Medium,No,5,90,High,Yes,1,Low,Medium,Private,Positive,4,No,High School,Near,Male,67,0.37209302325581395,True,False,False
15,89,Medium,Yes,9,82,Low,Yes,1,Medium,Medium,Public,Neutral,3,No,College,Near,Male,66,0.32558139534883723,False,True,False
25,86,Medium,Yes,7,81,Low,Yes,1,High,Low,Public,Positive,1,No,High School,Near,Male,69,0.5581395348837209,False,False,True
15,73,High,No,7,96,Low,Yes,1,Low,Medium,Public,Negative,2,No,College,Near,Male,64,0.32558139534883723,False,False,True
20,90,Medium,Yes,7,58,High,Yes,1,High,High,Private,Neutral,4,No,High School,Near,Male,70,0.4418604651162791,False,False,True
17,86,Medium,Yes,7,59,Low,Yes,3,Low,Medium,Public,Positive,3,No,Postgraduate,Moderate,Male,68,0.37209302325581395,True,False,False
23,85,Low,Yes,6,59,Low,Yes,1,Medium,Medium,Public,Negative,1,No,High School,Near,Male,68,0.5116279069767441,True,False,False
22,82,Medium,Yes,7,71,Low,Yes,1,High,Medium,Private,Positive,3,No,High School,Near,Female,69,0.48837209302325585,True,False,False
26,60,Medium,Yes,7,94,High,Yes,3,High,Medium,Public,Positive,2,No,High School,Moderate,Female,68,0.5813953488372092,False,False,True
17,88,Medium,Yes,8,94,Medium,Yes,5,Medium,Medium,Public,Neutral,2,Yes,College,Near,Female,70,0.37209302325581395,False,False,True
18,75,Medium,Yes,5,80,Medium,Yes,2,Low,High,Public,Neutral,3,No,High School,Near,Female,67,0.3953488372093023,True,False,False
14,98,High,Yes,7,83,Medium,No,3,Low,Medium,Public,Positive,3,No,College,Near,Male,72,0.3023255813953489,True,False,False
17,93,Low,No,6,95,Medium,Yes,1,Low,Medium,Public,Neutral,4,No,High School,Near,Male,69,0.37209302325581395,True,False,False
22,84,Medium,No,7,81,Medium,Yes,1,Medium,Low,Private,Positive,3,No,High School,Moderate,Male,69,0.48837209302325585,True,False,False
25,70,Medium,Yes,8,61,Low,No,3,Low,Medium,Public,Positive,4,No,College,Moderate,Female,64,0.5581395348837209,False,True,False
14,68,Medium,Yes,6,85,Medium,Yes,2,Medium,Medium,Public,Neutral,3,No,High School,Near,Female,63,0.3023255813953489,False,True,False
25,74,High,Yes,9,88,Medium,Yes,3,Medium,High,Public,Neutral,3,Yes,High School,Near,Male,70,0.5581395348837209,True,False,False
28,79,Medium,Yes,4,82,Medium,Yes,0,Medium,Medium,Private,Positive,3,No,High School,Near,Male,70,0.627906976744186,True,False,False
22,72,Medium,Yes,9,64,Low,Yes,1,Medium,Medium,Public,Negative,2,No,College,Near,Female,66,0.48837209302325585,True,False,False
31,81,Medium,No,9,70,Low,Yes,1,Low,Medium,Public,Neutral,4,No,Postgraduate,Near,Female,70,0.6976744186046511,False,False,True
15,67,High,Yes,6,74,High,Yes,0,High,Medium,Public,Positive,2,No,Postgraduate,Near,Female,66,0.32558139534883723,False,False,True
13,99,Medium,Yes,6,57,Medium,Yes,1,Low,Medium,Public,Negative,5,No,College,Near,Male,68,0.27906976744186046,False,False,True
9,64,Medium,No,5,73,Medium,Yes,1,Medium,Medium,Public,Positive,4,No,College,Near,Male,61,0.18604651162790697,False,False,True
29,97,Medium,No,8,58,Medium,Yes,1,High,Medium,Private,Negative,4,No,College,Moderate,Female,72,0.6511627906976744,False,False,True
24,97,Low,No,7,75,Low,Yes,1,Medium,Medium,Public,Negative,2,No,High School,Moderate,Female,69,0.5348837209302325,True,False,False
20,81,Low,Yes,6,53,Low,Yes,0,Medium,Low,Public,Neutral,4,No,High School,Far,Female,63,0.4418604651162791,False,False,True
22,89,High,Yes,5,97,Medium,Yes,2,Medium,Medium,Private,Neutral,5,No,High School,Near,Male,72,0.48837209302325585,False,False,True
13,77,Medium,Yes,10,62,Medium,Yes,1,High,Medium,Private,Neutral,4,No,College,Moderate,Male,65,0.27906976744186046,False,False,True
35,85,High,Yes,6,73,High,Yes,1,High,Medium,Public,Negative,5,No,High School,Moderate,Female,74,0.7906976744186046,False,False,True
21,74,Low,Yes,7,52,Low,Yes,1,High,Medium,Public,Negative,4,No,High School,Far,Male,62,0.46511627906976744,False,False,True
21,72,Medium,No,7,60,Low,Yes,0,Low,Medium,Private,Neutral,4,No,Postgraduate,Near,Male,65,0.46511627906976744,True,False,False
24,83,High,No,6,85,Low,Yes,1,Low,High,Public,Neutral,4,No,High School,Moderate,Female,68,0.5348837209302325,False,True,False
23,80,Low,Yes,6,56,Medium,Yes,3,Medium,Medium,Public,Positive,2,Yes,High School,Near,Male,66,0.5116279069767441,False,False,True
21,83,Medium,Yes,6,81,Low,Yes,3,High,Medium,Public,Negative,4,No,Postgraduate,Moderate,Male,71,0.46511627906976744,True,False,False
15,71,High,No,8,50,Low,Yes,1,Medium,Medium,Public,Neutral,2,Yes,Postgraduate,Near,Female,62,0.32558139534883723,False,False,True
23,75,High,Yes,6,73,Low,Yes,1,Low,Medium,Public,Positive,2,No,High School,Moderate,Female,65,0.5116279069767441,False,True,False
31,63,High,No,9,86,Low,Yes,0,High,Medium,Public,Neutral,3,No,Postgraduate,Moderate,Male,68,0.6976744186046511,False,False,True
28,62,High,No,6,96,Medium,Yes,4,Medium,High,Public,Positive,3,No,High School,Near,Male,70,0.627906976744186,False,False,True
30,70,Medium,No,8,75,Medium,Yes,1,Medium,Medium,Private,Positive,2,No,High School,Near,Female,67,0.6744186046511628,False,True,False
17,63,Medium,No,4,92,Medium,Yes,2,Low,Medium,Public,Negative,4,No,High School,Near,Female,63,0.37209302325581395,False,False,True
14,64,High,Yes,6,90,Low,Yes,0,Low,High,Private,Negative,2,No,High School,Near,Female,63,0.3023255813953489,True,False,False
19,93,High,No,6,65,Medium,Yes,0,Medium,High,Public,Neutral,3,No,High School,Near,Male,69,0.4186046511627907,False,False,True
20,62,Medium,Yes,5,94,High,Yes,3,Medium,Medium,Public,Neutral,3,No,Postgraduate,Near,Male,66,0.4418604651162791,False,True,False
27,86,Medium,Yes,7,82,Low,Yes,2,Low,Medium,Public,Positive,3,No,High School,Moderate,Female,70,0.6046511627906976,False,False,True
10,71,Medium,Yes,7,55,High,Yes,2,Low,High,Public,Positive,3,No,College,Near,Female,63,0.20930232558139533,False,False,True
29,95,Medium,Yes,4,97,Medium,Yes,0,Medium,Medium,Private,Positive,4,Yes,College,Moderate,Female,72,0.6511627906976744,False,True,False
19,79,Medium,Yes,10,59,Low,Yes,1,Medium,Medium,Public,Neutral,3,Yes,College,Moderate,Male,65,0.4186046511627907,True,False,False
17,72,High,Yes,7,74,Low,Yes,2,High,Medium,Public,Positive,4,No,Postgraduate,Far,Male,67,0.37209302325581395,False,False,True
14,81,Medium,Yes,7,73,Low,No,1,High,Medium,Private,Positive,3,Yes,High School,Moderate,Male,63,0.3023255813953489,False,False,True
10,75,Medium,No,9,81,Medium,Yes,3,Low,High,Public,Negative,5,No,High School,Near,Female,65,0.20930232558139533,True,False,False
25,83,Medium,Yes,8,83,Medium,Yes,2,Low,Medium,Public,Neutral,1,Yes,High School,Moderate,Female,67,0.5581395348837209,False,False,True
20,65,Low,Yes,7,62,High,Yes,0,Medium,Medium,Public,Neutral,0,Yes,Postgraduate,Near,Male,80,0.4418604651162791,False,False,True
12,100,Medium,Yes,4,68,Medium,Yes,2,Low,Medium,Public,Neutral,3,No,College,Far,Male,68,0.2558139534883721,False,False,True
12,77,Medium,Yes,8,57,Medium,Yes,2,Low,High,Public,Negative,2,No,College,Moderate,Male,63,0.2558139534883721,False,False,True
18,74,Medium,No,6,56,Medium,Yes,1,Medium,Medium,Private,Positive,3,No,College,Moderate,Male,64,0.3953488372093023,False,False,True
30,88,Medium,No,9,91,Medium,Yes,3,Medium,Low,Public,Positive,3,No,High School,Near,Female,73,0.6744186046511628,False,False,True
18,75,Medium,Yes,6,88,Low,Yes,2,Medium,High,Public,Negative,1,Yes,Postgraduate,Near,Female,66,0.3953488372093023,False,False,True
11,93,Medium,Yes,6,72,Low,Yes,2,Low,Medium,Public,Negative,3,No,College,Moderate,Male,66,0.23255813953488375,False,False,True
19,78,High,No,5,55,Medium,Yes,0,Medium,Medium,Public,Neutral,4,No,High School,Moderate,Male,66,0.4186046511627907,True,False,False
18,89,High,Yes,5,72,Low,Yes,4,Medium,Low,Public,Neutral,2,No,High School,Near,Female,69,0.3953488372093023,False,False,True
4,64,High,Yes,7,65,Medium,Yes,1,Medium,High,Public,Negative,4,No,High School,Far,Male,59,0.06976744186046512,False,False,True
20,94,Medium,No,7,89,Medium,Yes,0,Low,Medium,Private,Neutral,1,No,High School,Near,Male,68,0.4418604651162791,False,False,True
19,89,Medium,No,6,55,Medium,Yes,1,Low,Medium,Private,Neutral,3,No,Postgraduate,Moderate,Female,67,0.4186046511627907,False,False,True
24,68,Medium,Yes,10,73,Low,Yes,1,Medium,Medium,Public,Neutral,4,Yes,High School,Moderate,Female,64,0.5348837209302325,False,False,True
31,66,High,Yes,8,80,Low,Yes,0,Low,Low,Private,Negative,4,No,High School,Near,Female,65,0.6976744186046511,False,True,False
27,73,Medium,No,7,99,Low,Yes,1,Low,Medium,Public,Positive,4,No,College,Near,Male,68,0.6046511627906976,False,False,True
18,99,High,Yes,4,54,Low,Yes,0,Medium,Medium,Public,Positive,3,No,Postgraduate,Moderate,Male,70,0.3953488372093023,False,False,True
13,70,Medium,No,8,56,Medium,Yes,2,Medium,High,Public,Neutral,0,No,High School,Near,Male,62,0.27906976744186046,False,False,True
35,78,Low,Yes,10,99,Medium,Yes,1,Low,Medium,Private,Positive,2,No,High School,Near,Male,72,0.7906976744186046,True,False,False
20,61,Low,Yes,7,70,Low,Yes,1,Medium,Medium,Private,Positive,4,No,High School,Moderate,Female,62,0.4418604651162791,False,False,True
20,76,High,Yes,6,87,Low,Yes,1,Low,Medium,Public,Negative,4,No,Postgraduate,Moderate,Male,68,0.4418604651162791,True,False,False
20,83,Medium,No,7,89,Medium,Yes,3,Low,High,Private,Negative,4,No,High School,Near,Female,69,0.4418604651162791,True,False,False
21,98,Medium,No,5,66,Low,Yes,3,High,High,Public,Positive,5,No,High School,Near,Male,73,0.46511627906976744,True,False,False
19,81,High,No,8,61,Low,Yes,3,Medium,Medium,Private,Negative,5,No,Postgraduate,Near,Male,69,0.4186046511627907,True,False,False
17,93,Medium,Yes,9,64,Medium,Yes,1,Medium,Medium,Public,Neutral,3,No,High School,Moderate,Female,67,0.37209302325581395,False,False,True
17,82,Low,No,6,88,Low,Yes,2,Low,Low,Private,Neutral,3,No,Postgraduate,Near,Male,65,0.37209302325581395,False,False,True
20,62,Low,No,6,92,High,Yes,2,Medium,Medium,Public,Positive,3,No,Postgraduate,Moderate,Male,63,0.4418604651162791,False,True,False
17,73,Medium,Yes,7,85,Medium,Yes,2,Low,Medium,Public,Positive,2,No,High School,Moderate,Male,66,0.37209302325581395,True,False,False
16,83,Medium,No,6,72,Medium,Yes,1,Low,High,Public,Positive,2,No,College,Near,Male,66,0.3488372093023256,False,False,True
21,98,High,No,5,63,Low,Yes,0,Low,High,Public,Neutral,2,No,Postgraduate,Near,Male,70,0.46511627906976744,False,False,True
18,94,Medium,No,6,71,Low,Yes,2,High,Medium,Public,Neutral,3,No,Postgraduate,Far,Male,69,0.3953488372093023,False,False,True
29,69,High,No,6,96,Low,Yes,1,High,Medium,Public,Positive,4,No,High School,Near,Female,70,0.6511627906976744,False,False,True
4,69,Low,No,9,93,Low,No,2,Medium,High,Private,Negative,3,No,High School,Moderate,Female,58,0.06976744186046512,False,False,True
27,68,Medium,No,9,66,Medium,Yes,3,High,Medium,Private,Positive,3,No,High School,Far,Male,67,0.6046511627906976,False,False,True
27,97,High,Yes,9,66,Low,Yes,1,Low,Medium,Public,Positive,3,No,High School,Far,Male,73,0.6046511627906976,True,False,False
8,94,Low,No,8,89,High,Yes,0,Medium,Medium,Public,Neutral,2,No,High School,Near,Female,66,0.16279069767441862,True,False,False
18,91,High,Yes,7,71,High,Yes,0,Medium,Medium,Public,Neutral,3,No,High School,Near,Male,70,0.3953488372093023,True,False,False
18,76,High,No,6,79,Medium,Yes,1,Medium,Medium,Private,Positive,2,No,Postgraduate,Far,Female,67,0.3953488372093023,True,False,False
12,80,Low,No,9,71,High,Yes,1,Low,Low,Private,Positive,3,Yes,High School,Moderate,Female,60,0.2558139534883721,False,True,False
15,79,Medium,No,8,62,Low,Yes,1,Low,Low,Public,Positive,3,No,College,Near,Male,65,0.32558139534883723,True,False,False
13,70,Medium,No,5,59,Medium,Yes,0,Medium,High,Private,Positive,2,No,Postgraduate,Near,Female,63,0.27906976744186046,False,False,True
31,80,High,Yes,6,57,Low,Yes,1,Medium,High,Private,Positive,3,No,High School,Near,Female,72,0.6976744186046511,True,False,False
26,61,Medium,Yes,5,51,High,Yes,0,Low,Medium,Private,Neutral,5,No,High School,Moderate,Female,62,0.5813953488372092,False,True,False
28,65,Medium,Yes,4,64,Medium,Yes,6,Medium,High,Public,Neutral,3,No,Postgraduate,Near,Male,70,0.627906976744186,False,False,True
24,95,Low,Yes,8,59,Medium,Yes,2,Low,High,Public,Negative,1,No,College,Moderate,Male,70,0.5348837209302325,True,False,False
13,90,Medium,No,5,63,Medium,Yes,0,Low,Medium,Public,Neutral,4,No,High School,Moderate,Female,64,0.27906976744186046,False,False,True
17,77,Medium,Yes,6,54,Low,Yes,3,Low,Medium,Public,Neutral,4,No,High School,Moderate,Male,64,0.37209302325581395,False,False,True
23,81,Low,Yes,7,67,Medium,Yes,0,Medium,High,Private,Positive,5,No,High School,Moderate,Female,67,0.5116279069767441,False,False,True
13,75,High,Yes,7,76,High,Yes,1,Medium,High,Public,Negative,1,No,High School,Moderate,Male,64,0.27906976744186046,False,False,True
24,90,Medium,Yes,6,97,Low,Yes,1,High,High,Public,Positive,4,No,High School,Near,Male,72,0.5348837209302325,False,False,True
19,91,Low,No,9,67,Medium,Yes,0,Medium,Medium,Private,Negative,3,No,College,Near,Female,66,0.4186046511627907,False,False,True
18,91,Medium,No,5,52,Medium,Yes,2,Medium,Medium,Public,Negative,4,No,High School,Moderate,Female,66,0.3953488372093023,False,False,True
24,89,High,Yes,5,68,Medium,Yes,0,Low,High,Public,Positive,2,No,Postgraduate,Near,Female,71,0.5348837209302325,False,False,True
23,68,Low,No,8,91,Medium,Yes,5,Low,Medium,Public,Negative,5,No,Postgraduate,Near,Female,66,0.5116279069767441,False,True,False
18,74,Low,Yes,6,67,High,Yes,2,Low,High,Public,Neutral,2,No,High School,Near,Male,64,0.3953488372093023,False,False,True
27,79,Low,No,6,65,Low,Yes,0,Medium,Medium,Private,Negative,2,No,College,Near,Male,66,0.6046511627906976,False,False,True
14,73,Low,Yes,5,96,Low,Yes,1,Low,Medium,Public,Negative,3,No,High School,Moderate,Female,62,0.3023255813953489,False,False,True
24,90,Medium,No,8,65,Medium,Yes,4,Low,Medium,Public,Neutral,4,No,High School,Moderate,Male,70,0.5348837209302325,False,False,True
24,73,Medium,Yes,7,99,Medium,Yes,3,Medium,High,Private,Neutral,3,No,High School,Near,Female,69,0.5348837209302325,False,False,True
18,66,Medium,No,7,92,Medium,Yes,2,Low,Medium,Private,Neutral,4,No,High School,Moderate,Male,65,0.3953488372093023,True,False,False
22,76,Medium,Yes,6,84,High,Yes,2,Medium,High,Public,Neutral,3,No,High School,Near,Male,70,0.48837209302325585,True,False,False
12,99,High,Yes,6,80,Medium,No,0,High,Medium,Public,Positive,3,No,High School,Moderate,Male,70,0.2558139534883721,True,False,False
26,69,Medium,Yes,7,61,Medium,Yes,1,High,High,Public,Positive,2,No,College,Near,Male,67,0.5813953488372092,False,False,True
19,84,High,Yes,8,87,Low,Yes,2,Low,High,Public,Positive,3,No,High School,Moderate,Female,69,0.4186046511627907,False,False,True
17,77,Medium,No,9,67,Low,Yes,0,Low,High,Public,Neutral,5,Yes,High School,Near,Female,62,0.37209302325581395,False,True,False
26,63,High,Yes,9,74,Medium,Yes,1,Low,Medium,Private,Positive,4,No,High School,Near,Female,67,0.5813953488372092,False,False,True
16,80,Medium,No,8,55,High,No,0,Low,Medium,Public,Positive,6,No,College,Moderate,Male,65,0.3488372093023256,True,False,False
12,88,Medium,No,8,65,Medium,Yes,0,Low,Medium,Public,Positive,4,No,High School,Near,Male,65,0.2558139534883721,False,False,True
11,81,High,Yes,5,76,Medium,Yes,1,Low,Medium,Public,Neutral,3,No,Postgraduate,Far,Male,65,0.23255813953488375,False,False,True
24,95,Low,Yes,6,73,Medium,No,3,Low,Medium,Public,Positive,2,No,High School,Moderate,Male,69,0.5348837209302325,False,False,True
12,72,Medium,No,8,67,Low,Yes,4,Medium,Medium,Public,Neutral,4,No,High School,Near,Male,63,0.2558139534883721,False,False,True
31,63,High,Yes,7,74,Low,Yes,3,Medium,Medium,Public,Negative,2,No,College,Moderate,Male,66,0.6976744186046511,False,True,False
8,97,High,Yes,8,87,Medium,Yes,0,Medium,Medium,Public,Positive,2,Yes,High School,Near,Male,67,0.16279069767441862,False,False,True
30,75,Medium,No,8,73,High,Yes,1,Medium,Medium,Public,Negative,3,No,College,Near,Male,69,0.6744186046511628,False,False,True
21,83,Medium,Yes,8,75,High,Yes,1,Low,High,Public,Neutral,2,No,High School,Far,Male,67,0.46511627906976744,False,False,True
19,92,Medium,Yes,5,85,Medium,Yes,1,Medium,High,Private,Neutral,4,No,High School,Near,Male,70,0.4186046511627907,False,False,True
17,73,High,Yes,7,92,Medium,Yes,2,High,Medium,Private,Negative,2,No,High School,Moderate,Male,67,0.37209302325581395,True,False,False
22,89,Medium,No,6,76,Medium,Yes,2,Low,Medium,Public,Neutral,4,No,High School,Near,Male,70,0.48837209302325585,True,False,False
20,65,High,Yes,6,97,Medium,Yes,0,Low,Low,Private,Negative,3,No,High School,Moderate,Female,65,0.4418604651162791,True,False,False
27,72,Low,No,4,68,Medium,No,0,Medium,High,Public,Negative,3,Yes,College,Near,Male,63,0.6046511627906976,False,False,True
21,66,Medium,Yes,7,63,Medium,Yes,0,High,Medium,Public,Neutral,3,No,High School,Near,Female,64,0.46511627906976744,False,False,True
21,92,Medium,Yes,4,85,Low,Yes,1,High,Medium,Public,Negative,3,No,High School,Far,Male,69,0.46511627906976744,True,False,False
18,69,Medium,No,8,59,Low,No,1,Low,Medium,Public,Positive,4,No,High School,Near,Female,60,0.3953488372093023,False,True,False
20,89,Medium,Yes,9,95,Medium,Yes,3,Low,Medium,Public,Positive,3,No,High School,Moderate,Male,69,0.4418604651162791,False,True,False
22,98,Low,Yes,8,69,Medium,Yes,4,High,Medium,Private,Positive,2,No,High School,Near,Female,72,0.48837209302325585,False,False,True
10,81,Low,Yes,7,85,Low,Yes,1,Low,Medium,Public,Neutral,2,No,College,Near,Male,63,0.20930232558139533,False,False,True
12,82,Medium,No,9,79,High,Yes,0,Low,Medium,Private,Positive,2,No,College,Moderate,Female,63,0.2558139534883721,False,True,False
24,78,Low,Yes,7,53,High,Yes,0,Medium,Medium,Public,Neutral,4,Yes,High School,Near,Male,66,0.5348837209302325,True,False,False
21,73,Medium,No,6,85,Medium,Yes,6,Medium,High,Public,Neutral,5,No,College,Near,Male,70,0.46511627906976744,False,False,True
19,79,High,Yes,7,90,Medium,Yes,1,High,Medium,Public,Negative,4,No,College,Far,Female,68,0.4186046511627907,False,False,True
20,84,Medium,Yes,10,99,Low,Yes,2,Medium,Medium,Private,Positive,3,No,High School,Moderate,Male,69,0.4418604651162791,False,False,True
22,99,Medium,Yes,5,71,High,Yes,0,Medium,High,Public,Neutral,4,No,College,Near,Female,72,0.48837209302325585,False,False,True
17,98,High,No,5,75,Low,Yes,1,Low,Low,Private,Positive,3,Yes,College,Near,Male,67,0.37209302325581395,False,True,False
15,94,Medium,No,8,94,Low,Yes,1,High,Medium,Public,Positive,4,No,High School,Moderate,Male,68,0.32558139534883723,False,True,False
21,96,High,No,7,63,Medium,Yes,1,Medium,Medium,Private,Negative,2,No,Postgraduate,Far,Female,70,0.46511627906976744,False,False,True
14,79,Medium,Yes,6,59,Medium,Yes,5,Medium,High,Public,Positive,3,No,Postgraduate,Far,Male,68,0.3023255813953489,True,False,False
22,86,Medium,Yes,5,57,High,Yes,2,Medium,Medium,Public,Positive,3,No,College,Moderate,Male,69,0.48837209302325585,False,False,True
10,96,Medium,No,4,99,Medium,Yes,1,Medium,Medium,Private,Negative,5,No,College,Near,Female,68,0.20930232558139533,False,False,True
26,76,Medium,No,5,64,Low,Yes,0,Medium,Medium,Public,Positive,5,No,College,Far,Female,66,0.5813953488372092,False,False,True
23,98,Medium,No,9,88,High,Yes,1,Low,Medium,Public,Negative,4,No,Postgraduate,Moderate,Female,72,0.5116279069767441,False,False,True
22,77,Medium,Yes,7,72,Medium,Yes,2,Medium,High,Public,Neutral,3,No,High School,Near,Male,67,0.48837209302325585,False,False,True
26,84,High,No,4,62,Medium,No,3,High,High,Public,Positive,2,No,High School,Near,Male,70,0.5813953488372092,False,True,False
30,88,Medium,Yes,9,96,Medium,Yes,1,Medium,High,Private,Neutral,3,Yes,High School,Near,Male,73,0.6744186046511628,True,False,False
26,98,Low,Yes,9,73,High,Yes,1,High,Low,Public,Neutral,6,No,Postgraduate,Moderate,Male,73,0.5813953488372092,False,False,True
9,70,Medium,No,9,78,Low,Yes,1,Medium,Low,Public,Neutral,2,No,High School,Near,Female,60,0.18604651162790697,False,False,True
12,90,High,No,6,61,Low,Yes,2,Medium,High,Public,Neutral,3,No,College,Near,Male,67,0.2558139534883721,False,False,True
16,81,Medium,Yes,7,66,Medium,Yes,3,High,High,Private,Positive,4,No,High School,Near,Male,69,0.3488372093023256,True,False,False
20,71,Low,No,7,87,High,Yes,1,Medium,Medium,Public,Negative,5,No,High School,Near,Male,65,0.4418604651162791,False,False,True
23,91,High,Yes,9,67,Low,Yes,2,Low,Medium,Public,Neutral,4,No,High School,Near,Female,70,0.5116279069767441,False,True,False
16,82,High,Yes,6,75,Low,Yes,3,Medium,Medium,Public,Neutral,3,No,College,Moderate,Female,68,0.3488372093023256,True,False,False
21,86,Low,No,6,56,Medium,Yes,1,Low,High,Private,Negative,2,No,College,Near,Female,66,0.46511627906976744,False,False,True
15,73,High,Yes,8,93,Medium,Yes,1,Low,High,Public,Positive,4,No,College,Far,Male,65,0.32558139534883723,False,True,False
16,79,Medium,Yes,9,87,Medium,Yes,1,Low,Medium,Public,Neutral,2,No,College,Moderate,Female,64,0.3488372093023256,False,True,False
12,85,High,Yes,7,88,High,Yes,1,Low,Medium,Public,Neutral,0,No,College,Far,Female,67,0.2558139534883721,True,False,False
14,76,Medium,Yes,8,59,Low,Yes,3,Medium,Medium,Private,Neutral,5,No,High School,Moderate,Male,65,0.3023255813953489,True,False,False
12,68,High,Yes,7,75,Medium,Yes,1,Medium,Low,Private,Positive,4,No,High School,Near,Male,64,0.2558139534883721,True,False,False
14,98,High,No,7,51,Medium,Yes,0,Medium,Low,Public,Positive,1,Yes,High School,Near,Male,67,0.3023255813953489,True,False,False
26,80,Low,Yes,6,66,Medium,Yes,2,High,Medium,Public,Neutral,4,No,Postgraduate,Near,Male,70,0.5813953488372092,False,False,True
14,89,Low,Yes,5,67,Low,No,3,Low,Low,Private,Neutral,3,No,High School,Far,Female,63,0.3023255813953489,False,False,True
36,76,Medium,No,6,96,Medium,Yes,1,Low,Medium,Private,Neutral,2,No,College,Near,Male,71,0.8139534883720929,False,False,True
23,74,Low,No,6,100,Low,Yes,2,High,Low,Private,Positive,3,No,High School,Near,Male,68,0.5116279069767441,True,False,False
21,76,Medium,No,7,81,Medium,Yes,0,Medium,High,Private,Positive,2,No,College,Moderate,Female,67,0.46511627906976744,False,False,True
15,76,High,Yes,9,76,Medium,Yes,1,Medium,High,Public,Neutral,2,No,Postgraduate,Far,Female,67,0.32558139534883723,True,False,False
24,82,Medium,Yes,7,72,Medium,Yes,0,Medium,High,Public,Positive,2,No,Postgraduate,Moderate,Female,68,0.5348837209302325,False,True,False
17,82,Medium,No,6,51,Medium,Yes,1,Low,Medium,Public,Positive,3,No,Postgraduate,Moderate,Male,66,0.37209302325581395,True,False,False
21,80,Medium,Yes,8,90,Medium,Yes,0,Medium,Medium,Public,Negative,4,No,College,Near,Male,68,0.46511627906976744,False,False,True
35,65,Medium,Yes,7,84,High,Yes,0,Medium,Medium,Public,Positive,2,No,High School,Moderate,Male,70,0.7906976744186046,True,False,False
19,80,Low,No,8,82,Medium,Yes,5,Low,Low,Public,Positive,3,No,College,Near,Male,67,0.4186046511627907,False,True,False
27,67,Medium,Yes,6,90,Medium,Yes,2,High,High,Private,Neutral,3,No,High School,Moderate,Male,67,0.6046511627906976,False,True,False
16,65,High,No,9,96,Low,Yes,2,Low,Medium,Public,Negative,2,No,High School,Near,Male,62,0.3488372093023256,False,True,False
20,97,High,No,9,69,Low,Yes,0,Low,Low,Public,Negative,3,Yes,High School,Near,Male,67,0.4418604651162791,False,False,True
31,84,High,No,7,71,Low,Yes,4,Low,Medium,Public,Negative,4,No,High School,Far,Male,70,0.6976744186046511,False,False,True
16,86,High,No,8,99,Medium,Yes,4,Low,High,Private,Neutral,4,No,College,Near,Male,72,0.3488372093023256,True,False,False
31,76,Medium,Yes,9,83,Medium,Yes,2,High,Medium,Private,Negative,3,No,High School,Moderate,Female,70,0.6976744186046511,False,False,True
24,96,High,No,6,93,Medium,Yes,2,Low,Medium,Public,Neutral,2,No,High School,Moderate,Female,94,0.5348837209302325,False,True,False
17,86,Medium,No,7,61,Medium,No,2,High,Medium,Public,Positive,3,No,High School,Moderate,Male,66,0.37209302325581395,False,False,True
24,91,Low,Yes,7,66,High,Yes,2,Low,High,Public,Neutral,3,No,High School,Near,Male,69,0.5348837209302325,False,True,False
26,75,Medium,No,5,70,Low,Yes,0,High,Low,Private,Neutral,2,No,Postgraduate,Near,Male,68,0.5813953488372092,True,False,False
24,98,Low,No,8,66,High,Yes,2,Low,Medium,Public,Positive,1,No,High School,Moderate,Male,71,0.5348837209302325,True,False,False
11,93,Medium,No,9,94,Medium,Yes,4,Low,High,Public,Neutral,4,No,High School,Moderate,Male,69,0.23255813953488375,True,False,False
16,94,Medium,No,7,76,Low,Yes,2,Medium,Medium,Public,Neutral,3,Yes,High School,Near,Female,67,0.3488372093023256,False,False,True
19,67,Medium,Yes,8,98,Medium,Yes,2,Low,Medium,Private,Negative,2,No,Postgraduate,Near,Female,64,0.4186046511627907,False,True,False
20,71,Medium,Yes,9,66,Medium,Yes,1,Medium,Low,Private,Negative,5,Yes,College,Near,Female,63,0.4418604651162791,False,False,True
24,71,High,Yes,6,52,Medium,Yes,2,Medium,Medium,Private,Neutral,3,No,College,Far,Female,66,0.5348837209302325,False,False,True
21,71,Medium,Yes,8,57,Low,No,2,High,Medium,Public,Positive,1,No,Postgraduate,Near,Female,66,0.46511627906976744,True,False,False
12,94,High,Yes,6,61,Medium,Yes,3,High,High,Public,Neutral,4,No,College,Near,Male,69,0.2558139534883721,False,True,False
22,61,Low,Yes,6,82,Low,Yes,4,Medium,Medium,Public,Positive,4,No,High School,Moderate,Female,64,0.48837209302325585,False,True,False
24,63,Medium,No,8,59,Low,Yes,1,Low,Medium,Public,Neutral,3,Yes,High School,Near,Male,62,0.5348837209302325,True,False,False
23,71,Medium,Yes,7,69,High,Yes,3,Low,Medium,Public,Positive,5,Yes,High School,Far,Female,66,0.5116279069767441,False,False,True
26,68,High,Yes,8,90,Medium,Yes,4,Low,High,Private,Neutral,3,No,High School,Near,Male,70,0.5813953488372092,False,False,True
25,69,Medium,Yes,7,56,Medium,Yes,2,Low,Medium,Private,Neutral,4,No,High School,Near,Male,67,0.5581395348837209,True,False,False
23,92,Medium,No,8,54,Medium,Yes,0,High,Low,Public,Positive,1,No,Postgraduate,Near,Female,68,0.5116279069767441,False,True,False
20,83,Low,No,9,77,High,Yes,0,Low,Medium,Public,Positive,3,Yes,High School,Near,Male,67,0.4418604651162791,True,False,False
10,60,Medium,No,9,85,Medium,Yes,0,Medium,High,Public,Positive,4,No,Postgraduate,Near,Male,62,0.20930232558139533,False,False,True
23,77,Medium,Yes,8,96,Medium,Yes,1,High,Medium,Private,Neutral,1,Yes,College,Near,Male,67,0.5116279069767441,False,True,False
21,76,High,Yes,8,83,Medium,Yes,0,Low,Medium,Public,Positive,5,No,High School,Near,Male,68,0.46511627906976744,False,False,True
22,65,Medium,No,7,97,Low,Yes,2,Medium,High,Private,Neutral,4,No,High School,Moderate,Female,64,0.48837209302325585,False,True,False
12,87,Low,Yes,7,62,Medium,No,2,Medium,Medium,Public,Neutral,4,No,High School,Near,Female,64,0.2558139534883721,False,False,True
14,88,Medium,No,8,67,Medium,Yes,2,High,Low,Public,Neutral,3,No,Postgraduate,Far,Male,66,0.3023255813953489,False,False,True
26,89,Low,Yes,7,92,Medium,Yes,2,Low,High,Public,Positive,2,No,Postgraduate,Moderate,Male,72,0.5813953488372092,False,False,True
20,89,High,Yes,8,91,Medium,Yes,2,Medium,Medium,Public,Positive,3,No,High School,Near,Female,72,0.4418604651162791,False,False,True
24,60,High,Yes,9,83,High,Yes,2,Medium,Low,Public,Positive,3,Yes,High School,Near,Male,66,0.5348837209302325,False,False,True
20,98,Medium,No,7,75,High,Yes,4,Medium,Medium,Private,Positive,1,No,College,Near,Male,72,0.4418604651162791,False,True,False
20,93,Medium,Yes,4,51,Low,Yes,1,Medium,Medium,Public,Positive,3,No,High School,Near,Male,69,0.4418604651162791,True,False,False
26,96,High,Yes,10,64,Low,Yes,2,Medium,Medium,Private,Neutral,3,Yes,High School,Near,Female,72,0.5813953488372092,True,False,False
17,61,Low,Yes,6,58,Medium,Yes,1,Medium,High,Public,Neutral,4,No,High School,Near,Male,60,0.37209302325581395,False,True,False
21,97,Medium,Yes,7,53,Medium,Yes,0,High,Medium,Public,Neutral,2,No,High School,Moderate,Male,69,0.46511627906976744,False,False,True
17,92,High,No,8,89,Medium,Yes,0,Low,Low,Public,Positive,3,Yes,High School,Near,Male,68,0.37209302325581395,False,False,True
17,93,Medium,Yes,9,57,High,Yes,3,Low,High,Private,Neutral,2,No,College,Near,Male,69,0.37209302325581395,False,True,False
18,64,Low,Yes,10,68,Low,Yes,1,Low,Medium,Public,Positive,5,No,High School,Near,Male,62,0.3953488372093023,False,False,True
21,90,Medium,Yes,6,99,Low,Yes,2,Low,High,Public,Positive,2,No,High School,Moderate,Male,71,0.46511627906976744,False,False,True
17,98,High,Yes,9,70,Low,Yes,1,High,Medium,Private,Negative,2,No,High School,Near,Male,70,0.37209302325581395,False,False,True
28,87,Low,Yes,7,57,Medium,Yes,2,Medium,High,Private,Negative,4,No,High School,Moderate,Male,68,0.627906976744186,False,True,False
15,83,Medium,Yes,10,84,Medium,Yes,1,High,High,Public,Negative,2,No,College,Near,Male,68,0.32558139534883723,True,False,False
19,98,High,No,9,90,Low,No,1,High,Medium,Private,Positive,2,No,College,Far,Female,70,0.4186046511627907,False,False,True
17,78,High,No,7,64,Medium,Yes,0,Low,Medium,Private,Neutral,3,No,High School,Near,Female,65,0.37209302325581395,False,False,True
29,84,Medium,Yes,6,90,Medium,Yes,0,Medium,High,Public,Positive,3,No,Postgraduate,Far,Male,73,0.6511627906976744,True,False,False
21,79,Medium,No,4,64,Low,Yes,0,Low,High,Public,Negative,4,No,College,Moderate,Male,66,0.46511627906976744,True,False,False
26,97,Medium,No,8,85,Low,No,2,High,Low,Public,Neutral,3,No,High School,Near,Male,71,0.5813953488372092,False,False,True
11,63,Medium,Yes,9,56,High,Yes,2,Medium,Medium,Public,Neutral,3,No,High School,Near,Female,62,0.23255813953488375,True,False,False
22,80,Medium,Yes,8,71,High,Yes,2,Low,Medium,Private,Positive,3,No,High School,Near,Female,68,0.48837209302325585,False,False,True
25,87,High,No,4,76,Low,Yes,1,Low,High,Public,Positive,4,No,College,Far,Male,70,0.5581395348837209,False,False,True
20,92,Low,No,5,86,Low,Yes,0,Medium,Medium,Public,Neutral,2,No,Postgraduate,Moderate,Female,68,0.4418604651162791,False,False,True
26,83,Low,Yes,8,83,Medium,Yes,2,Low,High,Public,Neutral,2,No,College,Near,Female,71,0.5813953488372092,True,False,False
17,96,Medium,Yes,10,93,Medium,Yes,2,Medium,Low,Public,Negative,4,No,High School,Near,Female,70,0.37209302325581395,False,False,True
28,98,Medium,Yes,7,59,Medium,Yes,1,Low,Medium,Public,Positive,3,No,High School,Near,Male,72,0.627906976744186,False,False,True
34,63,High,Yes,9,83,Medium,Yes,2,Medium,High,Public,Negative,2,No,College,Moderate,Male,69,0.7674418604651162,False,False,True
18,76,High,No,5,56,Medium,Yes,1,Low,Low,Public,Negative,2,No,College,Moderate,Male,63,0.3953488372093023,False,False,True
17,61,Medium,No,7,74,High,Yes,0,Medium,Medium,Public,Neutral,2,No,Postgraduate,Near,Female,62,0.37209302325581395,False,False,True
29,73,Medium,No,7,76,Medium,Yes,2,Low,High,Private,Neutral,3,No,High School,Near,Female,68,0.6511627906976744,False,False,True
29,81,Medium,Yes,9,51,Low,Yes,2,Medium,Medium,Public,Positive,5,No,Postgraduate,Near,Male,70,0.6511627906976744,False,True,False
17,96,Medium,Yes,6,54,Medium,Yes,1,Medium,Medium,Private,Positive,4,No,High School,Near,Male,69,0.37209302325581395,False,False,True
17,94,Medium,No,10,92,Low,Yes,2,Low,Medium,Private,Negative,2,No,High School,Near,Male,68,0.37209302325581395,False,False,True
18,65,Medium,Yes,7,64,Medium,Yes,2,High,Medium,Public,Positive,1,No,High School,Near,Male,65,0.3953488372093023,True,False,False
12,64,Low,No,5,67,Medium,Yes,3,Low,Medium,Private,Positive,2,Yes,High School,Near,Male,59,0.2558139534883721,False,False,True
14,84,Medium,No,5,82,Medium,Yes,3,Low,Medium,Public,Positive,3,No,College,Far,Male,66,0.3023255813953489,False,False,True
14,81,Medium,No,6,61,Low,Yes,0,Low,Medium,Public,Positive,4,No,High School,Moderate,Male,64,0.3023255813953489,True,False,False
15,71,Medium,No,8,60,High,No,5,Low,High,Public,Positive,4,No,High School,Far,Female,63,0.32558139534883723,False,True,False
20,96,Medium,No,6,71,Medium,Yes,5,Low,High,Public,Neutral,3,No,College,Near,Male,72,0.4418604651162791,False,False,True
21,97,High,Yes,6,53,Low,Yes,0,Low,Medium,Public,Negative,3,Yes,High School,Moderate,Male,67,0.46511627906976744,False,False,True
29,76,Medium,No,8,96,Low,Yes,2,Low,Medium,Public,Positive,2,No,Postgraduate,Moderate,Male,94,0.6511627906976744,False,False,True
14,96,High,Yes,4,97,Low,Yes,2,Medium,Medium,Public,Negative,3,No,High School,Near,Female,70,0.3023255813953489,False,False,True
26,75,Medium,No,6,72,Medium,Yes,0,Low,High,Public,Neutral,3,No,High School,Near,Male,66,0.5813953488372092,False,True,False
19,89,Medium,Yes,5,60,Low,Yes,4,Medium,Medium,Public,Positive,2,No,Postgraduate,Moderate,Female,69,0.4186046511627907,False,True,False
20,79,Low,Yes,6,74,Low,Yes,2,Low,Medium,Public,Positive,2,No,High School,Far,Male,64,0.4418604651162791,False,False,True
24,65,Medium,No,7,55,Low,Yes,1,Low,High,Private,Positive,3,Yes,High School,Near,Female,63,0.5348837209302325,False,False,True
13,97,High,No,7,70,Medium,Yes,1,Low,High,Public,Neutral,4,No,Postgraduate,Near,Female,71,0.27906976744186046,True,False,False
22,78,Medium,No,7,54,Medium,Yes,1,Medium,Medium,Public,Negative,3,Yes,High School,Moderate,Male,65,0.48837209302325585,True,False,False
21,89,Medium,Yes,9,85,Low,Yes,1,Medium,Medium,Public,Negative,5,No,College,Far,Female,68,0.46511627906976744,False,True,False
23,75,Medium,No,7,64,High,Yes,1,Low,Medium,Public,Negative,3,Yes,High School,Moderate,Male,64,0.5116279069767441,False,False,True
22,61,Low,Yes,10,76,High,Yes,1,High,High,Public,Positive,2,No,College,Near,Male,64,0.48837209302325585,False,True,False
35,64,Medium,Yes,8,51,Medium,Yes,2,Medium,Medium,Public,Negative,5,Yes,High School,Near,Male,66,0.7906976744186046,False,False,True
16,80,Medium,No,6,76,Medium,Yes,1,Medium,High,Public,Positive,4,No,College,Near,Male,68,0.3488372093023256,True,False,False
17,88,Medium,No,10,50,Medium,Yes,3,Low,High,Public,Neutral,5,No,College,Moderate,Female,67,0.37209302325581395,False,False,True
16,73,High,Yes,7,96,Medium,Yes,1,Medium,Medium,Private,Positive,3,No,High School,Moderate,Female,66,0.3488372093023256,False,True,False
17,88,Medium,Yes,10,75,Medium,Yes,2,Medium,Medium,Public,Neutral,3,No,High School,Near,Male,68,0.37209302325581395,False,False,True
16,88,Medium,No,7,55,Medium,Yes,3,Low,Low,Public,Neutral,3,No,Postgraduate,Near,Male,66,0.3488372093023256,False,True,False
27,88,Medium,No,7,67,Medium,Yes,3,High,Medium,Public,Neutral,4,No,College,Far,Male,71,0.6046511627906976,False,False,True
29,80,High,Yes,8,52,Medium,Yes,4,Low,Medium,Public,Positive,4,No,High School,Moderate,Female,71,0.6511627906976744,False,False,True
17,97,High,No,7,77,Medium,Yes,0,Low,Medium,Private,Negative,4,No,College,Far,Male,68,0.37209302325581395,False,False,True
15,80,Low,No,9,56,High,Yes,3,Medium,Medium,Public,Neutral,3,Yes,High School,Near,Female,64,0.32558139534883723,True,False,False
23,78,Medium,Yes,10,74,Low,Yes,3,Medium,Medium,Public,Negative,4,No,High School,Moderate,Male,67,0.5116279069767441,False,False,True
17,68,Medium,Yes,4,65,High,Yes,0,Medium,Medium,Private,Positive,2,No,High School,Moderate,Male,64,0.37209302325581395,True,False,False
24,72,Low,Yes,8,88,High,Yes,3,Low,Medium,Public,Positive,2,No,High School,Near,Female,68,0.5348837209302325,True,False,False
21,62,Low,No,6,74,High,Yes,0,Low,High,Private,Positive,3,Yes,Postgraduate,Far,Male,62,0.46511627906976744,False,False,True
11,85,Low,Yes,4,92,Low,Yes,0,Medium,High,Public,Neutral,1,No,College,Near,Male,64,0.23255813953488375,False,False,True
29,70,High,No,8,97,Low,Yes,3,Low,High,Public,Positive,3,No,Postgraduate,Moderate,Male,70,0.6511627906976744,False,True,False
31,72,Medium,No,8,98,High,Yes,0,Low,Medium,Public,Neutral,4,No,College,Far,Male,68,0.6976744186046511,False,False,True
16,91,Medium,No,8,63,High,Yes,2,Medium,High,Public,Neutral,3,No,College,Near,Female,69,0.3488372093023256,False,False,True
18,73,Medium,Yes,8,88,Low,Yes,3,Low,Medium,Public,Positive,4,No,College,Moderate,Male,65,0.3953488372093023,False,True,False
22,70,High,Yes,8,72,Medium,Yes,2,High,Medium,Public,Neutral,3,No,High School,Near,Male,67,0.48837209302325585,False,False,True
22,67,Medium,No,6,71,Low,Yes,2,Medium,Medium,Public,Positive,2,No,College,Moderate,Male,65,0.48837209302325585,True,False,False
24,91,Medium,No,7,93,Low,Yes,0,Medium,Medium,Public,Positive,2,No,High School,Moderate,Male,71,0.5348837209302325,True,False,False
32,65,Low,Yes,8,57,Low,Yes,2,Low,Medium,Public,Positive,3,No,High School,Moderate,Female,65,0.7209302325581395,False,False,True
19,78,Medium,Yes,9,74,Low,Yes,2,Low,Medium,Public,Positive,5,No,High School,Moderate,Female,66,0.4186046511627907,False,False,True
15,80,Medium,No,7,80,Medium,Yes,0,Low,Low,Public,Neutral,5,No,High School,Near,Female,65,0.32558139534883723,True,False,False
12,87,Medium,Yes,7,53,Low,Yes,2,Medium,Medium,Private,Neutral,1,No,College,Near,Male,65,0.2558139534883721,False,False,True
16,85,Medium,No,7,93,High,Yes,1,Medium,High,Public,Positive,3,No,High School,Near,Male,68,0.3488372093023256,False,True,False
20,92,Medium,Yes,5,66,Medium,Yes,2,Medium,Medium,Public,Negative,2,Yes,College,Moderate,Male,68,0.4418604651162791,False,False,True
31,62,Medium,No,8,83,Medium,Yes,0,Medium,High,Private,Neutral,2,Yes,College,Near,Female,67,0.6976744186046511,True,False,False
17,72,Medium,Yes,5,96,High,Yes,3,High,Medium,Public,Negative,3,No,High School,Moderate,Male,65,0.37209302325581395,False,True,False
21,71,Low,No,8,86,Medium,Yes,2,Medium,High,Public,Neutral,2,No,College,Near,Male,66,0.46511627906976744,False,False,True
20,66,Medium,Yes,7,94,Low,Yes,0,Medium,Low,Public,Neutral,4,No,High School,Moderate,Female,63,0.4418604651162791,False,False,True
27,72,High,Yes,5,53,Medium,Yes,1,High,Medium,Private,Neutral,5,No,Postgraduate,Near,Male,70,0.6046511627906976,True,False,False
35,72,High,Yes,5,75,Medium,Yes,1,Low,Medium,Public,Positive,5,No,College,Moderate,Male,72,0.7906976744186046,True,False,False
17,81,High,No,6,78,Medium,Yes,2,Low,Medium,Private,Positive,2,No,High School,Moderate,Male,67,0.37209302325581395,False,False,True
17,87,Low,Yes,6,84,Medium,Yes,0,Medium,Medium,Public,Positive,3,No,College,Far,Male,67,0.37209302325581395,True,False,False
26,75,Medium,Yes,9,56,Medium,Yes,1,Low,Medium,Public,Positive,5,No,High School,Moderate,Male,66,0.5813953488372092,False,True,False
24,89,Medium,No,7,83,Medium,No,1,Low,Low,Public,Neutral,3,No,High School,Moderate,Male,66,0.5348837209302325,False,True,False
31,73,Medium,Yes,8,57,Medium,Yes,2,Low,High,Public,Neutral,4,No,High School,Far,Male,69,0.6976744186046511,True,False,False
24,72,Low,Yes,9,53,Medium,Yes,0,Low,High,Private,Neutral,4,Yes,High School,Moderate,Male,62,0.5348837209302325,False,False,True
18,82,Medium,No,9,73,Low,Yes,2,Low,Medium,Public,Positive,4,No,College,Near,Female,66,0.3953488372093023,False,True,False
24,61,Medium,No,7,80,High,Yes,0,Low,Medium,Public,Positive,3,No,Postgraduate,Moderate,Male,64,0.5348837209302325,False,False,True
27,63,Medium,Yes,6,98,Medium,Yes,1,Low,High,Public,Positive,2,No,High School,Moderate,Female,67,0.6046511627906976,True,False,False
25,77,High,No,8,85,Medium,Yes,2,Medium,Medium,Public,Positive,1,No,College,Near,Male,71,0.5581395348837209,True,False,False
23,98,Medium,Yes,6,80,Medium,Yes,1,Medium,Medium,Public,Positive,2,No,High School,Moderate,Male,73,0.5116279069767441,True,False,False
26,89,Low,Yes,10,61,Low,Yes,0,Medium,High,Public,Neutral,3,No,High School,Moderate,Female,68,0.5813953488372092,False,False,True
27,64,Low,Yes,8,58,Medium,Yes,2,High,High,Public,Neutral,1,No,Postgraduate,Far,Male,66,0.6046511627906976,True,False,False
28,94,High,Yes,7,80,Medium,Yes,3,Low,High,Public,Positive,4,No,Postgraduate,Far,Male,75,0.627906976744186,False,False,True
24,89,High,Yes,8,61,Medium,Yes,1,Low,High,Public,Positive,3,No,Postgraduate,Near,Female,72,0.5348837209302325,False,False,True
19,84,Low,Yes,7,85,Medium,Yes,1,High,Medium,Private,Neutral,3,No,High School,Near,Male,68,0.4186046511627907,True,False,False
21,93,Medium,Yes,6,56,Medium,No,1,Low,Medium,Public,Positive,3,No,High School,Near,Male,68,0.46511627906976744,False,False,True
27,76,High,Yes,8,67,Medium,Yes,1,Medium,Medium,Public,Positive,4,No,High School,Near,Male,69,0.6046511627906976,False,True,False
15,69,Medium,Yes,7,89,Medium,Yes,1,Low,High,Public,Negative,2,No,College,Moderate,Female,63,0.32558139534883723,False,False,True
22,80,High,Yes,10,92,Medium,Yes,0,Medium,High,Public,Positive,2,No,High School,Near,Female,70,0.48837209302325585,False,False,True
18,82,Medium,Yes,6,67,Low,Yes,1,High,Low,Private,Positive,3,No,Postgraduate,Moderate,Male,66,0.3953488372093023,False,True,False
20,82,Low,Yes,8,60,Medium,Yes,3,Medium,High,Public,Positive,4,No,High School,Moderate,Male,66,0.4418604651162791,False,True,False
28,83,High,No,6,98,Medium,Yes,1,Low,High,Private,Neutral,2,No,Postgraduate,Moderate,Male,72,0.627906976744186,False,False,True
21,98,Medium,No,6,88,Medium,Yes,1,Medium,Low,Public,Neutral,3,No,Postgraduate,Near,Male,71,0.46511627906976744,False,True,False
20,96,Medium,No,4,90,Medium,Yes,3,Low,Medium,Private,Neutral,2,No,College,Near,Male,72,0.4418604651162791,True,False,False
12,95,Medium,No,8,61,High,Yes,4,High,High,Private,Neutral,1,No,College,Near,Male,69,0.2558139534883721,False,False,True
24,92,High,Yes,6,71,Low,Yes,2,Low,High,Public,Positive,2,No,High School,Near,Male,71,0.5348837209302325,False,True,False
24,98,Low,No,9,53,Medium,Yes,3,High,Low,Private,Negative,2,No,Postgraduate,Far,Male,69,0.5348837209302325,False,False,True
33,64,Medium,No,8,55,Medium,Yes,1,Medium,High,Public,Neutral,3,No,College,Moderate,Female,68,0.7441860465116279,True,False,False
18,71,Low,Yes,7,61,Low,Yes,2,Low,Medium,Public,Negative,4,No,College,Near,Male,61,0.3953488372093023,False,True,False
21,80,High,No,5,65,High,Yes,2,Medium,Low,Private,Neutral,1,No,Postgraduate,Moderate,Male,68,0.46511627906976744,False,False,True
21,94,Medium,Yes,8,100,Low,Yes,0,Low,Medium,Public,Neutral,3,No,Postgraduate,Near,Male,72,0.46511627906976744,True,False,False
29,80,Medium,Yes,6,71,Medium,Yes,0,Medium,Medium,Public,Positive,3,No,College,Moderate,Female,70,0.6511627906976744,False,False,True
19,90,Medium,Yes,5,85,High,Yes,0,Medium,High,Private,Positive,5,No,Postgraduate,Near,Female,73,0.4186046511627907,True,False,False
22,66,High,No,8,95,Low,Yes,3,Medium,Medium,Private,Positive,3,No,High School,Moderate,Female,67,0.48837209302325585,False,False,True
24,70,High,No,5,62,Medium,Yes,2,Low,Medium,Private,Negative,4,Yes,College,Near,Male,65,0.5348837209302325,False,False,True
21,89,Medium,No,4,57,Medium,Yes,1,High,Medium,Private,Positive,2,No,High School,Near,Female,68,0.46511627906976744,False,False,True
17,67,High,Yes,9,62,High,Yes,3,Medium,Medium,Public,Positive,3,No,High School,Near,Male,65,0.37209302325581395,False,True,False
21,74,Medium,No,6,94,Medium,Yes,1,Low,High,Public,Positive,1,No,High School,Near,Male,97,0.46511627906976744,True,False,False
26,71,Low,Yes,4,83,Low,Yes,1,Medium,Medium,Public,Negative,3,No,College,Moderate,Male,66,0.5813953488372092,True,False,False
14,74,High,Yes,6,73,High,Yes,2,Medium,Medium,Private,Neutral,3,No,High School,Near,Female,67,0.3023255813953489,True,False,False
21,88,Medium,No,6,91,Medium,Yes,2,High,Medium,Public,Neutral,1,No,High School,Moderate,Female,70,0.46511627906976744,True,False,False
16,75,Medium,Yes,9,62,Medium,Yes,3,Low,Medium,Public,Positive,4,No,High School,Moderate,Female,66,0.3488372093023256,True,False,False
27,82,High,Yes,5,62,Low,Yes,1,Low,High,Private,Neutral,4,No,High School,Moderate,Female,69,0.6046511627906976,False,False,True
11,64,Medium,Yes,5,78,Low,Yes,2,Low,High,Private,Neutral,4,No,College,Moderate,Male,62,0.23255813953488375,True,False,False
17,92,Low,Yes,8,90,High,Yes,1,High,Low,Public,Negative,3,No,High School,Near,Male,68,0.37209302325581395,False,False,True
22,75,High,Yes,6,63,Low,Yes,1,Low,Medium,Public,Positive,2,No,College,Near,Male,67,0.48837209302325585,False,False,True
29,86,Medium,Yes,7,61,Medium,Yes,0,Medium,Medium,Public,Negative,4,No,High School,Far,Female,68,0.6511627906976744,False,False,True
20,89,Medium,Yes,6,74,Medium,Yes,1,Low,High,Private,Neutral,2,No,High School,Moderate,Male,69,0.4418604651162791,True,False,False
17,68,Medium,Yes,10,57,Medium,Yes,1,High,Medium,Private,Positive,1,Yes,High School,Moderate,Female,62,0.37209302325581395,False,False,True
31,95,Medium,Yes,5,87,Medium,Yes,2,Low,Medium,Public,Neutral,3,No,Postgraduate,Moderate,Male,75,0.6976744186046511,True,False,False
11,85,Medium,No,7,79,Low,Yes,2,High,Low,Public,Positive,3,No,High School,Near,Male,65,0.23255813953488375,False,False,True
7,77,Medium,No,9,76,Medium,Yes,2,Medium,High,Public,Negative,3,No,College,Moderate,Male,63,0.13953488372093026,True,False,False
23,67,Medium,No,6,94,Low,Yes,1,Medium,Medium,Public,Positive,2,No,College,Far,Male,66,0.5116279069767441,True,False,False
17,98,High,No,6,87,High,No,3,Medium,Medium,Private,Positive,5,No,College,Near,Female,71,0.37209302325581395,False,True,False
14,90,Medium,Yes,8,57,Medium,Yes,0,Medium,Medium,Public,Positive,3,Yes,College,Moderate,Male,66,0.3023255813953489,True,False,False
24,68,Medium,No,9,71,Medium,Yes,2,Medium,Medium,Public,Neutral,4,No,College,Near,Male,66,0.5348837209302325,False,False,True
21,74,High,No,6,66,Low,Yes,1,Medium,High,Private,Negative,4,No,High School,Near,Male,66,0.46511627906976744,False,False,True
17,92,High,Yes,9,90,Medium,Yes,1,High,Low,Public,Positive,3,No,High School,Moderate,Male,71,0.37209302325581395,True,False,False
12,88,Medium,Yes,7,86,High,Yes,3,Medium,High,Public,Positive,3,Yes,High School,Moderate,Male,68,0.2558139534883721,False,False,True
25,91,Medium,No,8,74,High,Yes,1,Medium,High,Private,Positive,3,No,College,Moderate,Male,71,0.5581395348837209,False,False,True
24,78,Medium,Yes,9,91,Low,Yes,0,High,High,Public,Negative,3,No,Postgraduate,Far,Female,68,0.5348837209302325,False,False,True
19,89,Medium,No,8,71,Medium,Yes,2,Low,High,Public,Positive,4,No,High School,Near,Male,68,0.4186046511627907,False,True,False
31,75,Medium,No,7,90,Low,Yes,2,Medium,High,Public,Neutral,2,Yes,High School,Moderate,Male,68,0.6976744186046511,False,False,True
14,68,Medium,Yes,6,52,Medium,Yes,2,Low,Medium,Public,Positive,2,No,College,Near,Male,62,0.3023255813953489,False,False,True
11,85,Low,Yes,10,57,High,Yes,0,Medium,High,Public,Neutral,5,No,High School,Near,Male,65,0.23255813953488375,True,False,False
16,99,High,No,6,88,High,Yes,2,Low,Low,Public,Neutral,3,No,Postgraduate,Near,Male,71,0.3488372093023256,False,True,False
20,72,High,Yes,7,56,Low,Yes,0,Low,Medium,Public,Negative,6,Yes,College,Moderate,Male,63,0.4418604651162791,False,False,True
21,78,Medium,No,8,84,Low,Yes,1,High,Low,Public,Positive,4,No,High School,Near,Male,68,0.46511627906976744,True,False,False
19,87,Low,Yes,8,86,Low,Yes,1,Medium,High,Public,Positive,4,No,High School,Moderate,Female,69,0.4186046511627907,True,False,False
22,82,High,No,10,83,Medium,Yes,1,Low,High,Private,Neutral,2,Yes,College,Moderate,Male,69,0.48837209302325585,True,False,False
12,94,High,Yes,7,91,Low,Yes,3,Medium,Medium,Private,Positive,3,No,Postgraduate,Near,Female,71,0.2558139534883721,False,False,True
29,90,High,No,7,76,Medium,Yes,0,Low,Medium,Public,Neutral,1,No,Postgraduate,Moderate,Female,71,0.6511627906976744,False,False,True
20,62,Medium,Yes,9,95,Low,Yes,0,Medium,Medium,Private,Neutral,3,Yes,High School,Near,Male,62,0.4418604651162791,False,False,True
27,100,Low,Yes,7,78,Low,Yes,2,Medium,Medium,Public,Negative,2,No,High School,Near,Male,70,0.6046511627906976,False,True,False
22,90,High,No,8,75,High,Yes,1,Low,Low,Private,Neutral,3,No,College,Moderate,Male,70,0.48837209302325585,True,False,False
23,95,Medium,Yes,7,75,Medium,Yes,2,High,Medium,Public,Positive,2,No,College,Near,Male,73,0.5116279069767441,False,False,True
23,86,High,Yes,8,96,Low,Yes,3,Medium,Medium,Private,Positive,2,No,High School,Moderate,Female,71,0.5116279069767441,False,False,True
23,94,Low,Yes,8,62,Medium,Yes,2,Low,Medium,Public,Positive,0,No,Postgraduate,Moderate,Female,69,0.5116279069767441,False,False,True
24,64,High,Yes,6,85,High,Yes,0,High,Low,Private,Neutral,3,Yes,Postgraduate,Near,Male,66,0.5348837209302325,False,False,True
28,74,Low,Yes,4,62,Medium,Yes,1,Low,Medium,Private,Neutral,3,No,High School,Moderate,Male,65,0.627906976744186,False,False,True
21,95,Medium,No,4,55,Medium,Yes,2,Medium,High,Private,Neutral,1,No,College,Near,Male,71,0.46511627906976744,True,False,False
24,68,Medium,Yes,4,98,High,Yes,2,Medium,High,Public,Negative,2,No,High School,Near,Male,68,0.5348837209302325,False,False,True
19,63,High,Yes,7,56,Medium,Yes,2,Low,Medium,Private,Positive,3,No,High School,Near,Female,64,0.4186046511627907,False,False,True
29,92,Low,Yes,4,84,Medium,Yes,2,Low,Medium,Public,Negative,3,No,Postgraduate,Near,Male,71,0.6511627906976744,False,True,False
16,93,Medium,No,7,71,Medium,Yes,0,Medium,High,Public,Positive,2,No,High School,Near,Male,67,0.3488372093023256,False,True,False
31,67,Low,No,7,92,High,Yes,2,Medium,Medium,Public,Negative,3,No,High School,Far,Female,66,0.6976744186046511,False,False,True
20,94,High,Yes,8,89,Medium,Yes,1,Low,Medium,Public,Positive,4,No,High School,Near,Male,71,0.4418604651162791,False,True,False
11,87,Medium,No,8,57,High,Yes,0,Low,Medium,Public,Negative,2,No,High School,Moderate,Male,62,0.23255813953488375,False,True,False
21,81,Medium,No,8,73,Medium,Yes,3,Low,Medium,Public,Positive,2,Yes,High School,Near,Male,67,0.46511627906976744,True,False,False
16,93,Low,Yes,8,51,Medium,Yes,3,Low,Medium,Public,Neutral,2,No,College,Near,Male,67,0.3488372093023256,False,False,True
25,77,Medium,Yes,7,71,Medium,Yes,0,Medium,Medium,Public,Negative,3,No,High School,Near,Female,66,0.5581395348837209,False,True,False
16,68,Medium,Yes,7,85,High,Yes,1,Low,High,Private,Positive,3,No,Postgraduate,Moderate,Female,64,0.3488372093023256,False,True,False
17,71,Medium,Yes,6,62,Medium,Yes,2,Low,Medium,Public,Neutral,3,Yes,College,Near,Male,62,0.37209302325581395,False,True,False
9,80,High,No,7,91,Low,Yes,1,Medium,Medium,Public,Neutral,3,No,College,Near,Female,65,0.18604651162790697,False,False,True
17,81,Low,Yes,5,53,Low,Yes,0,Medium,Medium,Public,Neutral,1,No,College,Near,Male,63,0.37209302325581395,False,False,True
5,92,Medium,Yes,9,52,Medium,Yes,2,High,Medium,Private,Neutral,4,Yes,College,Moderate,Female,64,0.09302325581395349,False,False,True
10,92,High,Yes,6,51,Low,Yes,1,Medium,Medium,Private,Neutral,3,No,High School,Near,Female,65,0.20930232558139533,False,True,False
25,83,High,No,7,64,Medium,Yes,0,Low,Medium,Public,Neutral,2,No,College,Moderate,Male,68,0.5581395348837209,False,False,True
25,91,High,Yes,7,73,Medium,Yes,2,Low,Medium,Public,Positive,3,No,High School,Near,Female,72,0.5581395348837209,False,False,True
23,68,Medium,Yes,9,55,Medium,Yes,0,Low,Medium,Public,Positive,3,No,College,Moderate,Male,64,0.5116279069767441,False,False,True
14,62,Medium,No,4,100,Low,Yes,1,Low,Medium,Public,Neutral,3,No,High School,Near,Male,62,0.3023255813953489,True,False,False
20,95,Low,Yes,7,100,Low,No,3,Low,Medium,Private,Neutral,2,No,High School,Near,Female,69,0.4418604651162791,False,False,True
20,63,Low,Yes,8,76,Medium,Yes,3,Medium,Medium,Public,Neutral,4,No,Postgraduate,Near,Female,64,0.4418604651162791,False,True,False
13,70,Medium,No,10,78,Medium,Yes,1,Low,Medium,Public,Negative,2,No,High School,Far,Female,61,0.27906976744186046,True,False,False
29,88,High,No,7,96,Low,Yes,2,Low,Low,Public,Positive,2,No,High School,Near,Female,72,0.6511627906976744,False,False,True
25,76,Low,Yes,6,88,Low,Yes,1,Medium,Medium,Private,Negative,3,No,College,Far,Male,66,0.5581395348837209,False,False,True
19,95,Low,No,10,58,Low,Yes,2,High,Medium,Public,Positive,3,No,High School,Near,Male,69,0.4186046511627907,True,False,False
20,72,Medium,No,8,90,High,No,2,Low,Low,Private,Neutral,2,No,College,Near,Female,65,0.4418604651162791,False,False,True
21,60,Medium,Yes,9,62,Medium,Yes,2,Low,Medium,Public,Positive,3,No,High School,Near,Male,64,0.46511627906976744,True,False,False
8,72,Medium,Yes,5,72,Medium,Yes,3,High,Low,Private,Positive,4,No,High School,Near,Female,62,0.16279069767441862,False,True,False
19,83,Medium,No,8,77,High,Yes,1,Low,Medium,Public,Positive,4,No,High School,Far,Male,66,0.4186046511627907,False,False,True
16,75,Low,Yes,5,86,Medium,Yes,0,Low,Medium,Public,Positive,1,No,College,Moderate,Female,62,0.3488372093023256,False,True,False
14,81,Medium,Yes,5,58,High,Yes,3,Low,High,Public,Negative,4,No,Postgraduate,Moderate,Male,66,0.3023255813953489,False,False,True
18,95,High,No,8,54,Medium,Yes,2,High,Medium,Public,Neutral,3,No,College,Moderate,Female,70,0.3953488372093023,False,False,True
31,96,Medium,Yes,8,93,Low,Yes,3,Low,Medium,Public,Positive,3,No,High School,Near,Male,75,0.6976744186046511,False,False,True
24,71,High,Yes,6,91,Medium,Yes,3,High,Medium,Public,Neutral,2,No,High School,Far,Female,67,0.5348837209302325,False,True,False
17,78,Medium,Yes,9,76,Low,Yes,4,Medium,Medium,Public,Positive,2,No,College,Near,Male,66,0.37209302325581395,False,True,False
23,82,High,No,6,83,Medium,Yes,2,Medium,Medium,Private,Positive,3,No,Postgraduate,Moderate,Male,71,0.5116279069767441,False,False,True
28,98,Medium,Yes,7,86,Medium,Yes,2,Medium,High,Private,Neutral,2,No,High School,Near,Female,75,0.627906976744186,True,False,False
26,100,High,No,7,74,Low,Yes,1,Medium,Medium,Public,Neutral,2,No,High School,Far,Female,72,0.5813953488372092,True,False,False
20,69,Medium,No,7,63,Low,Yes,2,Low,Medium,Private,Negative,2,No,High School,Moderate,Female,64,0.4418604651162791,True,False,False
16,89,Medium,Yes,9,74,Medium,No,1,Low,Medium,Public,Neutral,3,No,High School,Far,Male,65,0.3488372093023256,False,False,True
24,75,Medium,No,5,98,High,Yes,1,Low,Medium,Public,Positive,3,No,High School,Near,Male,67,0.5348837209302325,False,True,False
22,60,Medium,No,6,92,Low,Yes,2,Low,High,Public,Negative,2,No,High School,Near,Male,63,0.48837209302325585,False,False,True
25,60,Low,Yes,5,73,Low,Yes,1,Medium,Medium,Public,Negative,2,No,High School,Near,Male,62,0.5581395348837209,False,False,True
24,78,High,Yes,10,61,High,Yes,2,Medium,Medium,Public,Positive,4,No,College,Moderate,Female,69,0.5348837209302325,False,True,False
26,80,Medium,Yes,7,94,Medium,Yes,1,Low,Medium,Private,Positive,2,No,Postgraduate,Moderate,Male,70,0.5813953488372092,False,False,True
17,61,Medium,Yes,6,82,High,Yes,0,Medium,High,Public,Neutral,4,No,Postgraduate,Near,Male,63,0.37209302325581395,False,True,False
28,87,Medium,Yes,7,70,Medium,Yes,2,Low,Medium,Public,Neutral,2,No,Postgraduate,Near,Male,71,0.627906976744186,False,False,True
21,72,Low,Yes,8,56,Medium,Yes,0,Low,Medium,Public,Neutral,4,No,High School,Near,Male,63,0.46511627906976744,False,False,True
32,82,Medium,Yes,8,88,Low,Yes,0,High,Medium,Public,Positive,2,No,College,Moderate,Male,71,0.7209302325581395,False,True,False
16,72,Medium,Yes,6,66,Low,Yes,0,Low,Medium,Private,Positive,4,No,College,Near,Male,63,0.3488372093023256,False,False,True
30,67,High,Yes,6,80,High,Yes,0,Low,Medium,Public,Neutral,4,No,High School,Moderate,Male,68,0.6744186046511628,False,False,True
21,76,Low,Yes,5,78,High,No,0,Low,High,Public,Neutral,3,No,High School,Near,Male,65,0.46511627906976744,False,False,True
16,69,High,Yes,7,85,Medium,Yes,0,High,High,Private,Negative,3,No,High School,Near,Female,66,0.3488372093023256,True,False,False
17,81,Medium,Yes,9,77,Medium,Yes,3,Low,Medium,Public,Neutral,4,No,College,Far,Male,66,0.37209302325581395,False,True,False
18,68,High,No,6,82,Low,Yes,0,Medium,High,Public,Positive,3,No,High School,Near,Male,66,0.3953488372093023,True,False,False
23,80,Low,Yes,8,54,Medium,Yes,0,Medium,High,Private,Positive,2,No,High School,Near,Female,65,0.5116279069767441,False,True,False
23,66,High,No,6,83,Medium,Yes,0,High,Medium,Public,Positive,2,No,High School,Near,Female,66,0.5116279069767441,False,False,True
17,87,Medium,Yes,5,60,Medium,Yes,4,Medium,Medium,Private,Positive,3,Yes,High School,Near,Female,67,0.37209302325581395,False,False,True
20,90,Medium,No,8,70,Medium,Yes,0,Medium,Medium,Private,Neutral,3,No,High School,Moderate,Female,68,0.4418604651162791,True,False,False
33,64,Low,Yes,10,76,Low,Yes,2,High,High,Private,Neutral,3,No,High School,Near,Male,68,0.7441860465116279,False,False,True
30,79,Medium,No,8,84,Medium,Yes,3,Low,Medium,Private,Negative,3,No,College,Moderate,Female,69,0.6744186046511628,False,True,False
23,63,Low,Yes,6,87,Low,Yes,1,Medium,Medium,Public,Neutral,2,No,Postgraduate,Near,Male,64,0.5116279069767441,False,False,True
20,84,Medium,No,6,85,Medium,Yes,0,Medium,Medium,Private,Positive,3,No,High School,Moderate,Male,67,0.4418604651162791,False,False,True
21,71,Medium,Yes,10,55,Low,Yes,1,Medium,Medium,Public,Negative,4,No,High School,Moderate,Female,63,0.46511627906976744,False,False,True
24,81,High,Yes,7,69,Medium,Yes,3,Low,Medium,Public,Negative,3,No,College,Near,Male,67,0.5348837209302325,False,True,False
14,81,High,Yes,6,64,Low,No,2,High,High,Public,Neutral,2,No,High School,Far,Female,64,0.3023255813953489,False,False,True
18,97,Medium,No,7,70,Low,Yes,0,High,Medium,Public,Neutral,2,Yes,High School,Near,Female,66,0.3953488372093023,False,True,False
10,82,Medium,No,7,82,Low,Yes,2,Low,High,Private,Neutral,4,No,High School,Near,Male,65,0.20930232558139533,True,False,False
22,83,Medium,Yes,8,60,Low,No,4,Medium,Medium,Public,Neutral,2,No,Postgraduate,Moderate,Female,68,0.48837209302325585,False,False,True
24,76,High,No,9,75,Low,Yes,0,Low,Medium,Private,Positive,5,No,High School,Near,Male,66,0.5348837209302325,False,True,False
17,98,High,No,9,94,Low,Yes,0,High,Low,Public,Negative,3,No,College,Near,Male,71,0.37209302325581395,True,False,False
29,91,High,Yes,7,87,Medium,No,2,Medium,High,Private,Negative,4,No,College,Near,Female,74,0.6511627906976744,False,False,True
13,71,High,No,7,86,Low,Yes,2,Low,Medium,Public,Positive,3,No,Postgraduate,Near,Male,65,0.27906976744186046,False,False,True
11,94,High,Yes,8,92,High,Yes,0,Medium,Medium,Public,Neutral,4,No,High School,Near,Female,68,0.23255813953488375,False,True,False
21,77,High,Yes,6,70,Low,No,2,High,Medium,Private,Positive,2,No,College,Near,Male,68,0.46511627906976744,False,False,True
26,93,Medium,No,8,88,Medium,Yes,1,Medium,High,Public,Neutral,4,Yes,College,Near,Male,72,0.5813953488372092,False,False,True
30,93,High,Yes,7,53,Medium,Yes,3,Low,Medium,Private,Negative,2,No,Postgraduate,Moderate,Female,74,0.6744186046511628,True,False,False
17,68,High,No,8,53,Medium,Yes,0,Low,Medium,Public,Neutral,2,No,College,Near,Male,61,0.37209302325581395,False,True,False
26,88,Low,No,10,67,Low,Yes,0,Low,Low,Private,Positive,3,No,High School,Far,Male,65,0.5813953488372092,False,True,False
20,72,Low,No,8,60,Low,Yes,0,Low,Medium,Public,Neutral,5,No,High School,Near,Male,63,0.4418604651162791,True,False,False
19,72,Medium,Yes,7,76,Medium,Yes,1,Medium,High,Public,Positive,2,No,High School,Moderate,Female,66,0.4186046511627907,True,False,False
25,72,High,Yes,6,59,Medium,Yes,2,Low,Medium,Public,Negative,3,No,High School,Near,Male,66,0.5581395348837209,False,True,False
24,89,Medium,Yes,7,99,Medium,Yes,2,Low,High,Private,Neutral,4,No,High School,Near,Female,73,0.5348837209302325,True,False,False
11,69,Medium,No,5,93,Medium,Yes,0,Medium,High,Public,Negative,4,No,College,Near,Male,63,0.23255813953488375,False,False,True
29,60,High,Yes,8,99,Medium,Yes,0,Medium,Medium,Public,Positive,4,Yes,High School,Near,Female,68,0.6511627906976744,True,False,False
28,89,Low,Yes,4,90,High,Yes,3,Low,High,Public,Positive,2,Yes,Postgraduate,Moderate,Female,73,0.627906976744186,True,False,False
16,67,High,Yes,8,98,Medium,Yes,0,High,Low,Private,Negative,3,No,High School,Moderate,Male,63,0.3488372093023256,False,True,False
22,64,High,Yes,8,68,Medium,Yes,2,Medium,Medium,Public,Negative,4,No,High School,Near,Male,65,0.48837209302325585,False,False,True
23,70,High,Yes,7,75,High,Yes,0,Low,Medium,Public,Positive,4,No,High School,Near,Female,66,0.5116279069767441,False,True,False
22,75,Low,Yes,6,62,Medium,Yes,0,High,High,Public,Negative,3,No,Postgraduate,Near,Female,65,0.48837209302325585,False,True,False
17,79,High,Yes,7,82,Medium,Yes,0,Medium,High,Public,Negative,2,No,College,Near,Male,66,0.37209302325581395,False,True,False
16,62,Medium,No,4,89,High,Yes,3,Low,Medium,Public,Neutral,3,No,College,Near,Female,65,0.3488372093023256,True,False,False
20,99,Medium,No,8,75,Medium,Yes,2,Low,High,Private,Negative,2,No,Postgraduate,Far,Female,70,0.4418604651162791,False,False,True
27,89,Medium,No,7,65,Medium,Yes,1,Medium,Medium,Public,Neutral,3,No,High School,Near,Female,70,0.6046511627906976,False,False,True
23,73,Medium,Yes,9,75,Medium,Yes,0,High,High,Private,Positive,3,No,High School,Moderate,Female,68,0.5116279069767441,True,False,False
18,73,High,No,8,53,Medium,No,1,Low,High,Public,Neutral,3,No,Postgraduate,Moderate,Male,64,0.3953488372093023,False,False,True
25,78,Medium,No,7,86,Medium,Yes,1,Medium,Medium,Public,Negative,3,No,Postgraduate,Moderate,Female,68,0.5581395348837209,False,False,True
3,85,High,No,8,73,Low,Yes,2,Low,Medium,Private,Neutral,3,No,High School,Near,Male,62,0.046511627906976744,False,True,False
27,66,Medium,Yes,6,95,Medium,Yes,1,Medium,Medium,Public,Positive,3,No,College,Moderate,Male,68,0.6046511627906976,False,False,True
10,68,Medium,No,6,96,Low,Yes,1,High,Medium,Public,Neutral,3,No,College,Moderate,Male,61,0.20930232558139533,False,True,False
18,94,Medium,Yes,7,56,Low,No,1,Low,Medium,Public,Positive,3,No,Postgraduate,Near,Male,69,0.3953488372093023,True,False,False
13,70,Medium,Yes,7,100,Medium,Yes,3,Low,Medium,Public,Neutral,3,No,High School,Near,Male,65,0.27906976744186046,False,False,True
12,75,High,Yes,6,98,Medium,Yes,2,Low,Medium,Public,Neutral,2,No,College,Far,Male,65,0.2558139534883721,False,False,True
27,95,High,No,7,81,Low,Yes,3,Low,Medium,Public,Neutral,2,No,High School,Moderate,Male,72,0.6046511627906976,False,False,True
17,87,Medium,Yes,7,91,High,Yes,3,Low,High,Public,Positive,3,Yes,College,Near,Female,70,0.37209302325581395,False,False,True
22,74,High,Yes,10,51,Medium,No,1,Medium,Medium,Private,Negative,4,No,High School,Near,Male,65,0.48837209302325585,False,False,True
20,87,Medium,No,7,99,Medium,Yes,3,Low,Medium,Public,Negative,3,No,High School,Near,Male,69,0.4418604651162791,False,False,True
23,61,Low,Yes,6,73,Medium,Yes,1,Medium,Medium,Public,Positive,3,No,College,Near,Male,65,0.5116279069767441,True,False,False
20,89,Medium,Yes,7,95,Low,Yes,3,Low,Medium,Private,Neutral,2,No,High School,Near,Male,69,0.4418604651162791,False,True,False
12,79,Medium,Yes,9,69,Medium,Yes,2,Low,High,Public,Neutral,3,No,Postgraduate,Near,Male,65,0.2558139534883721,False,True,False
26,93,High,Yes,9,89,Medium,Yes,0,Low,Medium,Public,Neutral,3,No,College,Moderate,Male,72,0.5813953488372092,False,False,True
17,98,Low,Yes,10,71,Medium,Yes,0,Low,High,Private,Positive,3,No,Postgraduate,Moderate,Female,70,0.37209302325581395,True,False,False
11,97,Medium,Yes,7,68,Low,Yes,0,Low,Medium,Private,Negative,2,No,High School,Moderate,Female,64,0.23255813953488375,False,False,True
17,96,Low,No,8,97,Low,Yes,0,Medium,Medium,Public,Negative,3,No,High School,Near,Female,67,0.37209302325581395,False,False,True
29,80,Low,No,5,85,High,Yes,0,High,High,Public,Neutral,2,No,High School,Moderate,Male,69,0.6511627906976744,False,False,True
25,74,Medium,Yes,6,92,Low,Yes,4,Medium,Medium,Private,Positive,3,No,Postgraduate,Near,Male,70,0.5581395348837209,False,True,False
18,79,Medium,Yes,5,77,Low,Yes,1,Low,High,Public,Neutral,3,No,High School,Near,Male,65,0.3953488372093023,False,False,True
18,88,High,Yes,8,96,Low,Yes,1,Low,Medium,Public,Positive,3,No,High School,Far,Female,69,0.3953488372093023,True,False,False
18,95,Medium,Yes,7,87,High,Yes,5,Medium,Medium,Public,Neutral,2,No,College,Near,Male,74,0.3953488372093023,True,False,False
32,68,Medium,Yes,7,54,Medium,Yes,1,Low,Medium,Private,Neutral,1,No,Postgraduate,Near,Male,66,0.7209302325581395,False,True,False
22,97,Medium,Yes,6,88,High,Yes,1,Low,Low,Private,Positive,4,No,College,Near,Male,72,0.48837209302325585,False,False,True
23,93,Low,Yes,8,51,High,No,0,Low,High,Private,Positive,1,No,High School,Near,Male,67,0.5116279069767441,False,False,True
26,99,High,Yes,4,91,High,Yes,2,High,Low,Public,Neutral,4,No,Postgraduate,Moderate,Female,75,0.5813953488372092,False,True,False
21,95,Low,Yes,7,67,Medium,Yes,3,Medium,Medium,Public,Positive,2,No,College,Far,Female,70,0.46511627906976744,False,False,True
18,71,Low,No,7,80,Medium,Yes,1,Medium,Low,Public,Neutral,4,No,Postgraduate,Moderate,Female,63,0.3953488372093023,False,True,False
19,64,Medium,No,4,87,High,Yes,2,Medium,Medium,Private,Positive,4,No,High School,Moderate,Male,65,0.4186046511627907,False,False,True
20,64,High,No,8,82,Medium,Yes,3,Medium,Low,Public,Negative,3,No,High School,Moderate,Female,64,0.4418604651162791,False,False,True
20,72,High,No,7,84,Low,Yes,2,Medium,High,Public,Negative,2,No,High School,Moderate,Female,65,0.4418604651162791,False,False,True
24,85,Medium,Yes,8,95,Medium,Yes,2,Medium,Medium,Public,Negative,4,No,High School,Near,Female,70,0.5348837209302325,False,False,True
20,92,Low,No,10,69,Medium,Yes,0,Low,Medium,Public,Positive,2,No,Postgraduate,Far,Male,67,0.4418604651162791,False,False,True
24,96,Medium,Yes,7,77,Low,No,0,Low,Medium,Public,Negative,2,Yes,High School,Near,Female,67,0.5348837209302325,False,False,True
20,85,High,No,8,59,Medium,Yes,1,Medium,Medium,Public,Positive,3,No,Postgraduate,Far,Female,68,0.4418604651162791,False,False,True
20,60,Medium,No,9,73,High,Yes,4,Medium,Medium,Public,Negative,4,No,College,Near,Male,65,0.4418604651162791,False,False,True
8,67,Medium,Yes,8,58,Low,Yes,2,Medium,Medium,Public,Positive,1,No,Postgraduate,Moderate,Female,61,0.16279069767441862,True,False,False
25,64,Low,Yes,6,82,Low,Yes,2,Low,Medium,Public,Negative,3,No,High School,Moderate,Female,63,0.5581395348837209,False,False,True
22,75,Low,Yes,5,66,Low,Yes,2,Low,Medium,Public,Positive,2,No,High School,Far,Male,80,0.48837209302325585,False,False,True
26,80,Medium,Yes,8,93,Medium,Yes,2,Low,Low,Public,Neutral,1,No,Postgraduate,Moderate,Male,69,0.5813953488372092,False,False,True
3,62,Low,No,6,67,Medium,Yes,1,Low,Medium,Public,Negative,3,No,High School,Near,Male,55,0.046511627906976744,False,False,True
33,74,Medium,No,9,64,Medium,Yes,2,Medium,Medium,Private,Neutral,4,No,Postgraduate,Near,Female,70,0.7441860465116279,False,False,True
19,67,Medium,Yes,6,75,High,Yes,1,Low,Medium,Public,Neutral,3,No,College,Near,Female,65,0.4186046511627907,False,False,True
27,86,Medium,Yes,7,59,Low,Yes,1,Medium,Medium,Public,Neutral,3,No,High School,Near,Male,68,0.6046511627906976,False,True,False
14,79,Low,Yes,5,60,Medium,Yes,3,Low,Medium,Public,Negative,5,No,High School,Near,Male,64,0.3023255813953489,False,False,True
24,80,Medium,No,6,89,Medium,Yes,1,Low,High,Public,Neutral,3,No,College,Near,Male,69,0.5348837209302325,False,False,True
14,77,High,No,6,75,Medium,Yes,1,Medium,High,Public,Neutral,4,Yes,High School,Near,Female,89,0.3023255813953489,False,True,False
16,98,Low,Yes,6,60,Medium,Yes,1,Medium,Medium,Private,Positive,3,No,High School,Far,Male,67,0.3488372093023256,False,False,True
31,69,Medium,No,7,52,Medium,No,2,High,Low,Public,Neutral,5,No,College,Far,Male,92,0.6976744186046511,False,False,True
19,81,High,No,6,73,Low,No,1,Low,High,Private,Positive,3,No,High School,Near,Female,67,0.4186046511627907,True,False,False
21,89,Medium,Yes,10,87,Low,Yes,3,Medium,Medium,Public,Positive,3,No,College,Near,Male,70,0.46511627906976744,False,True,False
25,82,Low,No,8,68,Medium,Yes,1,Low,High,Public,Neutral,3,No,College,Near,Male,68,0.5581395348837209,True,False,False
23,97,Low,Yes,9,62,Medium,Yes,0,Low,Medium,Private,Positive,2,No,Postgraduate,Near,Male,70,0.5116279069767441,False,False,True
21,75,Medium,Yes,7,70,Low,Yes,3,Medium,Medium,Public,Positive,4,Yes,Postgraduate,Near,Male,67,0.46511627906976744,False,False,True
22,79,Medium,Yes,7,98,High,Yes,0,High,Medium,Public,Neutral,3,No,High School,Near,Male,69,0.48837209302325585,False,False,True
34,64,Medium,No,6,71,High,Yes,0,Low,High,Private,Negative,4,No,High School,Near,Female,67,0.7674418604651162,False,False,True
20,84,High,Yes,10,63,Medium,Yes,0,Low,Medium,Private,Positive,4,No,High School,Near,Female,69,0.4418604651162791,True,False,False
21,72,High,No,7,78,Low,No,0,High,Medium,Public,Neutral,1,Yes,High School,Near,Female,63,0.46511627906976744,False,False,True
26,66,Medium,No,6,91,Medium,Yes,3,Medium,Medium,Public,Positive,3,No,College,Near,Female,69,0.5813953488372092,False,False,True
27,82,High,No,6,51,Low,Yes,1,Low,Medium,Public,Negative,3,No,High School,Moderate,Male,66,0.6046511627906976,False,False,True
27,81,Medium,No,8,78,Medium,Yes,0,Medium,Medium,Public,Positive,3,No,High School,Moderate,Male,68,0.6046511627906976,False,False,True
24,63,Medium,Yes,9,92,Medium,Yes,4,Medium,Medium,Private,Positive,4,No,Postgraduate,Near,Male,69,0.5348837209302325,False,False,True
13,88,Low,Yes,9,61,Low,Yes,4,Medium,Medium,Private,Negative,3,No,High School,Near,Female,66,0.27906976744186046,True,False,False
30,85,Medium,Yes,6,96,Low,Yes,1,Medium,Medium,Private,Neutral,4,No,High School,Near,Female,72,0.6744186046511628,False,False,True
13,68,Medium,Yes,6,79,Medium,Yes,1,High,Medium,Private,Negative,3,No,College,Near,Male,62,0.27906976744186046,False,True,False
22,79,Medium,No,9,76,Medium,Yes,1,Low,Medium,Private,Positive,2,No,High School,Near,Male,67,0.48837209302325585,False,False,True
15,89,Low,No,10,98,Low,Yes,0,Low,Medium,Private,Positive,2,No,College,Near,Male,67,0.32558139534883723,True,False,False
20,81,High,Yes,7,56,Low,No,1,Medium,Medium,Private,Positive,3,No,High School,Near,Male,67,0.4418604651162791,True,False,False
22,76,Low,No,9,87,Low,Yes,2,Low,High,Public,Neutral,3,Yes,College,Near,Female,65,0.48837209302325585,False,False,True
22,73,Low,No,5,91,Medium,Yes,1,Medium,Medium,Public,Positive,3,No,Postgraduate,Moderate,Male,67,0.48837209302325585,True,False,False
23,84,Low,No,6,74,Medium,No,3,Low,Medium,Public,Positive,1,No,High School,Near,Female,66,0.5116279069767441,False,True,False
30,98,Low,Yes,5,50,High,Yes,0,Low,High,Public,Negative,2,No,College,Near,Male,70,0.6744186046511628,False,True,False
23,87,High,No,8,76,Medium,Yes,2,High,Medium,Public,Positive,5,Yes,Postgraduate,Near,Female,71,0.5116279069767441,False,True,False
19,63,High,Yes,7,58,Medium,Yes,2,Low,High,Private,Neutral,3,No,Postgraduate,Near,Female,64,0.4186046511627907,False,True,False
26,78,High,Yes,7,78,Low,Yes,4,Medium,Medium,Private,Neutral,4,No,High School,Moderate,Female,69,0.5813953488372092,False,True,False
27,96,High,Yes,9,87,Low,No,0,Medium,High,Public,Positive,2,No,College,Moderate,Male,72,0.6046511627906976,False,False,True
13,64,Low,Yes,6,77,Medium,Yes,0,Low,High,Public,Neutral,4,No,High School,Near,Male,60,0.27906976744186046,False,False,True
24,100,Low,Yes,7,82,Low,Yes,1,Medium,High,Private,Positive,3,No,High School,Moderate,Male,71,0.5348837209302325,False,False,True
24,98,Medium,Yes,5,55,High,Yes,0,Medium,Medium,Public,Positive,3,No,High School,Moderate,Male,71,0.5348837209302325,False,False,True
18,63,High,No,9,55,Medium,Yes,2,High,High,Private,Positive,2,No,Postgraduate,Near,Female,66,0.3953488372093023,True,False,False
28,97,Medium,No,9,93,Low,Yes,3,Medium,High,Public,Neutral,3,No,High School,Near,Female,74,0.627906976744186,False,False,True
19,75,Medium,No,8,52,High,Yes,0,Low,Medium,Public,Negative,4,No,Postgraduate,Moderate,Male,64,0.4186046511627907,False,False,True
21,94,Low,Yes,7,64,Low,Yes,2,Medium,Medium,Private,Neutral,2,No,High School,Near,Male,68,0.46511627906976744,False,False,True
19,77,Low,No,6,97,Low,Yes,4,Low,Medium,Public,Negative,2,No,High School,Near,Male,66,0.4186046511627907,True,False,False
20,78,Medium,No,5,73,Low,Yes,1,Low,Medium,Public,Negative,3,No,College,Near,Female,65,0.4418604651162791,False,False,True
13,85,High,Yes,7,84,Medium,No,0,Low,Medium,Public,Neutral,5,No,High School,Moderate,Female,64,0.27906976744186046,False,True,False
11,91,Low,No,8,61,Medium,Yes,1,High,Medium,Private,Positive,3,No,Postgraduate,Far,Male,65,0.23255813953488375,False,False,True
30,61,High,No,10,64,Low,Yes,4,Medium,Medium,Public,Positive,2,No,Postgraduate,Moderate,Male,69,0.6744186046511628,True,False,False
15,84,High,Yes,6,75,Medium,Yes,2,Medium,Medium,Private,Positive,4,Yes,Postgraduate,Near,Female,68,0.32558139534883723,False,False,True
14,67,High,No,7,82,Low,Yes,1,Medium,Medium,Public,Neutral,3,No,High School,Far,Female,62,0.3023255813953489,False,False,True
7,74,High,No,9,98,High,Yes,3,High,Low,Public,Neutral,2,No,High School,Moderate,Male,63,0.13953488372093026,False,True,False
16,74,Low,No,9,79,High,Yes,0,High,Medium,Public,Neutral,4,No,Postgraduate,Moderate,Female,65,0.3488372093023256,True,False,False
12,79,High,No,6,55,Medium,Yes,1,Low,High,Private,Neutral,4,No,College,Far,Female,62,0.2558139534883721,False,True,False
30,73,Medium,No,7,68,Medium,Yes,0,Low,High,Public,Positive,2,No,Postgraduate,Near,Male,67,0.6744186046511628,False,True,False
26,64,High,No,6,62,Low,Yes,1,Low,Medium,Private,Positive,5,No,High School,Moderate,Male,64,0.5813953488372092,False,True,False
16,66,Low,No,6,63,Low,Yes,2,Medium,High,Public,Neutral,3,No,College,Moderate,Male,61,0.3488372093023256,False,False,True
34,61,Medium,No,9,75,Medium,Yes,1,Low,Medium,Public,Neutral,2,No,College,Far,Male,65,0.7674418604651162,False,True,False
26,79,Low,No,7,66,Medium,Yes,1,High,Medium,Public,Positive,5,Yes,High School,Moderate,Male,67,0.5813953488372092,True,False,False
18,98,Low,No,7,64,Medium,Yes,0,Medium,Medium,Public,Positive,4,No,Postgraduate,Moderate,Male,70,0.3953488372093023,True,False,False
5,65,High,Yes,7,98,Low,Yes,1,Low,Low,Private,Positive,3,No,High School,Far,Male,59,0.09302325581395349,False,False,True
34,98,High,No,7,79,Medium,Yes,1,Low,Medium,Private,Neutral,4,No,College,Near,Male,75,0.7674418604651162,False,False,True
12,89,Medium,Yes,7,63,Medium,Yes,4,Low,High,Public,Neutral,2,No,College,Near,Male,67,0.2558139534883721,False,True,False
10,85,Medium,Yes,6,64,Low,Yes,1,Medium,Medium,Public,Negative,3,No,College,Near,Male,64,0.20930232558139533,False,False,True
26,86,High,Yes,9,91,Medium,Yes,3,High,Medium,Public,Neutral,3,Yes,High School,Near,Female,72,0.5813953488372092,False,False,True
35,93,Medium,Yes,6,94,Medium,Yes,5,Medium,Medium,Public,Neutral,2,Yes,College,Near,Female,76,0.7906976744186046,False,False,True
28,64,High,Yes,6,84,Low,Yes,2,Medium,Medium,Private,Positive,2,No,Postgraduate,Near,Male,69,0.627906976744186,False,False,True
23,80,Medium,No,7,72,Low,Yes,0,Low,High,Public,Negative,5,No,High School,Near,Male,65,0.5116279069767441,False,True,False
24,88,Medium,No,10,88,Low,Yes,2,High,High,Public,Positive,1,No,Postgraduate,Far,Female,72,0.5348837209302325,True,False,False
25,83,High,Yes,6,97,Low,Yes,0,Low,Low,Public,Neutral,4,No,High School,Near,Male,69,0.5581395348837209,False,False,True
25,93,Medium,No,8,58,Medium,Yes,0,High,Medium,Private,Positive,4,No,High School,Moderate,Female,71,0.5581395348837209,True,False,False
22,63,Medium,No,7,93,High,Yes,0,Medium,Medium,Private,Neutral,2,No,High School,Far,Male,64,0.48837209302325585,True,False,False
21,88,High,Yes,7,92,High,Yes,2,Medium,Medium,Public,Positive,3,No,Postgraduate,Near,Female,74,0.46511627906976744,True,False,False
20,81,High,Yes,8,68,Medium,Yes,0,Medium,Medium,Public,Neutral,3,No,College,Near,Male,68,0.4418604651162791,False,False,True
15,75,High,Yes,4,65,High,Yes,1,Low,Low,Private,Positive,4,No,Postgraduate,Moderate,Female,66,0.32558139534883723,False,False,True
18,74,Medium,No,6,78,High,Yes,0,High,Medium,Public,Positive,2,No,High School,Moderate,Female,65,0.3953488372093023,False,False,True
10,85,Medium,Yes,8,64,Low,Yes,2,High,Medium,Public,Neutral,3,No,Postgraduate,Near,Female,67,0.20930232558139533,True,False,False
19,96,Medium,No,7,57,High,Yes,0,Low,Medium,Public,Positive,3,No,High School,Near,Female,69,0.4186046511627907,False,False,True
14,80,Low,Yes,7,98,High,Yes,2,Low,High,Private,Negative,2,No,High School,Near,Male,66,0.3023255813953489,True,False,False
13,93,High,Yes,8,75,Medium,Yes,1,Medium,Medium,Private,Positive,2,No,High School,Near,Male,69,0.27906976744186046,False,False,True
21,76,Medium,Yes,6,74,Medium,Yes,2,Medium,Medium,Private,Neutral,3,No,High School,Near,Male,67,0.46511627906976744,False,False,True
28,64,Medium,Yes,9,56,Medium,Yes,1,Low,Low,Public,Negative,2,No,College,Near,Male,64,0.627906976744186,False,False,True
26,62,High,No,8,75,Medium,Yes,2,Medium,Medium,Public,Neutral,2,No,College,Moderate,Male,67,0.5813953488372092,True,False,False
11,62,High,Yes,7,87,High,No,3,Low,High,Public,Positive,3,No,High School,Far,Female,61,0.23255813953488375,False,True,False
14,75,Low,Yes,8,62,Low,Yes,0,High,Medium,Public,Negative,2,No,High School,Moderate,Female,61,0.3023255813953489,False,False,True
26,73,Medium,Yes,9,68,High,Yes,4,Medium,Medium,Public,Neutral,2,No,High School,Far,Male,68,0.5813953488372092,False,False,True
14,89,High,No,6,59,Low,Yes,2,Low,High,Public,Neutral,5,No,Postgraduate,Moderate,Male,66,0.3023255813953489,False,True,False
19,90,Medium,No,8,68,Low,Yes,0,High,Medium,Public,Negative,4,No,High School,Moderate,Male,66,0.4186046511627907,False,False,True
23,62,High,No,10,93,High,Yes,2,Low,Medium,Public,Positive,4,No,College,Near,Female,68,0.5116279069767441,False,False,True
14,69,High,No,8,62,High,Yes,1,Medium,High,Private,Neutral,2,No,High School,Near,Male,63,0.3023255813953489,False,True,False
21,71,Medium,Yes,7,51,Medium,Yes,3,Medium,High,Private,Neutral,3,No,Postgraduate,Moderate,Female,66,0.46511627906976744,False,False,True
12,82,Medium,Yes,10,77,High,Yes,0,Medium,Medium,Public,Neutral,4,No,College,Far,Female,66,0.2558139534883721,True,False,False
16,66,Medium,Yes,7,79,High,Yes,0,High,High,Private,Neutral,3,No,College,Near,Female,66,0.3488372093023256,True,False,False
22,65,Medium,Yes,9,66,High,Yes,2,Medium,Medium,Public,Negative,4,No,High School,Near,Male,65,0.48837209302325585,False,False,True
10,98,Medium,Yes,6,82,Medium,Yes,2,High,Medium,Public,Positive,2,No,College,Moderate,Male,69,0.20930232558139533,False,False,True
23,92,High,No,9,52,High,Yes,1,High,Medium,Private,Positive,2,No,High School,Near,Female,71,0.5116279069767441,False,False,True
20,67,High,No,6,67,High,Yes,1,Medium,High,Public,Positive,2,Yes,College,Near,Female,66,0.4418604651162791,True,False,False
23,76,Medium,Yes,7,57,High,Yes,1,Medium,Medium,Public,Negative,3,No,High School,Moderate,Female,66,0.5116279069767441,False,False,True
21,74,High,Yes,6,61,Low,No,0,Low,Medium,Private,Positive,4,No,High School,Near,Male,65,0.46511627906976744,False,False,True
28,92,Medium,No,10,69,Medium,Yes,4,Low,Medium,Public,Neutral,4,No,High School,Moderate,Female,71,0.627906976744186,False,True,False
21,80,High,No,7,75,High,Yes,3,Medium,High,Private,Neutral,2,No,High School,Far,Male,69,0.46511627906976744,False,False,True
17,65,Low,Yes,5,55,Medium,Yes,2,Low,Medium,Public,Positive,3,No,High School,Near,Female,61,0.37209302325581395,False,True,False
21,90,Medium,Yes,7,55,High,Yes,1,Low,High,Public,Neutral,4,No,High School,Near,Female,70,0.46511627906976744,True,False,False
23,76,Medium,No,8,84,High,Yes,2,High,Medium,Public,Positive,4,No,College,Near,Female,70,0.5116279069767441,False,False,True
20,71,Medium,No,7,70,High,Yes,0,High,High,Public,Negative,4,No,High School,Near,Female,65,0.4418604651162791,False,False,True
20,75,Low,Yes,6,59,Medium,Yes,2,Medium,Medium,Public,Negative,1,No,Postgraduate,Moderate,Male,64,0.4418604651162791,False,False,True
16,80,High,Yes,9,62,Low,Yes,0,High,Medium,Public,Neutral,4,No,Postgraduate,Near,Female,68,0.3488372093023256,True,False,False
16,74,Medium,Yes,9,86,Low,Yes,1,Low,Medium,Private,Neutral,2,No,High School,Near,Female,63,0.3488372093023256,False,True,False
12,70,High,No,5,53,Medium,Yes,2,Low,Medium,Private,Positive,3,No,College,Near,Male,63,0.2558139534883721,False,False,True
30,76,Medium,Yes,6,75,Low,Yes,3,High,Medium,Public,Positive,3,No,College,Near,Female,71,0.6744186046511628,False,False,True
13,61,Low,No,7,68,Low,No,1,Medium,Medium,Public,Neutral,2,No,High School,Near,Male,58,0.27906976744186046,True,False,False
16,91,Medium,Yes,6,91,Medium,Yes,1,Medium,Medium,Public,Neutral,2,No,High School,Moderate,Female,68,0.3488372093023256,False,False,True
16,67,High,No,8,90,High,Yes,1,High,Low,Public,Neutral,4,No,High School,Near,Male,65,0.3488372093023256,False,False,True
25,62,Medium,No,10,84,Low,Yes,2,Low,Medium,Public,Positive,3,No,College,Near,Female,65,0.5581395348837209,False,False,True
18,86,Low,Yes,6,69,Low,Yes,2,Medium,High,Public,Positive,2,No,High School,Near,Male,68,0.3953488372093023,True,False,False
27,91,High,Yes,9,82,Medium,Yes,0,Low,Low,Public,Neutral,1,No,High School,Far,Male,69,0.6046511627906976,False,True,False
16,93,Medium,Yes,5,82,Low,Yes,5,High,Medium,Public,Positive,1,No,High School,Near,Male,71,0.3488372093023256,False,False,True
22,80,Medium,No,8,67,Low,Yes,2,Low,Low,Private,Positive,2,No,Postgraduate,Moderate,Male,65,0.48837209302325585,False,True,False
15,68,Medium,Yes,6,94,Low,Yes,0,Medium,High,Public,Neutral,5,No,Postgraduate,Near,Female,64,0.32558139534883723,False,True,False
33,89,Medium,No,8,99,Medium,Yes,2,High,High,Private,Positive,4,No,College,Moderate,Male,75,0.7441860465116279,False,True,False
13,88,Medium,No,4,66,Low,Yes,1,Low,High,Public,Positive,4,No,High School,Near,Female,67,0.27906976744186046,True,False,False
22,70,High,Yes,5,90,High,Yes,1,Medium,High,Public,Neutral,3,No,College,Far,Female,68,0.48837209302325585,False,False,True
24,96,High,No,8,75,Low,Yes,1,Medium,Medium,Public,Positive,1,No,College,Moderate,Female,72,0.5348837209302325,True,False,False
22,64,Medium,No,6,73,High,Yes,3,Medium,Medium,Public,Positive,4,No,Postgraduate,Moderate,Female,67,0.48837209302325585,False,False,True
19,99,Medium,No,7,69,Medium,Yes,1,High,Medium,Public,Positive,3,No,High School,Near,Male,72,0.4186046511627907,True,False,False
19,94,Low,Yes,10,65,High,Yes,1,Low,High,Public,Negative,3,No,Postgraduate,Moderate,Male,69,0.4186046511627907,False,False,True
20,88,Low,No,7,96,Low,Yes,0,High,High,Public,Positive,3,No,Postgraduate,Moderate,Male,68,0.4418604651162791,False,True,False
19,98,Medium,Yes,8,87,Medium,Yes,0,Medium,Medium,Private,Negative,6,No,High School,Near,Male,70,0.4186046511627907,False,False,True
26,89,Medium,No,6,72,High,Yes,1,Low,Medium,Public,Neutral,3,Yes,College,Near,Female,69,0.5813953488372092,False,False,True
33,68,Low,Yes,5,88,Medium,Yes,2,Low,Medium,Public,Negative,1,No,College,Moderate,Male,67,0.7441860465116279,False,False,True
17,78,Medium,No,7,86,Medium,No,0,Low,Low,Public,Neutral,3,No,College,Near,Female,63,0.37209302325581395,False,False,True
12,63,High,No,5,63,Low,Yes,4,Low,Medium,Private,Positive,2,No,High School,Moderate,Male,61,0.2558139534883721,False,False,True
19,76,High,Yes,6,59,Medium,Yes,1,Medium,Medium,Public,Neutral,3,No,High School,Near,Female,66,0.4186046511627907,False,False,True
35,90,Medium,Yes,7,92,Low,No,0,Low,Medium,Private,Neutral,4,No,High School,Near,Male,73,0.7906976744186046,True,False,False
15,75,High,Yes,7,91,High,Yes,0,Medium,High,Public,Neutral,3,No,College,Moderate,Male,67,0.32558139534883723,False,False,True
30,73,Medium,Yes,8,100,Medium,Yes,2,High,High,Public,Neutral,2,No,High School,Near,Female,72,0.6744186046511628,True,False,False
30,84,Medium,No,8,51,Low,Yes,1,Low,Medium,Public,Positive,4,Yes,Postgraduate,Far,Male,69,0.6744186046511628,True,False,False
17,95,High,No,5,77,Medium,Yes,2,Medium,Medium,Public,Positive,4,No,High School,Moderate,Female,69,0.37209302325581395,False,True,False
23,62,High,Yes,6,85,Medium,Yes,1,Low,Medium,Public,Negative,3,Yes,College,Moderate,Male,63,0.5116279069767441,False,True,False
30,75,Medium,Yes,4,79,Low,Yes,0,Medium,Medium,Public,Negative,4,No,High School,Moderate,Male,67,0.6744186046511628,False,False,True
18,66,Medium,No,6,86,Medium,Yes,0,High,Medium,Public,Positive,2,No,High School,Moderate,Female,63,0.3953488372093023,False,False,True
19,88,High,Yes,8,57,Low,No,1,Medium,Low,Private,Negative,4,No,College,Near,Male,66,0.4186046511627907,False,False,True
17,64,Medium,No,9,50,Medium,Yes,2,Low,High,Public,Positive,4,No,High School,Moderate,Female,62,0.37209302325581395,False,False,True
14,87,Medium,Yes,7,55,Medium,Yes,2,Low,High,Private,Positive,4,No,Postgraduate,Near,Male,68,0.3023255813953489,False,False,True
16,71,High,No,9,69,Medium,Yes,1,Low,Medium,Public,Neutral,4,No,Postgraduate,Near,Female,65,0.3488372093023256,False,False,True
13,68,Low,Yes,8,66,Medium,Yes,0,Medium,Low,Public,Neutral,4,Yes,College,Near,Male,59,0.27906976744186046,False,True,False
20,97,Medium,Yes,7,94,High,Yes,1,Medium,Medium,Public,Negative,1,No,College,Moderate,Male,72,0.4418604651162791,True,False,False
15,61,High,Yes,6,54,Medium,Yes,0,High,High,Private,Neutral,2,No,Postgraduate,Near,Male,63,0.32558139534883723,False,False,True
21,78,Medium,No,4,72,Medium,Yes,1,Medium,High,Public,Neutral,4,No,Postgraduate,Near,Male,68,0.46511627906976744,False,False,True
11,61,Medium,Yes,9,98,High,Yes,0,Medium,High,Public,Negative,2,No,High School,Moderate,Male,61,0.23255813953488375,False,False,True
22,79,Medium,No,7,75,Low,Yes,1,Low,High,Private,Neutral,3,No,High School,Near,Female,65,0.48837209302325585,False,True,False
25,80,Medium,Yes,9,57,Low,Yes,2,Low,High,Public,Positive,3,No,High School,Moderate,Female,68,0.5581395348837209,False,False,True
8,73,Medium,Yes,6,65,High,Yes,1,Low,Medium,Public,Neutral,4,No,College,Moderate,Male,61,0.16279069767441862,False,True,False
22,65,Low,Yes,10,81,Medium,Yes,1,Low,Medium,Private,Neutral,3,No,Postgraduate,Near,Male,63,0.48837209302325585,False,True,False
27,75,Medium,Yes,7,51,High,Yes,1,Medium,Low,Public,Negative,2,No,Postgraduate,Near,Male,67,0.6046511627906976,False,False,True
13,87,Medium,Yes,6,98,Low,Yes,0,High,High,Public,Positive,3,Yes,Postgraduate,Moderate,Male,66,0.27906976744186046,False,True,False
30,91,Medium,Yes,7,78,High,Yes,3,Medium,Medium,Private,Positive,2,No,Postgraduate,Near,Male,75,0.6744186046511628,False,False,True
23,81,Medium,No,7,85,Low,Yes,0,Medium,Medium,Public,Positive,4,No,High School,Near,Male,68,0.5116279069767441,False,False,True
16,84,Medium,No,7,75,High,Yes,2,Medium,Medium,Public,Negative,3,No,High School,Near,Female,65,0.3488372093023256,False,True,False
20,68,Medium,No,6,98,High,Yes,0,Low,High,Public,Negative,4,No,High School,Near,Female,64,0.4418604651162791,False,True,False
23,71,Medium,Yes,4,79,Medium,No,2,Low,Medium,Public,Positive,3,No,High School,Near,Male,67,0.5116279069767441,True,False,False
20,66,Medium,Yes,6,83,Medium,Yes,2,Low,Medium,Private,Neutral,3,No,College,Near,Male,64,0.4418604651162791,False,True,False
23,70,High,Yes,9,93,Medium,Yes,0,Low,High,Public,Neutral,2,Yes,Postgraduate,Moderate,Female,67,0.5116279069767441,False,False,True
14,69,High,Yes,6,93,Low,No,2,Low,Medium,Private,Neutral,0,No,High School,Near,Male,63,0.3023255813953489,False,False,True
21,81,Medium,Yes,4,51,Medium,Yes,0,Medium,Medium,Private,Positive,2,No,College,Moderate,Female,67,0.46511627906976744,True,False,False
12,83,Low,Yes,5,64,Medium,Yes,1,High,Medium,Private,Negative,2,No,Postgraduate,Near,Female,65,0.2558139534883721,True,False,False
19,98,Low,Yes,7,62,High,Yes,1,Low,High,Public,Neutral,2,No,High School,Near,Female,70,0.4186046511627907,True,False,False
15,68,Medium,Yes,6,50,High,Yes,2,High,Low,Public,Neutral,3,No,High School,Moderate,Male,62,0.32558139534883723,False,False,True
16,86,Medium,Yes,7,94,Medium,Yes,2,Low,High,Public,Neutral,3,No,High School,Moderate,Female,69,0.3488372093023256,True,False,False
27,93,Low,Yes,6,66,Medium,Yes,2,Medium,Medium,Public,Negative,3,No,College,Moderate,Female,70,0.6046511627906976,False,False,True
27,82,Medium,Yes,9,67,Low,Yes,1,Low,High,Private,Neutral,2,No,High School,Moderate,Male,68,0.6046511627906976,False,False,True
24,70,High,No,8,55,Medium,Yes,4,Low,High,Public,Positive,4,No,Postgraduate,Moderate,Female,68,0.5348837209302325,False,False,True
13,71,Medium,Yes,10,99,Medium,Yes,0,Low,Medium,Public,Neutral,3,No,Postgraduate,Near,Male,64,0.27906976744186046,False,False,True
18,62,High,Yes,6,91,High,No,4,Low,Medium,Private,Neutral,1,No,High School,Moderate,Male,63,0.3953488372093023,False,True,False
27,72,Low,Yes,7,79,Medium,Yes,2,High,High,Public,Positive,2,No,Postgraduate,Moderate,Female,68,0.6046511627906976,False,True,False
21,90,Low,Yes,9,89,Low,Yes,1,Low,Low,Public,Neutral,2,No,High School,Far,Female,67,0.46511627906976744,True,False,False
34,62,Low,No,8,89,Low,Yes,3,Low,Medium,Private,Neutral,4,No,College,Moderate,Female,68,0.7674418604651162,True,False,False
22,69,High,Yes,6,83,Medium,Yes,1,Low,Medium,Public,Positive,2,No,College,Moderate,Female,66,0.48837209302325585,False,False,True
21,88,Medium,Yes,8,59,Low,No,2,Medium,Medium,Private,Negative,1,No,Postgraduate,Near,Male,67,0.46511627906976744,False,False,True
18,91,Medium,No,8,86,High,Yes,1,Medium,Medium,Public,Neutral,4,Yes,High School,Moderate,Male,69,0.3953488372093023,True,False,False
21,78,Medium,Yes,4,78,Medium,Yes,2,High,Medium,Private,Negative,3,No,High School,Far,Male,68,0.46511627906976744,True,False,False
19,88,High,No,6,86,Medium,Yes,4,Medium,Medium,Public,Positive,3,Yes,College,Moderate,Male,70,0.4186046511627907,False,False,True
24,76,Medium,No,7,77,Medium,Yes,3,Medium,Medium,Private,Negative,4,No,Postgraduate,Moderate,Female,68,0.5348837209302325,False,False,True
26,66,Medium,Yes,9,98,Medium,Yes,2,Low,Medium,Public,Neutral,2,No,College,Near,Male,66,0.5813953488372092,False,True,False
15,76,High,Yes,8,81,Medium,Yes,2,Low,Medium,Private,Neutral,4,No,Postgraduate,Moderate,Female,67,0.32558139534883723,False,False,True
12,83,Medium,No,6,79,Medium,Yes,1,High,Low,Public,Neutral,4,No,High School,Moderate,Female,65,0.2558139534883721,False,False,True
9,98,Medium,No,6,92,Medium,Yes,0,Medium,Medium,Public,Neutral,5,No,High School,Moderate,Male,67,0.18604651162790697,False,False,True
23,63,Medium,No,8,69,High,Yes,2,Medium,Low,Public,Negative,4,Yes,High School,Near,Male,63,0.5116279069767441,False,False,True
13,80,High,Yes,4,66,High,Yes,2,Low,Medium,Public,Negative,2,No,High School,Moderate,Female,64,0.27906976744186046,False,True,False
7,73,Medium,Yes,6,75,Medium,Yes,3,Low,Medium,Public,Neutral,3,No,College,Near,Female,64,0.13953488372093026,True,False,False
22,80,Low,No,9,79,High,Yes,0,Medium,Medium,Private,Neutral,3,No,College,Moderate,Female,66,0.48837209302325585,False,True,False
35,61,High,Yes,7,61,Low,Yes,2,Medium,Medium,Private,Positive,4,Yes,High School,Near,Male,68,0.7906976744186046,False,False,True
20,73,Medium,Yes,6,84,High,Yes,0,Medium,Medium,Public,Positive,3,No,High School,Moderate,Male,67,0.4418604651162791,True,False,False
25,93,High,No,5,90,Low,Yes,1,Medium,Medium,Public,Positive,2,No,College,Near,Male,72,0.5581395348837209,False,False,True
20,82,Medium,Yes,8,79,Low,Yes,1,Low,Medium,Public,Positive,4,No,High School,Near,Male,67,0.4418604651162791,False,False,True
19,78,Medium,No,7,76,High,Yes,2,Medium,Low,Public,Neutral,3,No,College,Moderate,Female,66,0.4186046511627907,False,False,True
26,71,Low,No,7,65,Medium,Yes,1,Low,Medium,Public,Positive,3,No,College,Near,Female,66,0.5813953488372092,True,False,False
18,72,High,Yes,8,95,Medium,Yes,1,Medium,Medium,Public,Negative,4,No,High School,Moderate,Male,67,0.3953488372093023,True,False,False
22,75,Medium,No,7,88,Low,Yes,0,Low,Medium,Private,Neutral,3,No,Postgraduate,Far,Male,65,0.48837209302325585,False,False,True
22,93,Medium,No,7,74,Low,Yes,2,Medium,High,Public,Negative,3,No,College,Far,Male,70,0.48837209302325585,True,False,False
16,99,Medium,Yes,5,83,Low,Yes,0,Low,High,Private,Neutral,4,No,Postgraduate,Near,Female,69,0.3488372093023256,False,True,False
26,78,High,Yes,5,67,Low,Yes,1,High,High,Private,Negative,3,No,High School,Moderate,Male,69,0.5813953488372092,True,False,False
19,76,Medium,Yes,8,53,Medium,Yes,1,Medium,Medium,Public,Negative,4,No,College,Near,Female,66,0.4186046511627907,True,False,False
15,94,Low,No,8,60,Medium,Yes,2,Medium,Medium,Public,Neutral,4,No,High School,Far,Male,66,0.32558139534883723,False,False,True
23,77,High,Yes,8,54,Medium,Yes,1,Low,Medium,Public,Negative,3,No,College,Moderate,Female,67,0.5116279069767441,True,False,False
15,82,High,Yes,6,75,Medium,Yes,1,Medium,Low,Public,Positive,3,No,High School,Near,Male,67,0.32558139534883723,False,False,True
20,69,Medium,Yes,8,81,High,Yes,2,Medium,Medium,Public,Positive,4,No,High School,Near,Male,67,0.4418604651162791,False,False,True
20,90,High,Yes,6,69,Medium,Yes,2,High,High,Public,Neutral,3,No,High School,Near,Female,72,0.4418604651162791,True,False,False
27,81,Low,Yes,9,77,Low,Yes,1,Medium,High,Public,Neutral,4,No,College,Moderate,Female,68,0.6046511627906976,False,False,True
23,92,Low,Yes,6,54,High,Yes,3,Medium,Medium,Public,Positive,2,Yes,Postgraduate,Near,Male,70,0.5116279069767441,False,False,True
20,91,Medium,Yes,6,88,Medium,Yes,1,Low,Medium,Public,Positive,4,No,High School,Moderate,Male,69,0.4418604651162791,False,False,True
25,69,Low,Yes,7,52,High,Yes,1,Low,Medium,Public,Positive,4,No,High School,Moderate,Male,65,0.5581395348837209,True,False,False
28,89,High,No,8,82,Medium,Yes,0,Medium,Medium,Public,Negative,3,No,Postgraduate,Far,Male,72,0.627906976744186,True,False,False
23,92,High,No,7,72,Medium,Yes,0,Low,Medium,Public,Neutral,4,No,College,Far,Female,69,0.5116279069767441,False,False,True
20,74,Medium,Yes,7,59,Low,Yes,5,High,Medium,Public,Positive,4,No,High School,Near,Female,68,0.4418604651162791,False,False,True
12,67,High,No,6,76,High,Yes,1,Low,Medium,Public,Negative,2,No,High School,Moderate,Male,62,0.2558139534883721,True,False,False
14,60,Low,Yes,7,89,Low,Yes,2,Medium,Medium,Public,Neutral,3,No,High School,Moderate,Male,60,0.3023255813953489,False,False,True
18,78,Medium,Yes,7,71,Low,Yes,3,Medium,Medium,Public,Neutral,4,No,High School,Moderate,Male,67,0.3953488372093023,True,False,False
16,74,High,Yes,6,68,Low,Yes,2,Medium,Medium,Public,Neutral,4,No,College,Near,Male,67,0.3488372093023256,True,False,False
19,82,High,Yes,7,57,Medium,Yes,1,Medium,Medium,Public,Neutral,3,No,High School,Near,Male,67,0.4186046511627907,False,False,True
20,68,Medium,Yes,7,80,Low,Yes,0,Low,Medium,Private,Neutral,4,No,High School,Near,Female,63,0.4418604651162791,False,False,True
23,94,Low,Yes,10,91,High,Yes,1,Medium,Medium,Public,Neutral,3,No,High School,Near,Male,71,0.5116279069767441,False,False,True
20,70,Medium,Yes,6,78,High,Yes,0,Medium,Medium,Private,Positive,2,No,College,Near,Female,66,0.4418604651162791,False,False,True
23,69,Medium,Yes,6,58,High,Yes,0,Medium,Medium,Public,Neutral,1,No,Postgraduate,Near,Female,65,0.5116279069767441,False,False,True
20,79,Medium,Yes,7,83,High,Yes,2,Medium,Medium,Public,Positive,2,No,High School,Moderate,Female,69,0.4418604651162791,True,False,False
8,80,Low,No,6,52,High,Yes,2,Medium,Medium,Public,Positive,1,No,High School,Near,Female,63,0.16279069767441862,True,False,False
14,69,Medium,Yes,5,92,High,Yes,3,Low,Low,Public,Negative,2,No,Postgraduate,Moderate,Female,64,0.3023255813953489,False,False,True
19,71,High,No,5,96,High,Yes,2,Low,Medium,Private,Neutral,0,Yes,College,Near,Female,67,0.4186046511627907,True,False,False
13,67,Medium,Yes,6,80,High,Yes,1,Low,High,Public,Negative,2,No,High School,Moderate,Male,62,0.27906976744186046,False,False,True
24,89,Low,Yes,6,94,Low,Yes,2,Medium,Medium,Public,Neutral,2,No,High School,Far,Male,68,0.5348837209302325,False,False,True
29,91,High,No,5,54,Low,Yes,2,Low,Medium,Public,Neutral,3,No,Postgraduate,Moderate,Male,71,0.6511627906976744,False,False,True
27,78,Medium,No,7,61,Medium,No,1,Low,Medium,Public,Negative,3,No,High School,Moderate,Female,66,0.6046511627906976,True,False,False
19,89,High,Yes,4,66,Low,Yes,1,Low,Medium,Public,Positive,1,No,Postgraduate,Near,Female,69,0.4186046511627907,False,False,True
29,89,Low,Yes,8,89,Low,Yes,1,Medium,High,Private,Neutral,4,No,High School,Moderate,Male,71,0.6511627906976744,False,False,True
21,66,Medium,Yes,6,74,Medium,Yes,2,Medium,High,Private,Neutral,4,No,High School,Near,Female,66,0.46511627906976744,False,False,True
18,99,Medium,No,6,67,Medium,Yes,5,Low,Medium,Public,Positive,3,No,Postgraduate,Near,Female,72,0.3953488372093023,False,False,True
16,93,Medium,Yes,8,58,Medium,Yes,1,High,High,Public,Positive,4,No,College,Near,Female,70,0.3488372093023256,False,False,True
18,68,Medium,No,8,91,High,Yes,1,Low,High,Private,Neutral,3,No,Postgraduate,Near,Female,65,0.3953488372093023,False,True,False
18,67,Medium,No,6,51,Medium,Yes,0,Medium,High,Public,Positive,2,No,College,Near,Female,64,0.3953488372093023,True,False,False
21,65,Medium,Yes,8,67,Medium,Yes,1,Low,Medium,Public,Positive,2,No,College,Moderate,Male,63,0.46511627906976744,False,False,True
21,66,Medium,No,9,62,Low,No,3,Medium,Medium,Private,Positive,2,No,High School,Near,Male,63,0.46511627906976744,False,False,True
20,90,Medium,No,5,56,Medium,No,3,Medium,Medium,Public,Positive,2,No,High School,Moderate,Male,66,0.4418604651162791,False,True,False
23,79,High,Yes,8,59,Low,Yes,1,Low,High,Public,Negative,4,No,College,Moderate,Male,68,0.5116279069767441,True,False,False
27,91,High,Yes,5,75,Low,Yes,1,High,High,Public,Neutral,4,No,College,Near,Male,74,0.6046511627906976,False,False,True
26,90,High,No,9,71,Low,Yes,0,High,Low,Private,Negative,2,No,College,Near,Female,71,0.5813953488372092,True,False,False
11,84,Medium,Yes,6,76,High,Yes,3,Low,High,Public,Negative,3,No,High School,Moderate,Female,67,0.23255813953488375,True,False,False
5,87,Low,No,6,86,Medium,Yes,2,Medium,High,Public,Positive,3,No,Postgraduate,Near,Female,66,0.09302325581395349,True,False,False
26,61,Medium,Yes,9,95,Medium,Yes,0,Medium,Medium,Private,Negative,6,No,College,Near,Male,67,0.5813953488372092,True,False,False
12,72,High,Yes,8,56,High,Yes,3,Low,Medium,Public,Positive,1,Yes,High School,Moderate,Male,62,0.2558139534883721,False,True,False
19,86,Low,No,6,54,Low,Yes,1,High,High,Private,Positive,5,No,Postgraduate,Near,Male,68,0.4186046511627907,False,False,True
13,60,Medium,Yes,7,66,Medium,Yes,2,Low,Medium,Public,Positive,3,No,Postgraduate,Near,Male,62,0.27906976744186046,False,False,True
9,61,Medium,Yes,6,77,Low,No,1,High,Medium,Private,Neutral,2,No,High School,Near,Male,82,0.18604651162790697,True,False,False
23,94,Medium,No,5,55,High,Yes,2,Medium,Medium,Public,Positive,2,Yes,High School,Near,Male,70,0.5116279069767441,True,False,False
25,87,Medium,No,7,86,Medium,Yes,4,Medium,Low,Private,Negative,2,No,College,Near,Male,72,0.5581395348837209,True,False,False
17,71,High,Yes,6,78,Low,Yes,0,Medium,Medium,Public,Positive,4,No,College,Near,Female,64,0.37209302325581395,False,True,False
4,88,High,No,6,87,Low,Yes,1,Medium,High,Public,Neutral,4,No,College,Near,Male,66,0.06976744186046512,False,False,True
17,92,Medium,Yes,9,68,High,Yes,0,Medium,Low,Private,Positive,3,No,College,Near,Female,68,0.37209302325581395,False,False,True
22,72,Medium,No,6,70,Low,Yes,1,High,Medium,Public,Neutral,3,No,Postgraduate,Far,Male,64,0.48837209302325585,False,True,False
11,61,Medium,Yes,7,90,High,Yes,0,Medium,High,Public,Neutral,3,No,High School,Near,Female,61,0.23255813953488375,False,True,False
21,97,Medium,Yes,9,63,Medium,Yes,0,Medium,Medium,Public,Positive,1,No,High School,Moderate,Male,69,0.46511627906976744,False,False,True
20,74,High,No,7,69,Low,Yes,2,High,High,Private,Neutral,2,No,College,Near,Male,68,0.4418604651162791,True,False,False
23,64,Medium,No,6,51,Medium,Yes,1,Medium,Medium,Public,Positive,5,No,College,Near,Male,64,0.5116279069767441,False,False,True
21,80,High,No,7,78,Medium,Yes,1,Low,High,Private,Negative,4,No,High School,Moderate,Female,67,0.46511627906976744,False,False,True
14,91,Medium,Yes,8,93,Medium,Yes,0,Medium,Medium,Public,Neutral,3,No,High School,Moderate,Male,67,0.3023255813953489,False,False,True
27,69,Medium,No,8,51,Medium,Yes,1,High,Medium,Public,Negative,2,No,High School,Near,Male,65,0.6046511627906976,False,False,True
19,71,Medium,Yes,10,81,Medium,Yes,2,Medium,High,Public,Positive,3,No,High School,Near,Female,68,0.4186046511627907,True,False,False
20,70,High,Yes,6,92,Medium,Yes,2,Medium,Low,Public,Positive,3,No,High School,Near,Male,67,0.4418604651162791,False,False,True
14,100,Medium,No,7,75,Low,Yes,1,Low,Medium,Public,Positive,3,No,Postgraduate,Moderate,Male,67,0.3023255813953489,False,True,False
17,68,High,Yes,5,66,Medium,Yes,1,High,Medium,Public,Negative,4,No,High School,Near,Male,64,0.37209302325581395,False,False,True
15,83,High,Yes,8,100,Medium,Yes,0,Medium,Medium,Public,Positive,3,No,College,Near,Female,70,0.32558139534883723,True,False,False
19,97,High,No,7,53,Medium,Yes,2,Low,Low,Private,Neutral,3,No,College,Moderate,Male,69,0.4186046511627907,False,False,True
30,66,High,No,7,61,Low,Yes,0,High,High,Private,Positive,2,No,High School,Far,Male,66,0.6744186046511628,False,False,True
12,99,Medium,No,6,94,Medium,Yes,2,Medium,Medium,Public,Neutral,3,No,Postgraduate,Moderate,Male,69,0.2558139534883721,False,True,False
10,98,Medium,Yes,6,65,Medium,Yes,1,Low,High,Private,Positive,2,No,High School,Near,Male,66,0.20930232558139533,False,True,False
29,95,Medium,Yes,7,91,Low,Yes,1,Low,Medium,Public,Neutral,3,No,High School,Moderate,Female,73,0.6511627906976744,True,False,False
19,69,Medium,Yes,6,67,Medium,No,4,High,High,Private,Positive,4,No,Postgraduate,Moderate,Male,66,0.4186046511627907,False,False,True
16,85,High,Yes,7,91,High,Yes,0,Medium,Medium,Public,Neutral,2,No,Postgraduate,Moderate,Male,69,0.3488372093023256,False,False,True
26,90,Low,Yes,7,84,Low,Yes,1,Medium,Medium,Public,Positive,3,No,High School,Moderate,Male,70,0.5813953488372092,False,False,True
16,99,Medium,Yes,5,73,High,Yes,1,Medium,Medium,Private,Positive,5,Yes,College,Far,Male,71,0.3488372093023256,True,False,False
31,67,High,Yes,5,76,Medium,Yes,2,Medium,High,Public,Positive,4,No,College,Near,Male,70,0.6976744186046511,False,True,False
24,91,Low,Yes,6,59,Medium,Yes,0,Low,Medium,Private,Neutral,4,No,High School,Near,Male,69,0.5348837209302325,True,False,False
17,74,Medium,No,9,56,Medium,Yes,1,Medium,High,Private,Negative,3,No,High School,Moderate,Male,63,0.37209302325581395,False,False,True
33,67,Medium,Yes,6,86,Medium,Yes,4,Medium,High,Public,Positive,3,Yes,High School,Near,Female,71,0.7441860465116279,True,False,False
16,77,High,No,7,92,Low,Yes,2,Medium,Medium,Public,Negative,2,No,College,Near,Male,67,0.3488372093023256,True,False,False
24,92,Medium,Yes,5,86,High,Yes,3,Medium,High,Public,Neutral,2,No,High School,Near,Female,73,0.5348837209302325,False,False,True
22,79,High,Yes,6,96,Medium,Yes,1,High,Medium,Public,Neutral,2,No,College,Moderate,Male,68,0.48837209302325585,False,True,False
28,82,Medium,Yes,5,95,Medium,Yes,0,High,Low,Public,Neutral,3,No,High School,Near,Male,69,0.627906976744186,False,True,False
29,100,High,Yes,8,89,Medium,Yes,2,Medium,Medium,Private,Neutral,3,No,High School,Moderate,Female,76,0.6511627906976744,True,False,False
20,76,Medium,Yes,5,95,Medium,Yes,4,Low,High,Public,Positive,3,No,High School,Near,Male,68,0.4418604651162791,False,True,False
15,85,Medium,No,8,58,High,Yes,1,Low,Medium,Private,Negative,3,No,College,Near,Male,65,0.32558139534883723,False,False,True
23,75,Medium,Yes,8,87,Low,Yes,0,High,Low,Public,Positive,1,No,High School,Near,Female,66,0.5116279069767441,False,False,True
16,76,Low,No,7,88,High,Yes,0,Low,Medium,Public,Positive,2,No,Postgraduate,Near,Male,65,0.3488372093023256,False,False,True
32,88,Medium,No,8,58,Low,Yes,3,Low,High,Private,Negative,3,No,High School,Moderate,Male,69,0.7209302325581395,False,True,False
21,98,Medium,Yes,10,95,Medium,Yes,0,Medium,Medium,Public,Neutral,1,No,High School,Near,Male,71,0.46511627906976744,True,False,False
18,82,Low,Yes,8,50,Medium,Yes,1,High,Medium,Public,Positive,3,No,High School,Moderate,Male,66,0.3953488372093023,True,False,False
21,91,High,No,5,72,Medium,Yes,3,Low,Medium,Public,Negative,3,Yes,High School,Near,Female,69,0.46511627906976744,False,False,True
12,64,Medium,No,9,51,Low,No,2,Low,Medium,Public,Neutral,4,No,College,Near,Male,59,0.2558139534883721,False,False,True
14,68,High,No,7,76,Medium,Yes,2,High,Medium,Public,Positive,3,No,High School,Near,Male,65,0.3023255813953489,False,False,True
27,80,High,No,10,71,High,Yes,4,Low,Low,Public,Neutral,2,No,College,Near,Male,72,0.6046511627906976,True,False,False
16,61,Low,Yes,6,81,Medium,Yes,0,Medium,Medium,Public,Negative,2,No,College,Near,Male,60,0.3488372093023256,False,False,True
14,70,Medium,Yes,9,88,Low,Yes,0,High,Medium,Private,Positive,4,No,College,Moderate,Female,64,0.3023255813953489,False,False,True
23,81,Medium,No,7,88,Low,Yes,1,Low,Medium,Public,Positive,4,No,Postgraduate,Near,Male,69,0.5116279069767441,False,False,True
27,61,High,Yes,10,86,Medium,Yes,3,Medium,High,Private,Positive,3,No,High School,Near,Female,70,0.6046511627906976,True,False,False
24,71,High,Yes,7,55,Low,Yes,2,High,Medium,Public,Positive,3,No,College,Far,Male,67,0.5348837209302325,False,False,True
26,81,Medium,No,10,71,Low,Yes,0,Medium,Medium,Private,Positive,5,Yes,High School,Near,Female,67,0.5813953488372092,False,False,True
15,83,Low,Yes,8,91,Medium,Yes,0,Low,Medium,Private,Neutral,3,No,College,Far,Male,64,0.32558139534883723,False,False,True
11,97,Medium,Yes,8,83,Low,Yes,4,Medium,High,Private,Negative,2,No,High School,Far,Male,68,0.23255813953488375,False,False,True
29,86,High,No,10,84,Low,Yes,1,Low,High,Private,Positive,4,No,High School,Near,Female,72,0.6511627906976744,False,False,True
18,77,High,Yes,6,61,Medium,Yes,1,Low,Medium,Private,Neutral,3,No,High School,Near,Female,65,0.3953488372093023,False,False,True
18,97,High,No,8,66,Low,Yes,2,Medium,Medium,Public,Neutral,2,No,College,Moderate,Male,70,0.3953488372093023,False,False,True
28,91,Medium,No,7,98,Low,Yes,2,Low,Medium,Private,Positive,5,No,Postgraduate,Near,Male,75,0.627906976744186,True,False,False
23,68,Low,Yes,7,92,Medium,No,3,Low,High,Private,Neutral,4,No,High School,Near,Male,65,0.5116279069767441,False,True,False
23,65,High,Yes,7,58,Low,Yes,1,Low,Medium,Public,Neutral,3,Yes,College,Moderate,Female,63,0.5116279069767441,False,False,True
33,87,High,No,8,77,Low,Yes,0,Low,Medium,Private,Positive,3,Yes,High School,Near,Male,71,0.7441860465116279,False,False,True
16,82,Low,Yes,8,75,Medium,Yes,2,Medium,Medium,Public,Positive,2,No,College,Near,Female,66,0.3488372093023256,False,False,True
26,92,Low,Yes,6,72,Medium,Yes,1,Low,Medium,Private,Neutral,3,No,High School,Moderate,Female,69,0.5813953488372092,False,False,True
20,90,Medium,No,7,74,Low,No,0,High,Low,Private,Positive,3,No,Postgraduate,Moderate,Female,68,0.4418604651162791,True,False,False
22,85,High,No,4,82,Medium,Yes,1,Medium,High,Public,Positive,2,No,Postgraduate,Near,Male,71,0.48837209302325585,False,False,True
29,99,Medium,Yes,8,98,High,No,5,Low,Low,Public,Neutral,2,No,Postgraduate,Near,Male,77,0.6511627906976744,True,False,False
23,81,Low,Yes,10,94,High,Yes,1,Medium,High,Public,Neutral,2,No,College,Near,Female,70,0.5116279069767441,True,False,False
23,65,Medium,No,7,94,Medium,Yes,1,High,Medium,Public,Negative,3,No,College,Near,Female,66,0.5116279069767441,False,False,True
26,93,Medium,No,5,85,Low,Yes,1,High,High,Public,Positive,3,No,College,Moderate,Female,73,0.5813953488372092,True,False,False
18,70,Medium,Yes,8,51,Medium,Yes,1,Low,Medium,Private,Negative,3,No,College,Moderate,Male,62,0.3953488372093023,False,False,True
15,91,Medium,No,6,72,Low,Yes,0,Medium,Medium,Public,Neutral,2,No,High School,Moderate,Female,65,0.32558139534883723,False,False,True
14,98,High,Yes,7,76,Medium,Yes,0,Low,Medium,Public,Neutral,2,No,Postgraduate,Near,Male,71,0.3023255813953489,True,False,False
8,88,Medium,Yes,8,92,High,Yes,1,Low,Medium,Public,Negative,4,No,College,Near,Male,66,0.16279069767441862,False,False,True
32,84,Medium,Yes,8,96,Medium,Yes,1,Low,Medium,Public,Positive,3,No,High School,Near,Female,72,0.7209302325581395,False,True,False
13,78,Medium,Yes,9,73,Medium,Yes,0,Medium,High,Private,Negative,4,No,High School,Near,Male,64,0.27906976744186046,False,False,True
19,75,Medium,No,7,65,Low,Yes,0,Low,Low,Private,Neutral,4,No,High School,Near,Female,63,0.4186046511627907,False,False,True
18,74,Medium,Yes,7,67,Low,Yes,0,Low,Medium,Public,Positive,3,No,High School,Near,Male,63,0.3953488372093023,False,True,False
22,85,Medium,No,8,79,High,Yes,5,Medium,High,Public,Neutral,2,No,High School,Near,Female,72,0.48837209302325585,True,False,False
25,90,Medium,Yes,7,64,Medium,Yes,2,Medium,High,Public,Positive,2,No,High School,Moderate,Male,71,0.5581395348837209,False,False,True
25,87,High,Yes,6,96,Low,No,3,Medium,Medium,Public,Positive,2,No,High School,Moderate,Female,72,0.5581395348837209,True,False,False
17,68,High,Yes,8,71,Medium,Yes,1,Medium,High,Private,Neutral,2,No,High School,Near,Male,65,0.37209302325581395,False,False,True
19,80,Medium,Yes,5,100,Medium,Yes,0,Medium,Medium,Public,Neutral,3,No,High School,Near,Female,67,0.4186046511627907,False,False,True
22,92,High,Yes,7,55,Low,Yes,1,Low,Medium,Public,Positive,4,No,High School,Moderate,Female,68,0.48837209302325585,False,True,False
19,79,High,Yes,5,59,Medium,Yes,2,Low,Medium,Private,Neutral,2,No,Postgraduate,Far,Male,66,0.4186046511627907,False,False,True
30,81,High,No,6,76,Medium,Yes,0,High,Medium,Public,Positive,3,No,Postgraduate,Near,Male,72,0.6744186046511628,False,False,True
23,91,Medium,No,6,93,Medium,Yes,3,Low,Low,Public,Neutral,3,No,High School,Moderate,Female,71,0.5116279069767441,True,False,False
24,86,High,No,6,68,Low,Yes,3,Low,High,Public,Positive,3,Yes,College,Moderate,Female,70,0.5348837209302325,False,False,True
24,76,Medium,No,9,92,Medium,Yes,1,Medium,Low,Public,Neutral,3,No,Postgraduate,Near,Female,68,0.5348837209302325,False,False,True
27,96,High,No,9,71,Low,Yes,0,Low,Medium,Private,Positive,4,No,College,Near,Female,72,0.6046511627906976,False,False,True
21,67,Medium,Yes,9,93,High,Yes,1,Low,High,Public,Neutral,3,No,College,Near,Male,66,0.46511627906976744,False,True,False
12,100,Medium,No,7,64,Medium,Yes,1,Medium,High,Public,Positive,6,No,High School,Near,Male,69,0.2558139534883721,False,False,True
22,65,Medium,Yes,6,74,High,Yes,2,Medium,Medium,Public,Positive,1,No,College,Near,Male,65,0.48837209302325585,False,True,False
16,61,High,No,8,64,Medium,Yes,1,Low,High,Public,Positive,3,No,High School,Far,Male,62,0.3488372093023256,True,False,False
17,96,High,No,7,61,Low,Yes,1,Low,High,Public,Positive,1,No,College,Moderate,Female,69,0.37209302325581395,True,False,False
24,70,Medium,Yes,7,71,Medium,Yes,1,Medium,Low,Public,Negative,4,No,High School,Near,Male,65,0.5348837209302325,False,False,True
27,89,Low,No,4,67,Medium,Yes,2,Low,Low,Private,Neutral,4,No,College,Near,Female,69,0.6046511627906976,False,False,True
20,92,High,Yes,8,89,Medium,Yes,1,Low,Medium,Public,Neutral,3,No,High School,Moderate,Female,69,0.4418604651162791,False,True,False
22,94,Medium,Yes,8,87,Medium,Yes,2,Low,Medium,Private,Neutral,5,No,College,Near,Female,73,0.48837209302325585,True,False,False
30,100,Medium,Yes,7,68,Low,Yes,2,Medium,Medium,Private,Neutral,2,No,Postgraduate,Near,Female,75,0.6744186046511628,True,False,False
21,72,High,Yes,8,100,Medium,Yes,3,Low,High,Private,Positive,3,No,College,Far,Male,70,0.46511627906976744,True,False,False
36,88,High,No,8,99,High,Yes,0,Low,Medium,Private,Negative,3,No,College,Near,Female,74,0.8139534883720929,False,False,True
23,65,Medium,Yes,6,96,Medium,Yes,0,Low,Low,Public,Positive,3,No,High School,Near,Male,65,0.5116279069767441,False,False,True
9,76,Medium,No,7,79,Medium,Yes,1,Medium,Medium,Public,Negative,3,No,College,Near,Male,63,0.18604651162790697,False,False,True
25,94,High,No,5,71,Low,Yes,4,Medium,High,Public,Negative,4,No,College,Near,Female,74,0.5581395348837209,True,False,False
22,75,High,Yes,9,66,Low,Yes,0,Low,Medium,Private,Neutral,2,No,Postgraduate,Near,Male,67,0.48837209302325585,True,False,False
28,84,Medium,Yes,8,51,Medium,No,3,Medium,Medium,Public,Positive,4,No,Postgraduate,Near,Female,71,0.627906976744186,False,False,True
24,80,Low,Yes,6,82,Medium,Yes,1,Low,High,Public,Neutral,3,No,College,Moderate,Female,68,0.5348837209302325,True,False,False
19,86,Medium,No,8,78,Medium,Yes,2,Medium,Medium,Public,Negative,4,No,College,Near,Female,69,0.4186046511627907,True,False,False
13,99,High,No,7,81,Medium,Yes,0,Medium,Medium,Public,Positive,4,No,Postgraduate,Near,Male,71,0.27906976744186046,False,False,True
19,62,Medium,Yes,6,79,Low,Yes,7,Medium,Medium,Public,Neutral,2,No,High School,Near,Female,66,0.4186046511627907,True,False,False
15,83,Medium,Yes,7,57,Low,Yes,0,Medium,Medium,Private,Positive,3,No,Postgraduate,Near,Male,65,0.32558139534883723,False,False,True
17,95,Low,Yes,8,85,Low,No,1,Low,High,Private,Negative,2,No,College,Moderate,Female,66,0.37209302325581395,False,False,True
24,79,Low,Yes,8,68,High,Yes,2,Low,Medium,Private,Negative,2,No,High School,Near,Male,65,0.5348837209302325,False,True,False
30,63,Medium,No,10,76,Medium,Yes,1,Medium,Medium,Public,Neutral,4,No,Postgraduate,Moderate,Female,67,0.6744186046511628,False,False,True
22,82,Medium,No,7,68,High,Yes,2,Low,Medium,Private,Neutral,4,No,Postgraduate,Near,Male,70,0.48837209302325585,True,False,False
13,73,Medium,Yes,7,51,Medium,Yes,1,Low,Medium,Public,Positive,4,No,Postgraduate,Near,Male,63,0.27906976744186046,False,False,True
23,66,Low,No,8,94,Low,Yes,1,Medium,High,Private,Neutral,3,No,Postgraduate,Moderate,Male,64,0.5116279069767441,False,True,False
27,94,Medium,Yes,7,57,Medium,Yes,1,Medium,Medium,Private,Neutral,1,No,High School,Near,Male,71,0.6046511627906976,False,False,True
16,81,High,Yes,6,79,Medium,Yes,2,Low,High,Public,Positive,3,No,College,Moderate,Female,68,0.3488372093023256,False,False,True
19,97,Low,No,6,94,Medium,Yes,2,High,Medium,Public,Neutral,4,No,Postgraduate,Near,Male,72,0.4186046511627907,False,False,True
20,92,High,Yes,4,61,Medium,Yes,2,High,Medium,Public,Neutral,4,No,College,Near,Male,71,0.4418604651162791,False,False,True
15,88,Low,Yes,8,71,Medium,No,1,Low,Low,Private,Positive,2,No,Postgraduate,Moderate,Male,64,0.32558139534883723,False,True,False
24,60,Low,Yes,5,69,Medium,Yes,1,Medium,High,Public,Neutral,5,No,High School,Moderate,Male,64,0.5348837209302325,True,False,False
19,77,Medium,Yes,6,54,Low,Yes,3,High,Medium,Private,Negative,2,No,College,Moderate,Male,66,0.4186046511627907,True,False,False
23,68,High,Yes,7,71,High,Yes,3,Medium,Medium,Public,Positive,3,No,High School,Moderate,Female,68,0.5116279069767441,False,False,True
15,96,Medium,No,7,74,Medium,Yes,2,Low,Low,Private,Positive,2,No,High School,Far,Male,68,0.32558139534883723,True,False,False
17,67,Medium,Yes,10,51,Medium,Yes,3,Low,Medium,Public,Positive,5,No,High School,Near,Male,65,0.37209302325581395,True,False,False
24,71,Medium,Yes,5,74,Medium,Yes,1,Medium,Medium,Private,Positive,3,No,High School,Near,Male,67,0.5348837209302325,False,False,True
18,81,Low,Yes,10,55,Low,Yes,3,Low,Medium,Public,Negative,2,No,High School,Near,Male,64,0.3953488372093023,False,False,True
30,71,Medium,Yes,9,95,High,No,1,Medium,Medium,Public,Neutral,4,No,College,Near,Male,70,0.6744186046511628,True,False,False
18,68,High,Yes,8,83,Low,Yes,1,Low,Medium,Public,Positive,2,No,College,Near,Male,65,0.3953488372093023,False,False,True
21,84,Low,No,9,53,Low,Yes,2,Medium,High,Public,Negative,3,No,High School,Moderate,Female,65,0.46511627906976744,False,False,True
26,64,Medium,No,8,91,High,Yes,1,Medium,Medium,Public,Positive,4,No,High School,Near,Male,68,0.5813953488372092,True,False,False
11,62,High,Yes,4,68,Medium,Yes,2,High,Medium,Public,Negative,3,No,High School,Moderate,Male,61,0.23255813953488375,False,False,True
9,75,Low,No,8,61,High,Yes,3,Medium,Medium,Public,Neutral,3,No,High School,Near,Male,63,0.18604651162790697,True,False,False
11,89,Medium,Yes,5,63,Medium,Yes,0,Medium,Medium,Public,Neutral,2,No,College,Near,Female,65,0.23255813953488375,False,False,True
28,82,Medium,Yes,6,80,Medium,Yes,1,Low,Medium,Private,Neutral,5,No,High School,Far,Female,69,0.627906976744186,False,False,True
17,77,Medium,No,7,54,Low,Yes,1,Low,High,Public,Positive,2,No,College,Near,Male,64,0.37209302325581395,False,False,True
35,83,Low,No,6,53,Medium,Yes,1,Low,Medium,Private,Neutral,2,No,High School,Near,Female,69,0.7906976744186046,False,False,True
17,75,Medium,Yes,8,81,Low,Yes,3,High,Medium,Public,Neutral,3,Yes,Postgraduate,Near,Male,67,0.37209302325581395,True,False,False
21,97,High,Yes,7,99,High,Yes,1,Medium,High,Public,Neutral,1,No,Postgraduate,Moderate,Male,74,0.46511627906976744,False,False,True
29,62,Medium,Yes,8,74,Medium,Yes,1,Low,Medium,Private,Negative,3,Yes,College,Near,Male,66,0.6511627906976744,True,False,False
32,87,High,Yes,7,71,Medium,Yes,0,High,Low,Public,Neutral,4,Yes,College,Near,Male,72,0.7209302325581395,False,False,True
32,96,Low,Yes,7,97,Low,Yes,1,Low,Medium,Public,Neutral,5,No,College,Moderate,Male,73,0.7209302325581395,False,False,True
27,92,Medium,No,6,62,High,Yes,0,Medium,High,Public,Positive,4,No,College,Near,Male,73,0.6046511627906976,True,False,False
26,67,Medium,Yes,5,62,High,Yes,0,Medium,Medium,Public,Negative,2,No,High School,Moderate,Male,63,0.5813953488372092,False,True,False
24,72,Medium,Yes,7,95,Medium,Yes,3,Low,Medium,Public,Negative,2,No,Postgraduate,Near,Male,69,0.5348837209302325,True,False,False
25,89,Low,Yes,6,82,High,Yes,2,Low,Medium,Public,Neutral,6,No,Postgraduate,Near,Male,71,0.5581395348837209,False,True,False
17,63,Medium,No,9,53,High,Yes,1,Low,High,Public,Neutral,4,No,College,Moderate,Male,63,0.37209302325581395,True,False,False
15,92,High,Yes,5,84,Medium,Yes,0,High,Low,Public,Positive,5,No,High School,Moderate,Female,69,0.32558139534883723,False,False,True
20,89,High,Yes,10,91,Low,Yes,3,Medium,Medium,Private,Neutral,3,No,College,Moderate,Male,72,0.4418604651162791,True,False,False
19,89,Low,Yes,7,64,Medium,Yes,2,Low,Medium,Public,Positive,4,Yes,Postgraduate,Moderate,Female,68,0.4186046511627907,True,False,False
17,64,High,No,7,69,Medium,Yes,1,Medium,Medium,Public,Negative,3,No,High School,Near,Female,62,0.37209302325581395,False,True,False
24,89,High,Yes,6,60,Medium,Yes,1,Low,Medium,Private,Neutral,2,No,High School,Near,Male,68,0.5348837209302325,False,True,False
26,87,Medium,Yes,8,82,High,Yes,1,Low,Medium,Public,Negative,2,No,Postgraduate,Near,Male,71,0.5813953488372092,False,False,True
21,93,Low,Yes,7,83,Low,No,1,High,High,Public,Neutral,3,Yes,High School,Moderate,Male,67,0.46511627906976744,False,False,True
29,62,High,Yes,7,53,High,Yes,0,Low,Medium,Private,Positive,3,No,College,Moderate,Female,65,0.6511627906976744,False,True,False
13,61,Medium,Yes,8,84,High,No,1,Medium,High,Public,Neutral,3,Yes,Postgraduate,Far,Male,60,0.27906976744186046,False,True,False
19,75,High,Yes,8,83,High,Yes,2,High,Medium,Public,Neutral,2,No,High School,Near,Male,68,0.4186046511627907,False,False,True
16,66,Medium,Yes,9,52,Medium,Yes,1,Medium,Low,Public,Negative,3,Yes,High School,Near,Male,59,0.3488372093023256,False,True,False
9,82,Medium,No,8,78,Medium,Yes,0,High,Medium,Public,Neutral,0,No,High School,Moderate,Female,64,0.18604651162790697,True,False,False
20,97,Medium,Yes,6,81,High,Yes,2,Low,Low,Public,Neutral,3,No,High School,Moderate,Male,71,0.4418604651162791,True,False,False
19,76,High,No,4,72,Low,Yes,2,High,Medium,Public,Neutral,2,No,College,Moderate,Female,68,0.4186046511627907,True,False,False
29,94,Medium,Yes,7,95,Medium,No,2,Low,Medium,Public,Neutral,3,Yes,College,Moderate,Male,70,0.6511627906976744,False,True,False
24,60,Low,No,7,66,Medium,Yes,1,Medium,High,Public,Neutral,4,No,College,Near,Female,62,0.5348837209302325,False,True,False
14,67,Medium,No,10,53,Medium,Yes,2,High,Medium,Public,Neutral,3,No,College,Near,Male,62,0.3023255813953489,False,False,True
31,61,Medium,No,7,84,Medium,Yes,2,Medium,Medium,Private,Neutral,3,No,High School,Near,Male,68,0.6976744186046511,True,False,False
27,73,Medium,No,8,80,Low,Yes,3,Medium,Medium,Private,Negative,3,No,High School,Near,Female,68,0.6046511627906976,False,False,True
23,96,Medium,Yes,8,99,High,Yes,3,Low,Low,Public,Positive,4,No,High School,Near,Female,74,0.5116279069767441,False,False,True
19,64,Medium,No,8,62,Medium,Yes,0,High,Medium,Public,Positive,4,Yes,College,Near,Male,61,0.4186046511627907,False,True,False
14,84,Medium,Yes,8,70,Medium,Yes,1,Low,High,Public,Neutral,5,No,College,Near,Male,67,0.3023255813953489,False,False,True
18,78,Low,No,6,73,Medium,Yes,1,High,High,Public,Positive,2,No,High School,Moderate,Female,65,0.3953488372093023,False,False,True
27,98,Medium,Yes,6,93,Low,No,5,High,High,Public,Positive,3,No,High School,Moderate,Female,101,0.6046511627906976,False,True,False
31,65,Low,Yes,7,71,Medium,Yes,1,Low,Medium,Public,Neutral,4,No,High School,Moderate,Male,65,0.6976744186046511,False,False,True
29,68,Medium,No,4,89,Medium,Yes,0,Medium,Medium,Private,Neutral,4,Yes,College,Near,Male,67,0.6511627906976744,False,False,True
17,61,High,Yes,7,58,Low,Yes,2,Low,Medium,Public,Positive,3,Yes,High School,Near,Female,61,0.37209302325581395,False,False,True
13,77,Medium,No,6,70,Medium,Yes,3,Medium,High,Public,Neutral,4,Yes,High School,Near,Male,64,0.27906976744186046,False,False,True
21,71,Low,No,7,58,High,Yes,1,Medium,High,Public,Positive,3,Yes,College,Far,Female,64,0.46511627906976744,True,False,False
9,95,Medium,Yes,7,97,Medium,Yes,1,Low,Low,Public,Neutral,2,No,College,Near,Male,67,0.18604651162790697,False,False,True
22,84,Medium,Yes,5,59,Medium,Yes,0,High,High,Private,Positive,3,No,College,Near,Female,69,0.48837209302325585,False,False,True
19,85,Medium,Yes,9,71,Low,Yes,1,Medium,High,Public,Positive,2,No,Postgraduate,Moderate,Female,69,0.4186046511627907,True,False,False
17,81,Medium,No,7,54,Medium,Yes,4,Low,Medium,Public,Positive,3,No,High School,Near,Female,67,0.37209302325581395,True,False,False
10,64,High,No,8,96,Medium,Yes,1,Medium,Medium,Public,Neutral,3,No,High School,Moderate,Male,62,0.20930232558139533,False,False,True
23,78,High,No,7,81,Medium,Yes,0,Low,Medium,Private,Neutral,1,No,High School,Near,Male,66,0.5116279069767441,False,True,False
17,100,Medium,No,8,98,Low,Yes,0,Medium,High,Public,Positive,4,No,College,Near,Male,72,0.37209302325581395,True,False,False
13,93,Medium,Yes,5,52,Low,Yes,2,Medium,Medium,Public,Positive,3,No,College,Near,Female,67,0.27906976744186046,False,False,True
3,96,High,Yes,9,59,Medium,Yes,2,Low,Medium,Public,Negative,3,No,College,Moderate,Female,66,0.046511627906976744,True,False,False
20,93,Low,Yes,8,69,Medium,Yes,2,Low,Medium,Public,Neutral,4,No,High School,Moderate,Male,67,0.4418604651162791,False,True,False
31,64,Low,Yes,7,81,Low,Yes,1,Medium,Medium,Public,Positive,4,No,High School,Near,Female,67,0.6976744186046511,True,False,False
30,69,Medium,Yes,7,66,Medium,Yes,0,Medium,Low,Public,Positive,4,No,Postgraduate,Near,Female,68,0.6744186046511628,False,False,True
17,60,Medium,Yes,9,86,Medium,Yes,0,Low,High,Public,Positive,2,No,High School,Near,Male,63,0.37209302325581395,True,False,False
16,72,High,No,6,58,Low,Yes,1,Medium,Medium,Public,Negative,2,No,High School,Far,Male,62,0.3488372093023256,False,False,True
23,64,Medium,Yes,5,80,Low,Yes,3,Medium,High,Public,Negative,2,Yes,College,Moderate,Female,65,0.5116279069767441,True,False,False
14,79,Medium,Yes,6,70,Medium,Yes,1,Low,Medium,Public,Positive,6,No,College,Moderate,Male,65,0.3023255813953489,False,False,True
22,87,High,Yes,7,75,Medium,Yes,0,Medium,High,Public,Positive,2,Yes,College,Near,Female,70,0.48837209302325585,False,False,True
25,95,Medium,No,7,78,Medium,Yes,7,Low,Medium,Public,Positive,4,No,High School,Near,Male,73,0.5581395348837209,False,True,False
27,90,Medium,Yes,9,53,Medium,Yes,1,Medium,High,Public,Positive,2,No,Postgraduate,Near,Female,73,0.6046511627906976,True,False,False
19,98,Low,Yes,6,96,Medium,No,2,Low,Medium,Private,Negative,2,No,High School,Moderate,Male,68,0.4186046511627907,False,False,True
19,62,Low,No,6,89,High,Yes,3,Medium,Medium,Public,Positive,1,No,High School,Moderate,Male,63,0.4186046511627907,False,False,True
15,60,Low,Yes,5,72,High,Yes,2,High,High,Public,Positive,2,No,High School,Near,Male,62,0.32558139534883723,False,False,True
15,86,Medium,Yes,8,77,Medium,Yes,0,Medium,Medium,Public,Positive,3,No,Postgraduate,Near,Male,69,0.32558139534883723,True,False,False
19,72,High,No,5,52,Medium,Yes,2,Medium,Medium,Public,Neutral,3,No,Postgraduate,Near,Male,66,0.4186046511627907,False,False,True
22,70,High,Yes,8,75,High,Yes,0,Medium,Medium,Private,Positive,3,No,Postgraduate,Near,Male,68,0.48837209302325585,False,False,True
25,73,Medium,Yes,6,71,Low,Yes,0,Low,Medium,Private,Positive,3,No,College,Far,Female,67,0.5581395348837209,True,False,False
15,71,High,Yes,6,69,Low,Yes,2,Low,High,Private,Negative,4,No,College,Near,Female,65,0.32558139534883723,True,False,False
29,80,Medium,Yes,10,91,High,No,1,High,Medium,Public,Positive,3,No,College,Moderate,Male,70,0.6511627906976744,False,True,False
18,78,Medium,Yes,9,59,High,No,0,High,High,Private,Positive,1,No,High School,Moderate,Female,64,0.3953488372093023,False,True,False
20,80,Low,Yes,7,59,High,Yes,2,Medium,High,Private,Neutral,3,No,High School,Moderate,Male,65,0.4418604651162791,False,True,False
16,87,Medium,No,5,76,High,Yes,1,Low,High,Private,Neutral,2,No,Postgraduate,Far,Female,67,0.3488372093023256,False,False,True
5,75,Low,Yes,10,84,Medium,Yes,0,High,Medium,Private,Neutral,4,No,Postgraduate,Moderate,Female,62,0.09302325581395349,False,False,True
25,70,Medium,Yes,7,51,High,Yes,3,Low,Medium,Public,Positive,4,No,High School,Moderate,Male,66,0.5581395348837209,False,False,True
24,67,High,Yes,7,77,Low,Yes,0,High,Medium,Public,Positive,2,No,College,Near,Female,68,0.5348837209302325,True,False,False
18,74,Low,No,8,65,High,Yes,0,Medium,High,Public,Positive,4,No,College,Moderate,Female,64,0.3953488372093023,False,False,True
20,90,Low,No,4,88,Medium,Yes,3,Low,Medium,Public,Negative,3,No,High School,Moderate,Male,69,0.4418604651162791,True,False,False
23,90,Medium,Yes,6,73,Low,No,1,High,Medium,Private,Positive,2,No,High School,Near,Female,69,0.5116279069767441,False,False,True
11,87,Medium,Yes,7,92,Medium,Yes,1,Medium,Medium,Public,Positive,5,No,High School,Moderate,Female,67,0.23255813953488375,False,False,True
17,69,Medium,Yes,7,70,Low,Yes,0,Low,High,Public,Neutral,3,Yes,College,Moderate,Male,61,0.37209302325581395,False,False,True
25,84,Medium,Yes,5,91,Low,Yes,1,Medium,Medium,Public,Positive,4,Yes,Postgraduate,Moderate,Female,70,0.5581395348837209,True,False,False
12,83,Medium,Yes,7,86,Low,Yes,1,High,Medium,Public,Negative,4,No,College,Near,Female,65,0.2558139534883721,False,True,False
22,79,Medium,Yes,7,91,Low,Yes,0,Low,Medium,Public,Positive,4,Yes,College,Moderate,Male,66,0.48837209302325585,False,False,True
12,82,Medium,Yes,10,91,Medium,Yes,3,Low,Medium,Public,Negative,3,No,Postgraduate,Near,Male,66,0.2558139534883721,False,True,False
23,80,High,Yes,9,74,Medium,Yes,4,Medium,Medium,Public,Negative,3,No,High School,Moderate,Male,69,0.5116279069767441,False,False,True
20,83,Medium,Yes,7,68,High,Yes,1,Medium,Medium,Public,Positive,1,No,High School,Near,Female,67,0.4418604651162791,False,False,True
10,89,High,Yes,7,88,Medium,Yes,2,High,Medium,Private,Positive,2,No,Postgraduate,Near,Female,71,0.20930232558139533,True,False,False
27,64,High,Yes,9,68,High,Yes,1,Low,High,Private,Neutral,4,No,High School,Near,Male,68,0.6046511627906976,True,False,False
16,90,Medium,No,7,54,High,No,2,Medium,Medium,Public,Positive,3,No,High School,Near,Female,67,0.3488372093023256,False,False,True
15,65,Medium,No,5,93,Low,Yes,2,Low,Medium,Public,Neutral,4,Yes,High School,Near,Female,63,0.32558139534883723,True,False,False
21,63,Medium,No,10,70,Low,Yes,1,High,High,Private,Positive,2,No,College,Near,Female,64,0.46511627906976744,False,False,True
27,99,Medium,Yes,6,57,Medium,Yes,3,Low,Medium,Public,Neutral,3,No,College,Moderate,Male,73,0.6046511627906976,True,False,False
14,98,Medium,Yes,10,82,High,Yes,1,Low,Medium,Private,Positive,3,No,High School,Moderate,Male,69,0.3023255813953489,False,False,True
20,62,Low,No,8,94,High,Yes,1,Medium,Medium,Public,Positive,3,No,High School,Near,Female,65,0.4418604651162791,True,False,False
23,78,Low,Yes,6,93,Medium,Yes,0,Medium,High,Private,Positive,5,No,Postgraduate,Near,Male,70,0.5116279069767441,True,False,False
24,67,Medium,Yes,4,78,Low,Yes,1,Low,High,Public,Positive,2,No,High School,Near,Female,67,0.5348837209302325,True,False,False
21,79,Low,Yes,8,54,High,Yes,3,Low,Medium,Public,Positive,3,No,Postgraduate,Moderate,Female,67,0.46511627906976744,False,False,True
18,93,High,Yes,5,85,Medium,Yes,0,Low,Medium,Public,Positive,3,No,High School,Near,Male,70,0.3953488372093023,False,False,True
15,98,Low,No,8,80,Low,No,2,High,High,Public,Negative,2,No,Postgraduate,Near,Female,69,0.32558139534883723,True,False,False
21,85,Medium,No,10,61,High,Yes,2,Medium,Medium,Public,Neutral,2,Yes,High School,Near,Male,68,0.46511627906976744,True,False,False
14,74,High,No,5,95,High,Yes,1,Low,High,Public,Positive,3,Yes,College,Near,Male,66,0.3023255813953489,False,False,True
2,84,High,No,8,54,Low,Yes,3,Low,Low,Public,Positive,4,No,High School,Near,Male,62,0.023255813953488372,False,True,False
23,72,Medium,Yes,6,69,Low,Yes,2,High,Medium,Public,Positive,4,No,High School,Near,Male,67,0.5116279069767441,False,False,True
25,96,Low,Yes,9,55,High,Yes,2,Medium,High,Public,Neutral,4,No,High School,Moderate,Male,71,0.5581395348837209,False,False,True
6,95,Medium,Yes,7,96,Medium,Yes,4,Low,Medium,Public,Neutral,2,No,High School,Moderate,Female,68,0.11627906976744186,True,False,False
14,82,Medium,Yes,7,52,High,Yes,3,Low,Medium,Public,Negative,2,No,High School,Near,Female,66,0.3023255813953489,True,False,False
24,73,Medium,Yes,9,71,High,Yes,0,Low,Medium,Public,Neutral,3,No,High School,Moderate,Male,64,0.5348837209302325,False,True,False
32,72,Medium,Yes,8,93,Low,Yes,1,Low,Medium,Private,Neutral,4,No,Postgraduate,Near,Female,71,0.7209302325581395,True,False,False
20,61,Low,Yes,6,63,Medium,Yes,1,Medium,High,Public,Positive,4,No,College,Far,Male,61,0.4418604651162791,False,True,False
16,93,High,No,10,55,Medium,No,2,Low,Medium,Public,Neutral,2,No,College,Near,Male,67,0.3488372093023256,False,False,True
19,78,Low,Yes,5,56,Low,Yes,3,High,Medium,Public,Neutral,4,No,College,Moderate,Female,65,0.4186046511627907,False,False,True
28,73,Medium,Yes,7,70,Low,No,0,Low,Medium,Private,Negative,6,No,College,Moderate,Female,66,0.627906976744186,True,False,False
16,79,High,Yes,6,71,Medium,Yes,2,Low,High,Public,Neutral,4,No,High School,Near,Female,68,0.3488372093023256,True,False,False
15,93,Medium,No,5,86,Medium,Yes,0,Low,Medium,Public,Neutral,2,No,College,Far,Male,66,0.32558139534883723,False,False,True
17,65,Medium,No,5,62,Medium,Yes,2,Medium,Medium,Public,Positive,4,No,High School,Near,Female,63,0.37209302325581395,False,False,True
14,94,Low,Yes,7,85,Low,Yes,1,High,Medium,Public,Neutral,3,No,High School,Moderate,Female,66,0.3023255813953489,False,True,False
21,96,High,No,8,100,Medium,Yes,1,High,Medium,Private,Positive,2,No,College,Near,Female,73,0.46511627906976744,False,False,True
30,98,Low,Yes,9,93,Medium,Yes,1,Low,Low,Private,Positive,3,No,High School,Near,Male,88,0.6744186046511628,False,False,True
22,76,Medium,No,9,82,High,Yes,0,Medium,High,Private,Neutral,4,No,High School,Near,Male,67,0.48837209302325585,False,False,True
18,69,High,Yes,7,97,Medium,Yes,2,Medium,Medium,Public,Positive,2,No,College,Near,Female,69,0.3953488372093023,True,False,False
18,75,Low,Yes,6,100,High,Yes,2,Low,Medium,Public,Positive,3,No,High School,Near,Female,67,0.3953488372093023,False,False,True
11,73,High,Yes,9,79,Medium,Yes,1,Low,High,Public,Neutral,2,No,High School,Near,Male,64,0.23255813953488375,False,False,True
25,67,High,Yes,6,64,Medium,No,0,Low,Medium,Public,Neutral,2,No,High School,Moderate,Male,64,0.5581395348837209,False,False,True
20,84,Medium,No,5,96,Low,Yes,1,Low,Medium,Public,Negative,2,No,High School,Near,Male,65,0.4418604651162791,False,True,False
19,79,Medium,No,8,92,High,Yes,1,Medium,High,Public,Positive,2,No,High School,Near,Male,68,0.4186046511627907,False,False,True
39,95,High,Yes,9,54,High,Yes,2,Medium,Medium,Private,Positive,3,No,High School,Moderate,Male,77,0.883720930232558,False,False,True
22,61,Medium,Yes,6,97,High,Yes,0,Low,High,Public,Negative,2,Yes,High School,Near,Male,63,0.48837209302325585,False,False,True
15,86,High,Yes,10,68,Medium,Yes,0,High,Medium,Public,Neutral,5,No,College,Near,Male,69,0.32558139534883723,True,False,False
17,91,Medium,Yes,8,66,Medium,Yes,3,Medium,Low,Public,Positive,2,No,College,Near,Male,69,0.37209302325581395,False,False,True
27,90,Low,No,8,67,Medium,Yes,2,Medium,Medium,Public,Negative,3,No,Postgraduate,Near,Male,70,0.6046511627906976,False,False,True
21,95,Medium,Yes,6,66,High,Yes,1,Medium,High,Public,Positive,4,No,College,Near,Male,73,0.46511627906976744,True,False,False
11,89,Low,Yes,9,76,Medium,Yes,1,Medium,High,Public,Neutral,3,No,Postgraduate,Far,Male,66,0.23255813953488375,False,False,True
26,97,Low,No,5,79,High,Yes,2,Low,Low,Private,Positive,3,No,High School,Near,Female,71,0.5813953488372092,False,False,True
16,73,Low,Yes,6,71,Medium,Yes,2,High,High,Public,Positive,5,No,College,Near,Male,66,0.3488372093023256,False,False,True
31,80,Medium,Yes,6,71,High,Yes,2,Low,High,Public,Neutral,3,No,High School,Near,Female,71,0.6976744186046511,False,False,True
26,61,Low,Yes,5,87,Medium,Yes,3,High,High,Public,Positive,2,Yes,High School,Near,Male,66,0.5813953488372092,False,False,True
17,60,High,Yes,8,50,High,Yes,0,Low,High,Public,Positive,4,No,High School,Near,Female,63,0.37209302325581395,False,False,True
28,70,High,Yes,8,97,Medium,Yes,5,Low,Low,Public,Negative,5,Yes,High School,Near,Male,70,0.627906976744186,True,False,False
20,64,Medium,Yes,8,86,Medium,Yes,1,Medium,Medium,Public,Neutral,2,No,Postgraduate,Near,Male,66,0.4418604651162791,True,False,False
25,70,Medium,No,7,85,Medium,Yes,1,Medium,Medium,Public,Negative,4,No,High School,Near,Male,66,0.5581395348837209,False,False,True
23,67,Medium,No,8,71,High,Yes,2,Medium,Medium,Public,Neutral,4,No,College,Moderate,Female,66,0.5116279069767441,False,False,True
15,61,Medium,No,7,98,Medium,Yes,1,Medium,Medium,Public,Neutral,3,No,High School,Near,Male,62,0.32558139534883723,False,False,True
16,96,Medium,No,6,50,High,Yes,1,Medium,High,Public,Positive,3,No,College,Near,Male,69,0.3488372093023256,False,False,True
26,60,High,Yes,6,54,Low,Yes,1,Low,Medium,Private,Positive,1,No,Postgraduate,Moderate,Male,63,0.5813953488372092,False,True,False
18,89,Low,Yes,4,90,Low,Yes,1,High,Medium,Public,Positive,2,Yes,Postgraduate,Near,Female,68,0.3953488372093023,False,False,True
18,66,High,No,9,87,Medium,Yes,1,Medium,Low,Private,Positive,3,No,High School,Moderate,Male,64,0.3953488372093023,False,False,True
14,96,High,Yes,9,64,High,Yes,2,Low,High,Public,Neutral,3,No,Postgraduate,Moderate,Male,69,0.3023255813953489,False,True,False
23,96,Medium,Yes,10,80,Low,Yes,3,Low,High,Public,Positive,3,No,High School,Near,Male,71,0.5116279069767441,False,True,False
32,86,Medium,Yes,6,77,Medium,No,2,Medium,Low,Private,Negative,4,No,High School,Near,Male,71,0.7209302325581395,False,False,True
14,87,Medium,No,6,76,Medium,Yes,1,Low,Medium,Private,Positive,4,No,College,Far,Female,66,0.3023255813953489,False,False,True
20,60,Medium,Yes,4,80,Low,Yes,2,High,Medium,Private,Positive,3,Yes,College,Moderate,Male,63,0.4418604651162791,False,False,True
28,99,Medium,Yes,8,100,Low,Yes,0,Medium,Medium,Public,Positive,2,No,High School,Far,Male,72,0.627906976744186,False,True,False
20,95,Medium,Yes,8,99,Low,No,1,Low,Medium,Private,Neutral,3,No,College,Near,Female,70,0.4418604651162791,False,False,True
23,96,Low,No,9,99,Medium,Yes,0,High,Medium,Private,Neutral,2,No,College,Near,Female,71,0.5116279069767441,False,False,True
14,86,Low,Yes,6,77,Medium,Yes,3,High,Medium,Private,Neutral,3,No,High School,Far,Male,65,0.3023255813953489,False,True,False
23,74,Low,Yes,8,66,Low,Yes,0,High,Medium,Public,Negative,4,No,Postgraduate,Near,Female,65,0.5116279069767441,False,False,True
19,96,Medium,No,6,78,High,Yes,1,Low,Low,Public,Positive,2,No,High School,Far,Male,67,0.4186046511627907,False,True,False
26,72,Medium,No,9,81,High,Yes,0,Medium,High,Public,Neutral,3,No,High School,Near,Male,68,0.5813953488372092,True,False,False
27,83,Medium,Yes,8,66,Medium,Yes,3,Medium,Medium,Public,Positive,4,No,College,Far,Female,70,0.6046511627906976,False,False,True
36,64,Medium,Yes,5,82,Medium,Yes,2,Medium,High,Private,Positive,2,No,High School,Near,Female,70,0.8139534883720929,False,False,True
23,97,High,Yes,7,81,Low,Yes,2,Medium,High,Public,Neutral,3,No,High School,Near,Male,72,0.5116279069767441,False,True,False
22,66,High,No,4,95,Medium,Yes,1,Low,Low,Public,Neutral,5,No,College,Moderate,Male,65,0.48837209302325585,False,False,True
21,69,Medium,Yes,5,62,High,Yes,2,Low,Medium,Public,Positive,3,No,High School,Near,Male,65,0.46511627906976744,False,False,True
18,82,Medium,Yes,5,85,High,Yes,3,Medium,High,Private,Neutral,4,No,Postgraduate,Near,Male,71,0.3953488372093023,True,False,False
22,91,High,Yes,6,73,Low,Yes,3,High,Medium,Public,Positive,4,No,Postgraduate,Near,Male,74,0.48837209302325585,True,False,False
18,85,Medium,No,7,56,Low,Yes,0,Low,Medium,Private,Positive,4,No,High School,Moderate,Male,64,0.3953488372093023,False,True,False
21,69,Medium,No,7,66,High,Yes,1,Medium,Medium,Private,Neutral,4,No,High School,Far,Female,64,0.46511627906976744,False,False,True
28,60,High,Yes,7,53,Low,Yes,3,Low,Medium,Private,Neutral,3,No,High School,Near,Female,65,0.627906976744186,False,False,True
14,90,Medium,Yes,7,66,Medium,Yes,1,Medium,Medium,Public,Neutral,5,No,College,Near,Male,67,0.3023255813953489,False,True,False
27,99,Medium,No,7,53,Low,Yes,2,Low,High,Public,Neutral,3,No,College,Near,Male,73,0.6046511627906976,True,False,False
28,92,High,No,5,96,High,Yes,1,Medium,Low,Public,Neutral,3,No,College,Moderate,Male,72,0.627906976744186,False,True,False
19,78,Medium,No,7,55,Low,Yes,0,Medium,Medium,Public,Positive,3,No,College,Near,Male,65,0.4186046511627907,False,False,True
7,96,High,No,9,91,Medium,Yes,0,Low,Medium,Public,Neutral,4,No,College,Near,Male,67,0.13953488372093026,False,False,True
16,76,Medium,Yes,7,95,Low,Yes,2,Medium,Medium,Public,Negative,3,No,High School,Near,Female,66,0.3488372093023256,False,False,True
28,81,Medium,Yes,8,73,Low,Yes,0,Medium,High,Public,Negative,3,No,Postgraduate,Near,Male,70,0.627906976744186,True,False,False
20,79,Medium,No,8,53,Medium,Yes,2,Medium,Medium,Private,Neutral,3,No,High School,Moderate,Female,66,0.4418604651162791,True,False,False
14,78,High,Yes,8,80,Low,Yes,1,Medium,Medium,Public,Neutral,1,No,High School,Near,Female,66,0.3023255813953489,True,False,False
17,91,Low,Yes,7,62,Low,Yes,3,High,Medium,Public,Negative,3,No,Postgraduate,Near,Male,68,0.37209302325581395,False,False,True
25,81,Medium,Yes,8,59,Low,Yes,3,Low,Medium,Public,Positive,4,No,College,Near,Male,68,0.5581395348837209,False,True,False
23,73,High,No,8,78,Low,Yes,0,High,Medium,Public,Neutral,4,No,High School,Moderate,Female,67,0.5116279069767441,True,False,False
19,70,Medium,Yes,8,68,High,No,1,Low,Medium,Public,Positive,3,No,College,Near,Female,65,0.4186046511627907,True,False,False
18,62,Low,Yes,8,87,Medium,Yes,4,Low,Medium,Public,Positive,4,No,College,Near,Female,64,0.3953488372093023,False,False,True
18,83,Medium,No,5,80,High,Yes,1,High,High,Public,Positive,2,No,College,Near,Male,70,0.3953488372093023,True,False,False
14,69,Medium,No,5,91,Medium,Yes,0,High,Medium,Public,Positive,3,No,College,Moderate,Male,63,0.3023255813953489,False,True,False
30,66,High,No,6,53,Low,No,2,Low,Medium,Public,Positive,2,No,High School,Near,Male,65,0.6744186046511628,False,False,True
18,86,Medium,Yes,9,62,Medium,Yes,4,Medium,Medium,Public,Negative,2,Yes,Postgraduate,Near,Female,67,0.3953488372093023,False,True,False
27,87,Medium,Yes,7,78,Low,Yes,3,Low,Medium,Private,Negative,5,No,High School,Near,Female,71,0.6046511627906976,False,False,True
29,90,Medium,Yes,7,94,Medium,Yes,1,Low,Low,Private,Neutral,4,No,High School,Near,Female,73,0.6511627906976744,True,False,False
26,80,Medium,No,4,91,Low,Yes,1,Low,Medium,Private,Neutral,3,No,High School,Far,Male,67,0.5813953488372092,False,False,True
17,96,Medium,Yes,7,84,Medium,Yes,2,Low,High,Private,Positive,3,No,College,Near,Female,72,0.37209302325581395,True,False,False
22,97,Medium,No,7,79,High,Yes,2,Medium,High,Public,Positive,0,No,High School,Far,Male,71,0.48837209302325585,False,False,True
20,92,High,Yes,4,82,High,Yes,0,Medium,Medium,Public,Neutral,4,No,Postgraduate,Near,Male,72,0.4418604651162791,False,False,True
15,85,High,Yes,7,61,Medium,Yes,1,Medium,High,Public,Negative,3,No,High School,Near,Male,68,0.32558139534883723,True,False,False
22,72,Low,Yes,5,80,Medium,Yes,2,Low,High,Public,Neutral,3,No,College,Near,Female,65,0.48837209302325585,False,True,False
13,99,Medium,No,6,75,Low,Yes,1,Medium,Medium,Public,Positive,4,Yes,College,Far,Female,68,0.27906976744186046,True,False,False
27,71,Low,No,8,69,Medium,Yes,1,High,Medium,Public,Positive,4,No,College,Near,Male,67,0.6046511627906976,False,False,True
17,68,Medium,No,7,94,High,Yes,1,High,Medium,Private,Neutral,4,No,College,Moderate,Female,66,0.37209302325581395,False,False,True
21,78,Low,Yes,6,91,Medium,Yes,0,Medium,Low,Private,Neutral,1,Yes,High School,Near,Male,64,0.46511627906976744,False,False,True
22,62,Medium,No,6,54,Medium,Yes,3,Low,Medium,Private,Neutral,3,No,Postgraduate,Near,Male,65,0.48837209302325585,True,False,False
18,99,Medium,No,6,99,Medium,Yes,0,Low,Medium,Public,Neutral,3,No,High School,Moderate,Male,69,0.3953488372093023,False,False,True
24,84,Medium,Yes,7,61,Medium,Yes,2,Medium,Medium,Public,Positive,2,No,High School,Far,Male,68,0.5348837209302325,False,False,True
17,82,High,No,5,61,Medium,Yes,3,Medium,Medium,Public,Neutral,4,No,Postgraduate,Near,Male,69,0.37209302325581395,True,False,False
25,86,Medium,Yes,9,97,Low,Yes,1,High,Medium,Private,Neutral,3,No,High School,Moderate,Male,70,0.5581395348837209,False,False,True
12,80,Medium,No,5,72,Medium,Yes,1,High,Medium,Private,Positive,4,Yes,High School,Near,Female,65,0.2558139534883721,True,False,False
21,61,Medium,No,4,90,Low,Yes,2,Medium,Low,Public,Neutral,3,No,High School,Near,Male,63,0.46511627906976744,False,False,True
32,84,Medium,Yes,8,64,Medium,Yes,1,Low,High,Private,Positive,3,No,College,Near,Female,71,0.7209302325581395,False,True,False
14,89,High,Yes,6,94,Low,Yes,0,Low,Medium,Private,Neutral,2,No,Postgraduate,Near,Male,68,0.3023255813953489,False,False,True
16,77,Medium,Yes,7,92,High,Yes,5,Low,High,Public,Positive,3,No,Postgraduate,Near,Female,70,0.3488372093023256,False,False,True
23,90,High,Yes,8,76,High,Yes,2,Medium,Low,Public,Positive,3,No,High School,Near,Female,72,0.5116279069767441,False,False,True
21,69,Medium,Yes,6,85,Medium,Yes,3,Low,Low,Public,Neutral,1,No,College,Far,Female,64,0.46511627906976744,False,False,True
22,69,Medium,No,7,98,Low,Yes,0,Low,Medium,Public,Positive,2,No,Postgraduate,Moderate,Male,64,0.48837209302325585,False,True,False
23,66,Low,Yes,8,73,High,Yes,2,High,Medium,Public,Positive,2,No,College,Near,Female,66,0.5116279069767441,False,False,True
24,75,High,Yes,9,75,High,Yes,0,Medium,High,Public,Positive,3,No,College,Far,Male,69,0.5348837209302325,False,False,True
27,94,Low,No,6,86,Medium,Yes,2,Medium,Medium,Private,Neutral,2,No,High School,Near,Female,71,0.6046511627906976,False,False,True
22,93,High,Yes,6,69,High,Yes,0,High,Low,Public,Negative,3,Yes,High School,Near,Male,69,0.48837209302325585,False,False,True
19,75,Medium,No,8,98,Low,Yes,1,Low,Medium,Public,Neutral,3,No,Postgraduate,Moderate,Male,67,0.4186046511627907,True,False,False
24,84,Medium,Yes,7,52,Medium,Yes,0,Low,High,Public,Neutral,3,No,High School,Near,Male,66,0.5348837209302325,False,True,False
31,89,Medium,No,7,70,Medium,Yes,2,Low,High,Public,Positive,2,No,High School,Moderate,Female,71,0.6976744186046511,False,False,True
19,70,Low,Yes,9,86,Low,Yes,2,High,Medium,Public,Neutral,2,Yes,High School,Near,Male,63,0.4186046511627907,False,False,True
14,67,Low,No,4,71,Medium,Yes,0,High,Medium,Public,Neutral,4,No,College,Near,Female,62,0.3023255813953489,False,False,True
27,99,High,No,5,63,Medium,Yes,0,Medium,High,Public,Neutral,4,No,High School,Near,Female,73,0.6046511627906976,False,False,True
19,85,Medium,No,4,71,Low,Yes,1,Medium,High,Public,Negative,3,No,High School,Far,Female,66,0.4186046511627907,True,False,False
7,99,Medium,Yes,9,94,Medium,Yes,3,High,High,Public,Positive,2,No,Postgraduate,Moderate,Male,72,0.13953488372093026,True,False,False
25,74,Low,Yes,8,77,Low,Yes,1,Low,Medium,Public,Neutral,2,No,Postgraduate,Moderate,Female,67,0.5581395348837209,True,False,False
17,88,Low,No,5,67,Medium,No,0,Medium,High,Public,Neutral,3,No,Postgraduate,Near,Male,65,0.37209302325581395,False,True,False
19,69,Medium,Yes,7,84,Medium,Yes,2,Medium,Medium,Public,Neutral,4,No,High School,Near,Male,66,0.4186046511627907,False,False,True
22,70,Medium,Yes,7,81,Low,Yes,3,Medium,Medium,Public,Neutral,2,No,Postgraduate,Moderate,Female,68,0.48837209302325585,True,False,False
21,80,High,Yes,4,78,Medium,Yes,1,Medium,High,Private,Neutral,4,No,High School,Near,Female,69,0.46511627906976744,False,False,True
24,73,Medium,Yes,7,70,Medium,Yes,0,High,Medium,Public,Negative,3,No,Postgraduate,Near,Female,68,0.5348837209302325,True,False,False
17,67,High,Yes,5,54,Medium,Yes,0,Low,Medium,Public,Negative,2,No,High School,Moderate,Male,61,0.37209302325581395,False,False,True
23,71,Low,Yes,8,81,Medium,Yes,3,Medium,High,Private,Positive,2,No,High School,Near,Male,68,0.5116279069767441,True,False,False
18,61,Low,Yes,5,71,Low,Yes,3,High,High,Private,Neutral,3,No,College,Near,Male,64,0.3953488372093023,True,False,False
24,88,Low,Yes,7,71,Low,No,1,Low,High,Public,Neutral,3,No,College,Moderate,Male,67,0.5348837209302325,False,False,True
24,80,High,Yes,9,62,High,Yes,3,High,Low,Public,Neutral,3,No,High School,Moderate,Male,68,0.5348837209302325,False,True,False
14,64,High,No,8,62,Low,Yes,1,Medium,High,Public,Positive,4,Yes,High School,Moderate,Male,61,0.3023255813953489,False,False,True
27,67,Low,No,8,89,Low,Yes,1,Low,Low,Public,Positive,3,No,Postgraduate,Near,Female,66,0.6046511627906976,True,False,False
17,64,Low,Yes,7,74,Low,Yes,2,Medium,Low,Public,Positive,2,No,Postgraduate,Near,Female,64,0.37209302325581395,True,False,False
25,85,Medium,No,5,55,Low,Yes,3,High,Medium,Public,Negative,3,No,High School,Moderate,Female,67,0.5581395348837209,False,True,False
22,64,High,No,6,52,Low,Yes,2,High,Medium,Private,Negative,4,No,College,Moderate,Female,64,0.48837209302325585,False,False,True
31,90,High,No,7,61,Low,Yes,0,Low,Medium,Public,Positive,3,No,High School,Near,Male,72,0.6976744186046511,True,False,False
19,61,Medium,No,7,74,Low,Yes,2,High,Medium,Public,Negative,3,No,Postgraduate,Far,Male,62,0.4186046511627907,False,False,True
18,70,Medium,Yes,5,81,Low,Yes,2,Low,Medium,Private,Negative,2,No,High School,Far,Female,63,0.3953488372093023,True,False,False
20,96,High,No,8,57,Low,Yes,1,Low,Medium,Private,Neutral,4,No,High School,Near,Male,70,0.4418604651162791,True,False,False
18,89,Medium,No,5,72,Low,Yes,3,Medium,Medium,Public,Positive,3,No,College,Moderate,Male,69,0.3953488372093023,True,False,False
25,63,Medium,Yes,9,54,Medium,Yes,3,Medium,Low,Public,Positive,2,No,High School,Near,Male,64,0.5581395348837209,False,True,False
10,93,Medium,No,7,52,Medium,Yes,2,Medium,Medium,Public,Positive,3,No,Postgraduate,Near,Male,66,0.20930232558139533,False,True,False
14,80,Medium,Yes,8,93,Medium,Yes,3,Low,High,Private,Positive,4,No,High School,Near,Female,67,0.3023255813953489,False,True,False
14,94,High,Yes,8,83,Medium,Yes,4,Medium,Low,Public,Negative,5,Yes,Postgraduate,Near,Female,71,0.3023255813953489,True,False,False
26,84,High,Yes,10,89,Medium,Yes,0,Low,High,Private,Positive,1,No,High School,Far,Female,70,0.5813953488372092,False,False,True
30,87,Medium,No,7,59,Medium,Yes,2,Medium,Medium,Public,Neutral,3,No,High School,Moderate,Male,69,0.6744186046511628,False,True,False
19,100,Low,No,6,66,High,Yes,0,Low,Medium,Public,Neutral,3,No,High School,Moderate,Male,68,0.4186046511627907,False,False,True
19,69,High,Yes,6,72,Medium,No,1,Low,Medium,Public,Neutral,1,No,College,Near,Female,64,0.4186046511627907,False,False,True
20,85,Medium,Yes,9,83,Low,Yes,3,Medium,Medium,Public,Positive,3,Yes,College,Near,Male,70,0.4418604651162791,True,False,False
27,78,Low,Yes,5,77,Medium,Yes,0,Medium,Low,Private,Neutral,3,No,Postgraduate,Near,Male,69,0.6046511627906976,True,False,False
14,62,Medium,Yes,6,78,Medium,Yes,0,High,Medium,Public,Positive,2,No,College,Near,Female,63,0.3023255813953489,False,False,True
21,61,Medium,No,7,58,Medium,Yes,1,Medium,Low,Public,Negative,3,No,High School,Near,Female,60,0.46511627906976744,False,True,False
26,65,Low,No,7,74,Medium,Yes,2,Low,Medium,Public,Negative,4,No,High School,Near,Female,65,0.5813953488372092,True,False,False
23,86,Medium,No,8,91,Medium,Yes,0,Low,Medium,Public,Negative,0,No,High School,Near,Male,67,0.5116279069767441,False,False,True
21,83,Low,No,5,75,Low,Yes,1,Medium,Medium,Public,Negative,4,No,College,Near,Male,66,0.46511627906976744,False,False,True
26,82,High,No,7,60,Medium,No,3,Low,Medium,Public,Neutral,3,No,Postgraduate,Near,Female,68,0.5813953488372092,False,True,False
4,61,High,Yes,7,71,High,Yes,0,Low,Low,Public,Positive,1,No,Postgraduate,Near,Male,58,0.06976744186046512,False,True,False
24,79,High,Yes,5,88,Medium,Yes,0,Medium,Medium,Public,Neutral,3,No,High School,Moderate,Female,67,0.5348837209302325,False,True,False
16,97,Medium,Yes,8,57,Low,Yes,0,Medium,Medium,Public,Positive,4,Yes,High School,Near,Male,68,0.3488372093023256,False,False,True
9,76,Medium,Yes,7,79,Medium,Yes,1,Low,Medium,Public,Neutral,3,No,High School,Near,Female,62,0.18604651162790697,False,False,True
23,85,High,No,7,98,High,No,2,Low,Medium,Public,Negative,3,No,Postgraduate,Moderate,Female,69,0.5116279069767441,False,True,False
28,91,High,Yes,6,69,High,Yes,1,Medium,High,Private,Neutral,4,No,High School,Far,Male,73,0.627906976744186,False,False,True
19,91,Low,No,6,52,Medium,Yes,2,Low,Medium,Public,Negative,4,Yes,High School,Moderate,Male,66,0.4186046511627907,True,False,False
26,81,Medium,Yes,5,82,Medium,Yes,0,Medium,Medium,Public,Negative,5,Yes,Postgraduate,Near,Female,67,0.5813953488372092,False,True,False
30,94,Medium,No,8,52,Medium,Yes,1,Medium,Low,Public,Neutral,4,No,High School,Near,Female,71,0.6744186046511628,False,False,True
28,76,Medium,Yes,9,60,Medium,Yes,1,Low,Medium,Public,Neutral,2,No,High School,Far,Male,66,0.627906976744186,False,False,True
30,96,Medium,Yes,10,52,Medium,Yes,0,High,High,Public,Positive,4,No,College,Moderate,Female,74,0.6744186046511628,True,False,False
24,70,High,No,8,59,Low,Yes,2,Low,High,Public,Positive,5,No,High School,Near,Male,67,0.5348837209302325,False,False,True
20,71,Medium,No,6,93,High,Yes,2,Medium,High,Public,Negative,2,No,Postgraduate,Near,Male,68,0.4418604651162791,True,False,False
10,62,Medium,No,6,87,High,Yes,2,Low,High,Public,Neutral,3,No,High School,Near,Male,61,0.20930232558139533,False,False,True
19,92,High,No,8,67,Medium,Yes,2,Medium,Medium,Private,Negative,2,No,High School,Near,Female,69,0.4186046511627907,False,False,True
15,77,Medium,Yes,7,95,Low,Yes,4,Low,Medium,Public,Positive,4,No,High School,Moderate,Male,65,0.32558139534883723,False,True,False
33,69,High,Yes,7,83,Medium,Yes,2,Medium,Low,Public,Neutral,2,No,Postgraduate,Near,Male,71,0.7441860465116279,False,False,True
19,69,Low,No,7,72,Medium,Yes,1,Low,Low,Public,Positive,2,No,High School,Far,Female,61,0.4186046511627907,False,False,True
21,96,High,Yes,9,53,Medium,Yes,0,Low,High,Public,Neutral,3,No,College,Near,Male,70,0.46511627906976744,False,False,True
23,93,Low,No,6,87,Medium,Yes,2,Medium,Medium,Private,Neutral,3,No,High School,Moderate,Male,70,0.5116279069767441,False,False,True
20,82,High,Yes,9,69,Low,Yes,1,Medium,Medium,Public,Positive,3,No,College,Near,Male,69,0.4418604651162791,False,False,True
30,85,Low,Yes,7,65,High,Yes,2,Low,Medium,Public,Negative,3,No,High School,Near,Female,70,0.6744186046511628,True,False,False
16,79,Medium,Yes,6,64,Medium,Yes,4,Low,Low,Public,Positive,4,Yes,College,Near,Male,67,0.3488372093023256,True,False,False
21,76,Medium,No,6,50,Low,Yes,2,Low,Medium,Public,Negative,4,No,Postgraduate,Moderate,Female,63,0.46511627906976744,False,True,False
16,97,Medium,No,7,87,Medium,Yes,1,High,Medium,Public,Neutral,3,No,High School,Near,Female,70,0.3488372093023256,False,False,True
12,65,Medium,No,8,57,Medium,Yes,1,High,High,Private,Positive,5,Yes,High School,Near,Female,61,0.2558139534883721,False,False,True
16,77,High,Yes,6,76,Low,Yes,1,Low,Medium,Public,Neutral,1,No,Postgraduate,Moderate,Female,64,0.3488372093023256,False,True,False
20,74,Medium,Yes,8,51,High,Yes,2,Medium,Medium,Public,Negative,3,No,College,Near,Male,65,0.4418604651162791,False,False,True
17,80,Medium,No,6,81,Medium,Yes,1,Medium,High,Public,Neutral,1,No,College,Far,Male,65,0.37209302325581395,False,False,True
16,78,Low,Yes,7,68,High,Yes,3,Low,High,Private,Positive,3,No,Postgraduate,Far,Female,66,0.3488372093023256,False,False,True
12,81,High,Yes,5,82,Low,Yes,1,Medium,High,Public,Positive,3,No,High School,Far,Female,66,0.2558139534883721,True,False,False
20,66,Medium,Yes,8,54,Medium,Yes,2,Medium,Low,Public,Positive,2,No,Postgraduate,Near,Male,63,0.4418604651162791,False,True,False
11,81,High,Yes,7,63,Medium,Yes,3,Medium,Medium,Public,Neutral,2,No,Postgraduate,Near,Male,66,0.23255813953488375,False,True,False
25,70,Medium,Yes,9,56,High,Yes,0,Low,Medium,Public,Positive,1,No,High School,Far,Male,64,0.5581395348837209,False,False,True
20,67,Low,No,8,82,Medium,Yes,3,Low,High,Public,Neutral,4,Yes,High School,Near,Male,65,0.4418604651162791,True,False,False
11,63,Medium,No,7,55,Low,Yes,3,High,Medium,Private,Positive,1,No,Postgraduate,Near,Male,62,0.23255813953488375,True,False,False
18,91,High,Yes,9,81,High,Yes,4,High,Medium,Public,Neutral,5,No,High School,Moderate,Male,71,0.3953488372093023,False,True,False
15,77,Medium,Yes,8,57,Low,Yes,1,Low,Medium,Public,Neutral,2,No,College,Near,Male,63,0.32558139534883723,False,False,True
22,85,High,No,9,97,High,Yes,0,Medium,High,Public,Negative,3,No,College,Moderate,Male,70,0.48837209302325585,False,False,True
28,89,Low,Yes,6,71,Low,Yes,2,Low,Medium,Private,Neutral,4,No,College,Moderate,Male,70,0.627906976744186,False,False,True
9,87,Medium,No,8,56,Medium,Yes,1,Medium,High,Public,Positive,3,No,College,Moderate,Female,65,0.18604651162790697,False,False,True
21,79,High,Yes,8,52,Medium,Yes,1,Low,Medium,Public,Neutral,3,Yes,High School,Near,Female,66,0.46511627906976744,True,False,False
19,76,Low,Yes,5,66,Medium,Yes,2,Medium,Medium,Private,Positive,4,No,College,Near,Female,66,0.4186046511627907,False,False,True
24,75,Low,No,9,95,High,Yes,0,Medium,High,Public,Positive,2,No,College,Near,Male,68,0.5348837209302325,False,False,True
21,86,High,No,5,57,Medium,Yes,1,Low,Medium,Private,Negative,3,No,High School,Near,Male,68,0.46511627906976744,True,False,False
15,80,Medium,Yes,5,90,Medium,Yes,4,Medium,High,Private,Neutral,3,No,High School,Near,Female,69,0.32558139534883723,True,False,False
18,94,Medium,Yes,4,71,Medium,Yes,3,High,Low,Public,Positive,3,No,College,Near,Female,71,0.3953488372093023,False,False,True
15,95,Medium,Yes,8,90,Low,Yes,2,Low,Medium,Private,Negative,1,No,Postgraduate,Near,Male,69,0.32558139534883723,False,False,True
26,67,High,Yes,5,94,Medium,Yes,0,Medium,Medium,Public,Positive,2,No,College,Near,Male,68,0.5813953488372092,False,False,True
20,65,High,Yes,6,100,Medium,Yes,2,Low,High,Public,Neutral,5,No,High School,Moderate,Male,67,0.4418604651162791,False,False,True
31,85,Medium,No,8,53,Medium,Yes,2,Low,High,Public,Positive,3,No,High School,Near,Male,72,0.6976744186046511,True,False,False
20,72,Medium,Yes,7,90,High,Yes,2,Medium,Medium,Public,Neutral,3,No,High School,Near,Male,68,0.4418604651162791,True,False,False
16,61,Medium,Yes,6,53,Low,Yes,0,High,Medium,Public,Positive,4,Yes,High School,Moderate,Female,60,0.3488372093023256,True,False,False
11,96,High,No,5,66,High,Yes,2,Low,Medium,Public,Neutral,4,No,High School,Moderate,Male,68,0.23255813953488375,False,False,True
9,69,Medium,Yes,7,82,High,Yes,1,High,High,Public,Positive,2,No,High School,Near,Female,65,0.18604651162790697,True,False,False
10,97,High,No,8,72,High,Yes,0,Low,Medium,Public,Neutral,3,No,Postgraduate,Moderate,Female,67,0.20930232558139533,False,True,False
22,89,Medium,No,8,78,Low,Yes,4,High,Medium,Private,Positive,3,No,High School,Near,Female,70,0.48837209302325585,False,True,False
23,91,Low,Yes,10,98,High,Yes,0,Low,High,Private,Negative,3,No,High School,Near,Female,70,0.5116279069767441,False,False,True
11,68,Medium,No,6,91,Low,Yes,3,Low,High,Public,Negative,2,No,College,Far,Female,61,0.23255813953488375,False,False,True
25,69,Low,Yes,5,68,Medium,Yes,2,High,High,Public,Positive,4,No,College,Far,Male,68,0.5581395348837209,True,False,False
17,81,High,No,7,80,High,Yes,1,Low,Medium,Public,Negative,3,No,Postgraduate,Near,Female,67,0.37209302325581395,False,False,True
21,67,High,No,7,52,Medium,Yes,3,Low,Medium,Public,Negative,3,Yes,High School,Moderate,Female,62,0.46511627906976744,False,False,True
30,72,Low,No,7,73,Medium,Yes,0,High,Medium,Public,Neutral,4,No,High School,Moderate,Male,66,0.6744186046511628,False,False,True
25,73,Medium,Yes,6,80,Medium,Yes,3,High,Medium,Public,Positive,2,No,High School,Far,Female,69,0.5581395348837209,True,False,False
18,66,High,Yes,4,86,Medium,Yes,2,Medium,Medium,Public,Negative,4,No,College,Near,Female,66,0.3953488372093023,False,False,True
15,68,Medium,Yes,5,95,Medium,Yes,0,High,Medium,Public,Negative,5,No,College,Near,Female,64,0.32558139534883723,False,False,True
7,92,Medium,No,8,64,High,Yes,1,Low,Low,Public,Neutral,4,No,Postgraduate,Near,Male,66,0.13953488372093026,True,False,False
16,67,Medium,No,7,95,Low,Yes,2,Medium,Medium,Public,Neutral,5,Yes,High School,Near,Male,63,0.3488372093023256,False,False,True
19,61,High,Yes,8,83,Low,Yes,1,Medium,Medium,Private,Negative,3,No,High School,Near,Male,62,0.4186046511627907,False,True,False
14,85,Medium,Yes,8,54,Low,Yes,1,High,Medium,Private,Negative,4,No,Postgraduate,Moderate,Male,65,0.3023255813953489,False,False,True
19,99,High,No,8,69,Low,Yes,0,High,Medium,Private,Negative,2,No,High School,Moderate,Male,68,0.4186046511627907,False,True,False
20,73,High,Yes,8,74,Low,Yes,1,Low,Low,Private,Negative,4,No,High School,Moderate,Male,65,0.4418604651162791,True,False,False
19,65,High,Yes,7,68,Low,Yes,1,Low,Low,Public,Neutral,4,No,College,Near,Female,63,0.4186046511627907,False,False,True
16,83,High,Yes,7,56,Medium,Yes,3,Medium,Medium,Public,Negative,2,No,High School,Near,Male,68,0.3488372093023256,True,False,False
21,96,High,Yes,4,78,Low,Yes,2,High,Medium,Private,Positive,2,No,High School,Near,Male,72,0.46511627906976744,False,False,True
23,91,Low,No,6,57,Medium,Yes,2,Low,Medium,Private,Positive,3,No,High School,Near,Male,69,0.5116279069767441,True,False,False
13,85,Medium,No,6,96,Low,Yes,1,Low,High,Public,Positive,5,No,Postgraduate,Far,Male,66,0.27906976744186046,False,True,False
28,73,Low,Yes,7,93,High,Yes,2,Low,High,Private,Neutral,3,No,College,Near,Male,68,0.627906976744186,False,True,False
19,82,Low,No,6,74,Medium,Yes,1,Medium,High,Public,Neutral,2,No,High School,Moderate,Male,64,0.4186046511627907,False,True,False
20,64,Low,Yes,8,53,Low,Yes,1,Low,Medium,Public,Positive,2,No,High School,Near,Male,61,0.4418604651162791,False,False,True
24,87,Medium,No,6,78,High,Yes,0,Low,Low,Public,Neutral,2,Yes,Postgraduate,Near,Male,67,0.5348837209302325,False,True,False
21,89,Low,Yes,9,80,Medium,Yes,0,Medium,Low,Public,Neutral,3,No,Postgraduate,Moderate,Male,68,0.46511627906976744,False,False,True
26,99,Medium,No,6,94,High,Yes,2,Medium,Medium,Public,Positive,3,No,High School,Near,Male,74,0.5813953488372092,False,False,True
22,70,High,Yes,6,53,Medium,Yes,3,Medium,High,Public,Positive,2,No,High School,Near,Female,67,0.48837209302325585,False,False,True
16,61,High,Yes,6,85,Medium,Yes,2,Medium,Medium,Private,Positive,3,No,High School,Near,Male,64,0.3488372093023256,False,False,True
22,82,High,No,6,78,Medium,Yes,3,Medium,High,Public,Neutral,3,No,High School,Moderate,Male,69,0.48837209302325585,False,True,False
13,88,Medium,Yes,9,59,Medium,Yes,0,Low,Medium,Private,Negative,3,Yes,High School,Far,Female,63,0.27906976744186046,True,False,False
21,92,Medium,No,7,56,Medium,Yes,0,Low,Medium,Private,Neutral,4,No,High School,Moderate,Female,67,0.46511627906976744,False,False,True
20,68,Medium,Yes,7,85,Medium,Yes,1,Medium,Medium,Public,Neutral,3,No,College,Far,Male,65,0.4418604651162791,True,False,False
19,70,Medium,Yes,6,67,Medium,Yes,5,Medium,Low,Public,Positive,4,No,Postgraduate,Moderate,Female,67,0.4186046511627907,False,False,True
19,81,Medium,No,7,100,Medium,Yes,1,Low,Medium,Private,Negative,5,No,Postgraduate,Moderate,Female,68,0.4186046511627907,True,False,False
9,73,Low,Yes,7,95,Medium,No,3,Low,Medium,Private,Negative,3,No,Postgraduate,Near,Male,62,0.18604651162790697,False,False,True
17,94,Medium,Yes,7,78,Medium,Yes,1,Low,High,Public,Neutral,3,No,College,Near,Female,70,0.37209302325581395,True,False,False
21,79,High,Yes,7,82,Medium,Yes,1,High,Medium,Public,Negative,3,No,High School,Near,Female,67,0.46511627906976744,False,True,False
21,92,High,Yes,9,58,Medium,Yes,2,High,Medium,Public,Neutral,5,No,High School,Moderate,Female,89,0.46511627906976744,True,False,False
14,83,Medium,Yes,7,95,Low,Yes,1,Low,Medium,Private,Neutral,2,Yes,High School,Near,Female,65,0.3023255813953489,True,False,False
28,91,Medium,Yes,5,73,Medium,No,2,Medium,Medium,Public,Neutral,2,No,High School,Near,Female,69,0.627906976744186,False,True,False
15,73,Medium,No,7,76,High,Yes,2,Low,Medium,Public,Positive,4,No,High School,Far,Female,64,0.32558139534883723,False,False,True
26,93,Low,No,6,94,Medium,Yes,6,High,Medium,Private,Negative,4,No,High School,Near,Female,74,0.5813953488372092,True,False,False
23,71,High,No,8,50,Medium,Yes,0,High,Medium,Public,Positive,2,No,High School,Far,Female,64,0.5116279069767441,False,False,True
16,82,High,No,7,75,Medium,Yes,0,Low,Medium,Public,Negative,2,No,Postgraduate,Moderate,Female,64,0.3488372093023256,False,True,False
31,69,Low,Yes,9,81,Medium,Yes,2,Medium,Medium,Private,Negative,2,No,College,Near,Male,67,0.6976744186046511,False,False,True
13,79,Low,Yes,6,58,High,Yes,2,Medium,Medium,Public,Positive,4,No,College,Moderate,Male,63,0.27906976744186046,False,True,False
26,73,Medium,Yes,7,53,Low,Yes,3,Medium,High,Private,Neutral,5,No,High School,Moderate,Female,68,0.5813953488372092,True,False,False
26,71,Medium,Yes,5,77,Low,Yes,0,Medium,Medium,Public,Neutral,5,No,Postgraduate,Near,Male,66,0.5813953488372092,False,True,False
16,99,High,Yes,7,77,High,Yes,0,Low,Medium,Public,Neutral,3,Yes,High School,Moderate,Female,68,0.3488372093023256,False,True,False
28,66,High,No,5,67,Medium,Yes,1,High,Medium,Private,Positive,1,No,Postgraduate,Moderate,Female,68,0.627906976744186,False,False,True
18,91,Medium,No,7,94,Medium,Yes,3,Low,Medium,Private,Neutral,2,No,High School,Near,Female,69,0.3953488372093023,False,False,True
22,99,Low,No,7,65,Medium,Yes,3,Low,Low,Public,Neutral,3,No,Postgraduate,Near,Female,71,0.48837209302325585,True,False,False
22,61,High,Yes,7,76,Medium,Yes,1,High,Medium,Public,Positive,3,No,College,Near,Female,65,0.48837209302325585,False,True,False
19,88,Medium,Yes,8,59,Medium,Yes,2,Medium,Medium,Private,Neutral,4,No,High School,Near,Male,67,0.4186046511627907,False,True,False
25,70,Medium,No,7,51,Medium,Yes,1,High,Medium,Public,Negative,4,No,College,Near,Female,65,0.5581395348837209,False,False,True
25,62,Medium,No,5,71,Medium,Yes,0,Low,High,Private,Positive,4,No,High School,Moderate,Male,65,0.5581395348837209,True,False,False
10,76,Low,No,6,76,Medium,Yes,1,High,High,Public,Negative,2,No,Postgraduate,Near,Male,80,0.20930232558139533,False,False,True
28,97,Medium,Yes,7,88,High,Yes,2,Medium,Medium,Public,Neutral,2,No,High School,Moderate,Male,74,0.627906976744186,False,False,True
10,60,Medium,No,7,72,Low,No,3,Medium,Low,Public,Positive,3,No,High School,Near,Male,59,0.20930232558139533,False,False,True
26,84,Medium,No,7,64,Low,Yes,2,High,High,Public,Neutral,3,No,High School,Near,Male,69,0.5813953488372092,False,False,True
27,80,Low,Yes,9,80,Medium,Yes,0,High,Medium,Public,Neutral,2,Yes,High School,Moderate,Male,66,0.6046511627906976,False,False,True
13,95,Medium,Yes,7,69,Medium,Yes,1,Low,Low,Public,Positive,2,Yes,Postgraduate,Moderate,Female,66,0.27906976744186046,False,False,True
18,63,High,No,8,62,Medium,Yes,2,High,Medium,Public,Positive,4,No,High School,Near,Female,65,0.3953488372093023,True,False,False
13,87,Medium,Yes,4,96,Low,Yes,3,Low,Low,Public,Neutral,3,Yes,College,Near,Male,67,0.27906976744186046,True,False,False
19,87,High,No,8,77,Low,Yes,3,Low,Medium,Private,Neutral,4,No,High School,Moderate,Male,69,0.4186046511627907,True,False,False
18,87,Low,Yes,10,60,High,Yes,2,Medium,Medium,Public,Positive,3,No,High School,Near,Female,68,0.3953488372093023,False,False,True
25,98,Medium,Yes,9,84,Medium,Yes,1,Medium,High,Private,Neutral,2,No,Postgraduate,Near,Female,73,0.5581395348837209,False,False,True
28,93,High,Yes,6,90,Medium,Yes,1,Low,Medium,Public,Positive,2,Yes,High School,Near,Female,71,0.627906976744186,False,True,False
28,62,Medium,Yes,10,88,Medium,Yes,0,Low,High,Public,Positive,2,Yes,Postgraduate,Moderate,Male,67,0.627906976744186,True,False,False
17,79,Medium,Yes,7,80,Low,Yes,1,High,High,Public,Positive,3,No,College,Near,Female,67,0.37209302325581395,False,False,True
19,76,Low,No,7,76,Medium,Yes,0,High,High,Public,Neutral,2,No,Postgraduate,Near,Male,66,0.4186046511627907,True,False,False
10,72,Low,No,7,89,Medium,Yes,3,Medium,Medium,Public,Negative,4,No,College,Near,Female,63,0.20930232558139533,False,False,True
15,78,High,No,7,85,Medium,No,1,High,Medium,Public,Negative,1,No,High School,Far,Male,65,0.32558139534883723,True,False,False
26,75,Low,Yes,4,79,Medium,Yes,2,High,Medium,Public,Negative,1,No,College,Near,Male,67,0.5813953488372092,False,False,True
30,77,Low,Yes,8,83,Medium,Yes,1,Low,Low,Public,Positive,3,No,College,Near,Male,69,0.6744186046511628,False,False,True
13,99,Medium,Yes,7,58,Medium,Yes,1,Low,Medium,Public,Neutral,2,No,High School,Near,Male,67,0.27906976744186046,False,False,True
16,64,Medium,Yes,7,51,High,Yes,4,High,High,Public,Neutral,3,No,College,Near,Male,66,0.3488372093023256,True,False,False
20,97,High,Yes,7,97,Low,Yes,2,Medium,High,Private,Neutral,4,No,High School,Moderate,Female,74,0.4418604651162791,True,False,False
22,79,Medium,No,6,97,Medium,No,2,High,Medium,Public,Positive,2,No,College,Moderate,Female,69,0.48837209302325585,True,False,False
15,85,Medium,Yes,7,89,High,Yes,0,Medium,Medium,Public,Negative,4,No,College,Moderate,Female,66,0.32558139534883723,False,True,False
23,93,Low,Yes,9,69,Low,Yes,0,Medium,Medium,Private,Positive,3,Yes,Postgraduate,Moderate,Male,69,0.5116279069767441,True,False,False
17,74,Medium,Yes,8,58,Low,Yes,1,High,Medium,Public,Neutral,2,No,College,Far,Male,63,0.37209302325581395,False,False,True
20,77,Low,Yes,7,68,Medium,No,0,Medium,High,Private,Positive,3,No,College,Near,Female,65,0.4418604651162791,False,False,True
23,76,Medium,No,7,86,Low,No,1,Low,Medium,Private,Positive,4,No,College,Far,Male,64,0.5116279069767441,False,True,False
20,75,Medium,No,7,67,High,Yes,0,Medium,Medium,Private,Neutral,4,No,High School,Near,Male,64,0.4418604651162791,False,True,False
17,97,High,Yes,6,90,Low,Yes,2,Medium,Low,Public,Negative,2,No,High School,Moderate,Male,69,0.37209302325581395,False,True,False
19,93,High,No,7,84,Medium,Yes,5,Low,High,Public,Negative,3,No,High School,Near,Female,73,0.4186046511627907,True,False,False
19,64,Medium,Yes,8,81,High,Yes,1,Medium,Medium,Public,Negative,3,Yes,High School,Moderate,Male,62,0.4186046511627907,False,False,True
18,64,Low,Yes,7,97,Low,Yes,2,Medium,Low,Private,Neutral,4,No,College,Near,Male,62,0.3953488372093023,False,True,False
18,77,Medium,Yes,6,95,High,Yes,0,Medium,High,Private,Positive,2,No,Postgraduate,Moderate,Female,68,0.3953488372093023,False,False,True
30,64,Medium,No,7,86,Low,Yes,1,Medium,Medium,Private,Positive,3,No,Postgraduate,Far,Female,66,0.6744186046511628,False,False,True
23,85,High,Yes,8,60,High,Yes,2,Medium,Medium,Public,Positive,1,Yes,College,Moderate,Female,68,0.5116279069767441,False,True,False
18,66,High,Yes,5,97,Medium,Yes,4,Medium,Medium,Public,Neutral,4,No,High School,Moderate,Male,66,0.3953488372093023,False,True,False
24,81,Medium,Yes,6,61,Low,Yes,3,Medium,Medium,Public,Positive,3,No,Postgraduate,Near,Male,69,0.5348837209302325,False,True,False
18,60,Medium,Yes,5,69,Medium,Yes,0,Medium,Medium,Public,Neutral,2,No,Postgraduate,Near,Female,62,0.3953488372093023,False,False,True
27,73,Medium,No,7,91,Medium,Yes,2,High,Medium,Public,Neutral,4,No,College,Far,Female,68,0.6046511627906976,False,True,False
22,87,Medium,No,8,60,Low,Yes,2,Medium,High,Public,Negative,2,No,College,Moderate,Male,67,0.48837209302325585,False,False,True
19,79,Medium,No,9,82,Medium,Yes,1,Low,Medium,Private,Neutral,4,No,High School,Near,Male,65,0.4186046511627907,False,True,False
23,99,Medium,No,9,73,Medium,Yes,0,Low,Medium,Public,Negative,4,No,College,Near,Male,69,0.5116279069767441,False,True,False
11,95,Medium,No,6,81,High,Yes,2,Low,Low,Public,Positive,3,No,High School,Near,Male,67,0.23255813953488375,False,False,True
13,74,Low,Yes,7,98,High,Yes,0,Medium,Medium,Public,Positive,3,No,Postgraduate,Near,Female,64,0.27906976744186046,False,True,False
13,62,Medium,Yes,6,90,Medium,No,3,High,High,Private,Neutral,3,Yes,Postgraduate,Near,Female,62,0.27906976744186046,False,True,False
21,94,Medium,Yes,9,65,Low,Yes,5,High,High,Private,Neutral,3,Yes,High School,Near,Male,71,0.46511627906976744,False,False,True
30,96,High,Yes,9,53,Medium,No,0,Medium,Medium,Private,Neutral,3,No,High School,Near,Male,72,0.6744186046511628,False,False,True
33,93,High,Yes,7,98,Low,Yes,0,Medium,Medium,Public,Negative,2,Yes,High School,Near,Female,74,0.7441860465116279,True,False,False
24,65,High,No,6,79,Low,Yes,1,Medium,High,Public,Neutral,2,No,Postgraduate,Near,Male,66,0.5348837209302325,False,True,False
23,100,Low,Yes,4,59,Medium,Yes,2,Medium,Medium,Public,Positive,4,No,High School,Near,Female,72,0.5116279069767441,True,False,False
9,70,Medium,No,5,81,Medium,Yes,1,High,High,Private,Neutral,4,No,Postgraduate,Near,Female,65,0.18604651162790697,True,False,False
17,89,Medium,Yes,4,52,High,Yes,0,Low,Medium,Public,Positive,3,No,College,Far,Female,67,0.37209302325581395,True,False,False
15,96,High,Yes,5,59,High,Yes,2,Medium,High,Private,Neutral,2,No,High School,Near,Male,70,0.32558139534883723,False,False,True
16,69,Medium,Yes,10,82,Medium,Yes,0,Low,High,Public,Negative,1,Yes,High School,Moderate,Male,62,0.3488372093023256,True,False,False
19,96,Low,Yes,5,70,High,Yes,0,Low,Medium,Public,Positive,2,No,High School,Far,Male,66,0.4186046511627907,False,True,False
17,72,Medium,Yes,5,66,Medium,Yes,2,High,High,Public,Negative,3,No,College,Near,Male,65,0.37209302325581395,False,True,False
8,99,High,Yes,6,83,High,Yes,2,Medium,High,Public,Positive,4,Yes,Postgraduate,Near,Male,70,0.16279069767441862,False,True,False
24,71,High,Yes,10,93,Low,Yes,2,Medium,Medium,Private,Positive,2,Yes,College,Near,Female,69,0.5348837209302325,True,False,False
14,98,Medium,Yes,7,84,Low,Yes,3,High,Medium,Public,Neutral,3,No,High School,Near,Female,70,0.3023255813953489,False,False,True
21,62,High,No,8,73,Medium,Yes,2,High,Medium,Private,Negative,2,No,College,Near,Female,66,0.46511627906976744,True,False,False
32,88,Low,Yes,7,83,Low,Yes,1,Low,High,Private,Positive,4,No,Postgraduate,Near,Male,73,0.7209302325581395,False,False,True
14,81,Medium,No,4,85,Low,Yes,3,Medium,High,Public,Positive,4,No,Postgraduate,Moderate,Female,69,0.3023255813953489,True,False,False
5,79,High,Yes,9,89,Low,Yes,3,Medium,Medium,Private,Neutral,3,No,College,Near,Female,66,0.09302325581395349,True,False,False
18,69,Medium,Yes,8,65,Medium,Yes,4,Medium,Medium,Public,Neutral,4,No,High School,Far,Male,65,0.3953488372093023,True,False,False
27,88,Low,No,7,56,High,Yes,2,Low,Medium,Public,Neutral,4,No,Postgraduate,Near,Female,70,0.6046511627906976,False,False,True
32,68,High,No,10,84,Medium,Yes,0,Medium,High,Private,Positive,2,No,Postgraduate,Far,Male,70,0.7209302325581395,True,False,False
13,82,Medium,No,6,56,High,Yes,2,Low,High,Public,Neutral,4,No,Postgraduate,Near,Male,67,0.27906976744186046,True,False,False
23,70,High,Yes,7,73,High,Yes,1,Low,Medium,Private,Positive,3,No,Postgraduate,Near,Male,68,0.5116279069767441,False,False,True
17,98,Low,Yes,6,62,Low,Yes,1,Medium,Medium,Private,Neutral,2,No,College,Near,Female,68,0.37209302325581395,False,False,True
19,61,Medium,No,9,67,Medium,Yes,0,Low,Medium,Public,Negative,2,No,College,Far,Female,61,0.4186046511627907,True,False,False
36,68,Medium,Yes,8,74,High,Yes,2,Medium,Medium,Public,Negative,3,No,High School,Near,Male,70,0.8139534883720929,False,False,True
11,70,High,No,7,95,High,Yes,0,Low,High,Public,Negative,5,No,College,Moderate,Male,65,0.23255813953488375,True,False,False
22,77,Medium,Yes,5,84,Medium,No,3,High,Medium,Public,Positive,2,No,High School,Moderate,Male,66,0.48837209302325585,False,True,False
23,69,Medium,Yes,6,59,Medium,Yes,3,High,Medium,Public,Neutral,3,No,Postgraduate,Moderate,Male,67,0.5116279069767441,False,False,True
27,80,Low,Yes,5,94,High,Yes,3,High,Medium,Public,Negative,3,No,High School,Near,Male,69,0.6046511627906976,False,True,False
21,95,High,No,9,75,Medium,Yes,1,Low,Medium,Public,Neutral,2,No,College,Far,Male,69,0.46511627906976744,False,False,True
22,88,Medium,Yes,5,60,Low,Yes,1,Low,Medium,Public,Neutral,2,No,High School,Moderate,Male,67,0.48837209302325585,False,False,True
18,83,Low,No,9,76,Medium,Yes,0,Medium,Low,Private,Neutral,4,No,High School,Near,Female,66,0.3953488372093023,True,False,False
22,64,Medium,Yes,9,60,Medium,Yes,1,High,High,Private,Neutral,2,No,High School,Near,Male,63,0.48837209302325585,False,True,False
18,88,Medium,No,6,68,Low,Yes,0,Medium,High,Public,Neutral,4,No,High School,Far,Female,67,0.3953488372093023,True,False,False
24,67,Low,Yes,6,90,Medium,Yes,0,Low,Medium,Public,Neutral,1,No,College,Far,Male,64,0.5348837209302325,True,False,False
18,91,Low,No,6,83,Medium,Yes,2,Low,Medium,Private,Neutral,4,No,High School,Near,Male,68,0.3953488372093023,False,False,True
22,70,High,Yes,8,74,Low,Yes,2,Low,High,Public,Negative,2,No,High School,Moderate,Male,65,0.48837209302325585,False,False,True
20,77,Low,No,9,61,Medium,Yes,2,Medium,Medium,Public,Neutral,3,No,High School,Near,Male,65,0.4418604651162791,False,False,True
27,74,Low,Yes,9,64,High,No,1,Low,Medium,Public,Neutral,3,No,High School,Near,Male,65,0.6046511627906976,False,False,True
20,94,Medium,Yes,6,99,Medium,Yes,0,Medium,Medium,Public,Negative,4,No,College,Near,Female,70,0.4418604651162791,False,True,False
9,65,High,Yes,9,67,Medium,Yes,1,High,Medium,Public,Neutral,3,No,High School,Near,Female,62,0.18604651162790697,False,False,True
28,83,Low,No,9,81,Medium,Yes,0,Low,Medium,Public,Neutral,4,No,High School,Moderate,Male,68,0.627906976744186,True,False,False
15,66,High,Yes,7,75,Low,Yes,0,High,High,Public,Negative,3,No,College,Near,Male,62,0.32558139534883723,False,True,False
16,88,High,Yes,7,51,Medium,Yes,0,Medium,Medium,Public,Positive,3,No,College,Near,Female,68,0.3488372093023256,False,False,True
16,96,Medium,Yes,9,97,Medium,Yes,0,Medium,High,Private,Neutral,5,No,College,Near,Male,72,0.3488372093023256,True,False,False
28,77,Medium,Yes,9,54,Low,Yes,1,High,Medium,Public,Positive,3,No,Postgraduate,Near,Female,70,0.627906976744186,True,False,False
7,80,Medium,No,9,83,Low,No,3,Medium,Medium,Public,Neutral,3,No,High School,Far,Female,62,0.13953488372093026,True,False,False
39,97,High,Yes,10,91,Medium,Yes,2,Low,Medium,Public,Positive,3,No,High School,Moderate,Female,79,0.883720930232558,True,False,False
26,81,High,Yes,8,87,Medium,Yes,2,High,High,Public,Neutral,1,No,Postgraduate,Near,Male,73,0.5813953488372092,False,False,True
21,80,High,Yes,7,90,High,Yes,1,Low,Low,Public,Negative,2,No,College,Far,Male,68,0.46511627906976744,True,False,False
20,83,Medium,Yes,9,87,Low,Yes,0,High,Medium,Public,Neutral,2,No,High School,Near,Male,68,0.4418604651162791,True,False,False
22,88,Medium,Yes,10,72,Medium,Yes,2,Low,High,Public,Neutral,2,No,High School,Moderate,Female,69,0.48837209302325585,False,False,True
23,64,Low,Yes,6,95,High,Yes,1,Low,Medium,Public,Positive,2,Yes,College,Far,Female,63,0.5116279069767441,False,False,True
24,93,Medium,Yes,7,96,Medium,No,5,High,Medium,Public,Negative,4,No,Postgraduate,Near,Female,74,0.5348837209302325,False,False,True
23,77,Medium,Yes,5,72,Medium,Yes,2,High,High,Public,Negative,5,No,College,Moderate,Female,69,0.5116279069767441,False,False,True
21,63,Low,No,8,74,Medium,Yes,0,Low,Medium,Public,Negative,3,No,High School,Near,Female,61,0.46511627906976744,False,False,True
19,91,Low,Yes,8,74,Low,Yes,4,Medium,Medium,Public,Neutral,2,Yes,Postgraduate,Near,Female,69,0.4186046511627907,False,False,True
19,75,Low,No,6,64,High,Yes,2,Low,Medium,Public,Neutral,3,No,High School,Near,Female,64,0.4186046511627907,False,False,True
19,64,Medium,Yes,9,56,Low,Yes,2,Low,Medium,Public,Positive,4,No,Postgraduate,Far,Female,63,0.4186046511627907,False,False,True
27,85,High,No,6,63,Low,Yes,1,Low,Medium,Public,Negative,2,No,College,Near,Male,68,0.6046511627906976,False,True,False
24,95,Medium,Yes,6,92,Medium,Yes,2,Low,Medium,Public,Neutral,3,No,High School,Far,Male,72,0.5348837209302325,True,False,False
2,96,High,Yes,9,77,Medium,Yes,3,Medium,Medium,Public,Neutral,2,No,High School,Far,Female,65,0.023255813953488372,False,True,False
24,98,Low,No,6,93,Low,No,2,Low,Low,Public,Positive,4,No,College,Near,Male,69,0.5348837209302325,False,True,False
21,95,Low,No,5,87,Low,Yes,2,Medium,Medium,Private,Neutral,4,No,High School,Near,Male,70,0.46511627906976744,False,False,True
20,60,Medium,Yes,8,67,Low,Yes,1,Medium,Medium,Public,Neutral,4,No,Postgraduate,Moderate,Female,63,0.4418604651162791,False,False,True
18,75,Medium,Yes,7,59,Low,Yes,0,Medium,Medium,Public,Positive,2,Yes,High School,Near,Female,62,0.3953488372093023,False,True,False
27,93,Medium,Yes,9,78,Low,Yes,1,Low,Medium,Public,Positive,2,No,Postgraduate,Near,Female,72,0.6046511627906976,False,False,True
26,75,High,No,8,97,Medium,Yes,1,Low,Medium,Public,Neutral,4,No,High School,Far,Male,69,0.5813953488372092,True,False,False
15,84,Medium,No,4,92,Low,Yes,2,Medium,Medium,Public,Negative,3,No,High School,Moderate,Female,66,0.32558139534883723,False,False,True
22,84,Medium,Yes,9,88,Medium,Yes,2,Low,High,Private,Neutral,4,No,Postgraduate,Near,Male,71,0.48837209302325585,False,False,True
14,75,Low,No,10,88,Medium,Yes,2,Low,Medium,Private,Negative,3,No,College,Moderate,Female,62,0.3023255813953489,False,True,False
12,96,Low,Yes,9,76,Medium,Yes,2,Medium,High,Public,Positive,2,No,High School,Near,Male,68,0.2558139534883721,False,False,True
16,80,Low,No,9,58,Low,Yes,0,Medium,Medium,Public,Neutral,2,No,High School,Near,Female,63,0.3488372093023256,True,False,False
25,79,Medium,Yes,7,64,Medium,Yes,0,Low,Medium,Public,Neutral,3,No,College,Far,Female,66,0.5581395348837209,False,False,True
26,100,Medium,Yes,6,79,High,Yes,1,Medium,High,Public,Positive,3,No,College,Moderate,Male,75,0.5813953488372092,True,False,False
23,80,Low,Yes,7,66,High,Yes,1,High,High,Private,Positive,4,No,College,Near,Female,69,0.5116279069767441,False,False,True
24,67,Medium,No,8,89,Medium,Yes,2,High,Low,Private,Positive,3,No,High School,Near,Female,68,0.5348837209302325,True,False,False
23,81,Medium,No,8,69,Medium,Yes,5,Medium,Medium,Public,Negative,2,No,High School,Moderate,Male,69,0.5116279069767441,True,False,False
16,93,Low,No,6,56,Medium,Yes,2,Low,Medium,Public,Positive,4,No,High School,Near,Male,67,0.3488372093023256,True,False,False
23,91,Medium,Yes,6,89,Medium,Yes,3,Medium,Medium,Private,Negative,3,No,Postgraduate,Near,Male,73,0.5116279069767441,True,False,False
25,92,High,Yes,5,85,Low,Yes,1,Low,Medium,Public,Negative,1,No,College,Near,Male,71,0.5581395348837209,False,False,True
25,88,Medium,Yes,8,63,Medium,Yes,2,High,Medium,Public,Positive,3,No,High School,Moderate,Female,71,0.5581395348837209,True,False,False
27,70,Medium,No,6,99,High,Yes,2,Low,Medium,Private,Neutral,2,No,High School,Near,Female,68,0.6046511627906976,False,False,True
24,94,Low,No,7,70,Medium,Yes,1,High,Medium,Public,Neutral,1,No,High School,Near,Male,70,0.5348837209302325,True,False,False
22,96,High,Yes,10,84,Low,Yes,1,High,High,Public,Negative,3,No,High School,Near,Male,71,0.48837209302325585,False,True,False
26,68,High,No,8,96,High,Yes,1,Medium,High,Public,Neutral,2,No,High School,Near,Male,69,0.5813953488372092,False,False,True
20,65,Medium,No,7,58,Medium,No,3,Low,Medium,Private,Neutral,4,No,High School,Near,Male,63,0.4418604651162791,True,False,False
15,99,Medium,Yes,8,94,Medium,Yes,2,Medium,Medium,Private,Neutral,3,No,Postgraduate,Near,Male,71,0.32558139534883723,False,True,False
19,95,Medium,Yes,9,85,Medium,No,2,Low,Medium,Public,Negative,3,No,College,Near,Male,69,0.4186046511627907,False,False,True
16,96,Medium,Yes,5,58,Medium,Yes,2,High,Low,Public,Positive,5,No,Postgraduate,Moderate,Male,71,0.3488372093023256,True,False,False
16,95,Low,No,6,83,Low,Yes,2,Low,High,Private,Neutral,3,No,High School,Near,Female,68,0.3488372093023256,False,False,True
19,82,Medium,No,7,94,Medium,Yes,1,Medium,Medium,Public,Positive,3,No,High School,Near,Female,68,0.4186046511627907,False,False,True
15,86,Low,No,6,90,Medium,Yes,0,Medium,High,Public,Neutral,3,No,Postgraduate,Far,Male,66,0.32558139534883723,False,False,True
18,82,Medium,No,7,88,Medium,Yes,3,Low,Medium,Public,Negative,3,No,College,Moderate,Female,67,0.3953488372093023,False,False,True
9,62,High,Yes,5,58,Low,Yes,0,Medium,High,Private,Positive,5,No,College,Moderate,Female,59,0.18604651162790697,False,True,False
21,90,Medium,No,8,60,Medium,Yes,1,Low,Medium,Public,Negative,2,No,College,Near,Female,66,0.46511627906976744,False,True,False
20,80,Low,No,6,77,Low,Yes,0,Medium,High,Private,Negative,3,No,High School,Near,Male,64,0.4418604651162791,False,True,False
15,86,Medium,No,7,79,Medium,Yes,1,Low,Medium,Public,Neutral,3,Yes,High School,Moderate,Female,64,0.32558139534883723,False,False,True
24,80,High,Yes,7,97,Medium,Yes,0,Low,High,Private,Neutral,4,No,High School,Moderate,Female,69,0.5348837209302325,False,False,True
26,80,Low,No,8,73,High,Yes,1,Medium,Medium,Public,Neutral,3,No,High School,Near,Male,69,0.5813953488372092,True,False,False
10,67,Medium,No,4,65,Medium,No,3,Medium,Medium,Public,Positive,3,No,High School,Near,Male,61,0.20930232558139533,False,False,True
15,71,High,No,8,60,Medium,Yes,0,Low,High,Private,Negative,3,No,High School,Far,Female,62,0.32558139534883723,True,False,False
15,66,Medium,No,7,53,Medium,Yes,2,Medium,High,Public,Negative,3,No,College,Near,Female,61,0.32558139534883723,False,True,False
14,68,Medium,Yes,8,53,High,Yes,1,Medium,High,Private,Positive,2,No,College,Near,Female,63,0.3023255813953489,False,False,True
25,99,Low,No,5,79,Low,Yes,2,Low,Medium,Public,Positive,4,No,College,Near,Female,71,0.5581395348837209,False,False,True
19,66,High,Yes,8,59,Medium,Yes,1,Medium,Low,Public,Positive,2,No,Postgraduate,Moderate,Female,65,0.4186046511627907,True,False,False
18,71,High,Yes,9,93,Medium,Yes,1,Low,High,Private,Neutral,4,No,College,Moderate,Male,68,0.3953488372093023,True,False,False
8,84,High,No,7,80,Medium,Yes,1,High,High,Public,Positive,4,No,High School,Moderate,Male,67,0.16279069767441862,True,False,False
24,84,High,Yes,6,93,High,Yes,2,Low,Medium,Public,Neutral,1,No,High School,Near,Female,70,0.5348837209302325,False,True,False
13,66,Medium,Yes,6,71,Medium,Yes,3,Medium,Medium,Public,Neutral,3,No,High School,Near,Male,64,0.27906976744186046,True,False,False
20,92,High,No,8,80,High,Yes,0,Medium,Medium,Private,Neutral,3,No,College,Near,Male,71,0.4418604651162791,False,False,True
22,91,Medium,Yes,8,76,Low,Yes,2,Medium,Medium,Public,Neutral,3,No,College,Moderate,Female,71,0.48837209302325585,True,False,False
28,69,High,No,8,99,Low,Yes,0,High,Medium,Private,Negative,3,No,High School,Moderate,Female,67,0.627906976744186,False,False,True
12,72,Low,Yes,7,90,Medium,Yes,0,High,Medium,Public,Positive,3,No,Postgraduate,Far,Male,63,0.2558139534883721,False,False,True
2,98,High,Yes,7,80,High,Yes,2,Low,High,Public,Neutral,1,No,High School,Near,Male,66,0.023255813953488372,False,True,False
21,93,Low,Yes,7,80,Medium,Yes,3,High,Medium,Public,Neutral,1,No,High School,Moderate,Male,70,0.46511627906976744,False,False,True
31,88,Low,No,6,62,Medium,Yes,2,Low,Medium,Private,Positive,4,No,High School,Near,Male,70,0.6976744186046511,False,False,True
27,63,Medium,Yes,8,87,Medium,Yes,3,Low,High,Private,Positive,3,No,High School,Near,Female,67,0.6046511627906976,False,True,False
21,77,Medium,No,7,99,High,Yes,3,Medium,High,Public,Neutral,3,No,Postgraduate,Near,Male,69,0.46511627906976744,False,True,False
17,82,Low,No,9,56,Low,Yes,3,High,Medium,Public,Positive,2,No,High School,Near,Female,66,0.37209302325581395,True,False,False
25,67,High,No,9,82,Medium,Yes,1,Medium,Medium,Public,Positive,3,No,Postgraduate,Far,Female,67,0.5581395348837209,False,False,True
14,78,Medium,Yes,7,76,Medium,Yes,0,High,Medium,Public,Negative,2,Yes,College,Near,Female,65,0.3023255813953489,True,False,False
23,84,High,Yes,8,93,Medium,Yes,1,High,Medium,Public,Positive,3,No,Postgraduate,Far,Male,72,0.5116279069767441,True,False,False
23,73,High,No,6,50,Medium,Yes,1,Medium,Medium,Public,Positive,3,No,College,Near,Male,68,0.5116279069767441,True,False,False
26,91,Medium,Yes,7,57,Low,Yes,3,Medium,Medium,Public,Negative,3,No,College,Near,Male,72,0.5813953488372092,True,False,False
37,94,Medium,Yes,8,52,High,Yes,1,Low,Medium,Private,Positive,3,No,Postgraduate,Near,Male,76,0.8372093023255813,True,False,False
22,73,Low,Yes,5,58,Medium,Yes,4,Low,Medium,Public,Positive,3,Yes,College,Near,Female,65,0.48837209302325585,False,False,True
17,94,Medium,No,8,85,Medium,Yes,1,Medium,Low,Public,Positive,4,No,High School,Near,Male,68,0.37209302325581395,False,True,False
20,64,Medium,Yes,6,57,Medium,Yes,3,Low,High,Public,Neutral,4,No,College,Near,Female,65,0.4418604651162791,False,False,True
9,94,Medium,Yes,6,81,Low,Yes,0,Low,High,Public,Positive,3,No,High School,Near,Male,66,0.18604651162790697,False,False,True
16,66,Medium,No,6,93,Medium,Yes,7,Low,Medium,Public,Negative,2,No,High School,Far,Male,63,0.3488372093023256,False,True,False
18,63,Low,No,7,52,Medium,Yes,2,High,High,Public,Positive,3,No,Postgraduate,Moderate,Female,63,0.3953488372093023,False,False,True
17,86,Medium,Yes,5,51,Medium,Yes,2,Low,Medium,Private,Neutral,2,No,Postgraduate,Moderate,Male,66,0.37209302325581395,False,False,True
21,79,Low,Yes,8,99,Medium,Yes,2,Low,High,Public,Positive,4,No,High School,Near,Male,69,0.46511627906976744,True,False,False
15,96,High,Yes,7,84,High,Yes,3,Medium,Low,Public,Positive,1,No,Postgraduate,Near,Male,72,0.32558139534883723,False,False,True
27,75,Low,Yes,10,57,Medium,Yes,3,High,Low,Public,Negative,3,No,High School,Near,Male,66,0.6046511627906976,False,False,True
20,71,Medium,Yes,7,65,Medium,No,2,Medium,Medium,Public,Negative,4,No,High School,Moderate,Female,64,0.4418604651162791,False,False,True
20,80,Low,Yes,8,99,Low,Yes,0,Low,High,Private,Positive,3,No,High School,Near,Male,67,0.4418604651162791,False,False,True
18,78,High,Yes,6,61,Low,Yes,1,Low,Medium,Private,Positive,5,No,High School,Near,Male,67,0.3953488372093023,True,False,False
21,74,Medium,Yes,5,88,Medium,Yes,1,Medium,High,Public,Neutral,1,No,College,Near,Male,66,0.46511627906976744,False,True,False
25,88,Low,Yes,8,62,Low,Yes,2,Low,Medium,Public,Neutral,2,No,High School,Near,Female,68,0.5581395348837209,False,False,True
15,90,Medium,No,5,70,Medium,Yes,0,Medium,Medium,Private,Neutral,2,No,High School,Moderate,Male,65,0.32558139534883723,False,False,True
16,94,High,Yes,8,94,High,Yes,2,Low,High,Private,Negative,3,No,High School,Near,Male,71,0.3488372093023256,False,False,True
18,99,High,Yes,10,51,Medium,Yes,1,Medium,Low,Public,Neutral,4,No,Postgraduate,Near,Male,71,0.3953488372093023,False,False,True
12,71,Medium,Yes,8,65,Medium,Yes,1,Medium,High,Private,Neutral,2,No,High School,Moderate,Male,62,0.2558139534883721,False,False,True
15,89,High,Yes,8,74,Low,Yes,2,Medium,High,Public,Positive,2,No,College,Near,Male,69,0.32558139534883723,False,False,True
17,76,Low,No,7,81,Low,Yes,4,High,Medium,Private,Neutral,2,No,High School,Near,Male,65,0.37209302325581395,False,False,True
25,87,Low,No,6,51,Low,Yes,3,Medium,Medium,Public,Neutral,3,No,Postgraduate,Near,Male,70,0.5581395348837209,True,False,False
22,79,Medium,Yes,7,71,Medium,Yes,2,Low,Medium,Private,Neutral,2,No,College,Moderate,Male,66,0.48837209302325585,False,False,True
21,100,Medium,No,6,67,Medium,Yes,0,High,Medium,Public,Positive,3,No,High School,Far,Male,70,0.46511627906976744,False,False,True
25,89,High,No,5,51,Low,Yes,2,Medium,High,Private,Negative,2,No,Postgraduate,Moderate,Female,70,0.5581395348837209,False,False,True
19,98,High,Yes,7,68,Medium,Yes,1,Low,Medium,Private,Neutral,4,No,High School,Moderate,Female,69,0.4186046511627907,False,True,False
22,93,Low,Yes,9,97,Medium,Yes,2,Medium,Medium,Public,Neutral,3,Yes,High School,Near,Male,71,0.48837209302325585,True,False,False
19,96,Medium,No,5,64,Medium,Yes,1,Medium,Medium,Public,Neutral,3,No,High School,Near,Male,69,0.4186046511627907,False,False,True
22,93,Medium,No,9,79,Medium,Yes,2,Medium,High,Public,Positive,2,No,Postgraduate,Near,Female,73,0.48837209302325585,True,False,False
17,78,Medium,Yes,9,65,Low,Yes,1,Medium,High,Public,Neutral,4,No,High School,Moderate,Female,65,0.37209302325581395,False,False,True
5,70,High,Yes,8,55,Medium,Yes,3,Low,Medium,Public,Neutral,3,No,High School,Near,Male,62,0.09302325581395349,True,False,False
19,75,High,No,8,64,Medium,Yes,2,High,Low,Public,Negative,5,No,Postgraduate,Moderate,Female,67,0.4186046511627907,False,False,True
29,61,Medium,Yes,7,74,High,Yes,1,Medium,Medium,Public,Neutral,3,No,Postgraduate,Moderate,Male,65,0.6511627906976744,False,True,False
26,81,Medium,No,7,65,Low,Yes,1,Medium,Medium,Public,Neutral,3,No,High School,Far,Male,65,0.5813953488372092,False,True,False
26,80,High,Yes,6,81,Medium,Yes,0,Medium,Medium,Public,Neutral,2,No,College,Near,Female,70,0.5813953488372092,False,False,True
27,81,Medium,Yes,7,97,Low,Yes,1,Medium,Medium,Public,Neutral,2,No,College,Near,Female,70,0.6046511627906976,False,False,True
21,99,High,Yes,7,53,Medium,Yes,0,Medium,Low,Public,Neutral,4,No,Postgraduate,Near,Female,71,0.46511627906976744,False,False,True
21,96,Low,No,10,86,Low,Yes,1,Low,High,Public,Neutral,3,No,College,Near,Male,71,0.46511627906976744,True,False,False
16,66,Medium,Yes,8,50,Low,Yes,1,Medium,High,Public,Neutral,4,No,High School,Moderate,Male,62,0.3488372093023256,False,False,True
18,75,Low,No,7,50,Medium,Yes,4,Low,Medium,Public,Positive,2,No,Postgraduate,Near,Female,65,0.3953488372093023,False,False,True
24,77,Medium,Yes,7,57,Medium,Yes,3,Medium,High,Public,Positive,2,No,College,Far,Male,84,0.5348837209302325,True,False,False
27,74,Medium,Yes,6,74,Medium,Yes,2,Medium,High,Public,Neutral,2,No,College,Far,Male,68,0.6046511627906976,False,False,True
19,92,Medium,Yes,6,52,Medium,Yes,3,High,Medium,Public,Positive,1,No,High School,Near,Male,70,0.4186046511627907,True,False,False
17,81,High,No,8,86,Medium,Yes,1,Medium,Medium,Private,Neutral,3,No,Postgraduate,Near,Male,68,0.37209302325581395,False,False,True
20,83,Medium,No,6,51,Medium,Yes,2,Low,High,Public,Negative,4,No,Postgraduate,Near,Male,67,0.4418604651162791,False,False,True
24,94,Medium,Yes,6,75,Low,Yes,1,Low,High,Public,Negative,4,No,High School,Near,Female,69,0.5348837209302325,False,True,False
11,92,High,Yes,6,84,Medium,Yes,2,Low,Low,Public,Negative,1,No,High School,Near,Female,68,0.23255813953488375,True,False,False
6,65,High,No,6,62,Medium,No,3,Low,Low,Public,Neutral,1,No,High School,Near,Male,59,0.11627906976744186,True,False,False
17,89,Low,Yes,9,79,Medium,No,0,Medium,Medium,Public,Positive,2,No,College,Near,Female,67,0.37209302325581395,True,False,False
13,77,High,Yes,7,63,Low,Yes,0,High,Low,Public,Positive,1,No,High School,Moderate,Male,63,0.27906976744186046,False,False,True
17,72,High,Yes,7,61,Low,Yes,1,Medium,Medium,Public,Negative,4,No,High School,Near,Female,65,0.37209302325581395,True,False,False
19,62,Medium,No,7,91,Low,Yes,1,Low,Medium,Public,Positive,3,No,College,Near,Male,63,0.4186046511627907,False,False,True
17,79,Medium,No,7,67,Low,Yes,1,Low,Medium,Private,Positive,3,No,High School,Near,Female,64,0.37209302325581395,False,False,True
29,74,Medium,Yes,6,91,High,Yes,3,Low,High,Public,Positive,4,No,College,Far,Female,72,0.6511627906976744,True,False,False
22,70,Medium,Yes,5,61,High,Yes,1,Low,Medium,Public,Negative,3,No,College,Moderate,Male,63,0.48837209302325585,False,True,False
22,88,Medium,No,9,68,Medium,No,2,Medium,Medium,Public,Neutral,2,Yes,High School,Near,Male,66,0.48837209302325585,False,False,True
24,91,Medium,Yes,8,55,Low,Yes,0,Medium,Low,Private,Neutral,2,No,College,Moderate,Female,67,0.5348837209302325,False,False,True
13,70,High,Yes,8,75,High,Yes,1,High,Medium,Public,Positive,2,Yes,Postgraduate,Moderate,Male,66,0.27906976744186046,True,False,False
26,62,Medium,Yes,8,69,Medium,Yes,2,Medium,High,Public,Positive,3,No,College,Moderate,Female,66,0.5813953488372092,False,False,True
20,94,Medium,Yes,10,50,Low,Yes,1,Low,High,Private,Negative,4,Yes,Postgraduate,Near,Female,68,0.4418604651162791,False,False,True
24,60,High,No,6,73,Medium,Yes,1,Low,Medium,Private,Positive,5,No,Postgraduate,Moderate,Male,66,0.5348837209302325,True,False,False
14,97,Medium,Yes,5,54,Medium,Yes,3,Medium,Medium,Public,Negative,2,No,College,Near,Female,68,0.3023255813953489,False,False,True
11,85,Medium,Yes,8,92,Low,Yes,2,Medium,Medium,Public,Negative,4,No,High School,Far,Female,65,0.23255813953488375,False,False,True
25,73,Medium,Yes,5,75,Low,Yes,0,Medium,Medium,Private,Positive,2,No,College,Near,Female,67,0.5581395348837209,False,False,True
22,70,Low,No,7,85,Medium,Yes,0,High,Medium,Private,Negative,3,No,High School,Far,Male,64,0.48837209302325585,True,False,False
15,60,High,No,7,91,Low,Yes,0,Low,Medium,Private,Negative,2,No,College,Far,Male,59,0.32558139534883723,False,True,False
15,69,Medium,Yes,8,53,Low,No,0,High,Medium,Private,Negative,3,No,High School,Near,Male,60,0.32558139534883723,False,False,True
27,66,High,No,6,67,Low,Yes,1,High,High,Public,Negative,4,No,College,Far,Female,65,0.6046511627906976,False,True,False
13,84,Medium,Yes,9,51,High,Yes,0,Low,Medium,Public,Negative,4,No,High School,Near,Female,64,0.27906976744186046,False,False,True
30,67,High,No,6,52,Medium,Yes,1,Low,Medium,Public,Neutral,1,No,High School,Near,Female,66,0.6744186046511628,False,False,True
15,81,Medium,Yes,8,52,Medium,Yes,0,Medium,Medium,Public,Neutral,2,No,Postgraduate,Near,Male,65,0.32558139534883723,False,False,True
24,84,Medium,Yes,6,74,Medium,Yes,2,Medium,High,Public,Positive,2,No,High School,Far,Male,69,0.5348837209302325,False,False,True
18,72,High,Yes,8,73,Medium,Yes,0,Medium,Medium,Private,Positive,4,Yes,High School,Near,Female,66,0.3953488372093023,True,False,False
24,61,Medium,Yes,5,53,Medium,Yes,1,Low,High,Private,Neutral,5,No,College,Near,Female,65,0.5348837209302325,True,False,False
17,61,Medium,No,7,63,Low,Yes,1,Medium,Medium,Public,Positive,4,No,College,Moderate,Female,62,0.37209302325581395,True,False,False
19,61,Low,No,9,62,Medium,Yes,2,Medium,Medium,Public,Neutral,2,No,High School,Far,Female,60,0.4186046511627907,False,False,True
20,90,Medium,No,7,65,Low,No,4,Low,High,Public,Positive,4,No,College,Moderate,Female,68,0.4418604651162791,False,True,False
14,73,High,Yes,9,82,Medium,Yes,1,Medium,Medium,Public,Negative,3,No,High School,Near,Female,64,0.3023255813953489,False,False,True
24,92,High,No,7,85,High,Yes,0,Medium,Medium,Public,Positive,3,No,College,Near,Female,73,0.5348837209302325,True,False,False
17,77,Medium,Yes,6,67,Low,Yes,1,Low,Medium,Public,Positive,1,No,College,Near,Male,64,0.37209302325581395,False,False,True
19,78,High,No,7,89,Medium,Yes,2,Medium,Medium,Public,Neutral,4,No,High School,Moderate,Female,69,0.4186046511627907,True,False,False
14,81,Medium,No,8,71,Low,Yes,1,Low,High,Public,Neutral,3,Yes,Postgraduate,Near,Female,63,0.3023255813953489,False,True,False
5,89,Medium,Yes,4,76,High,Yes,2,Medium,Medium,Public,Neutral,3,No,College,Near,Male,65,0.09302325581395349,False,False,True
19,71,Medium,No,8,57,Medium,Yes,2,Medium,High,Public,Positive,4,No,High School,Moderate,Male,65,0.4186046511627907,False,False,True
34,65,Medium,Yes,6,62,High,Yes,0,Medium,High,Public,Negative,3,No,High School,Near,Male,67,0.7674418604651162,False,False,True
25,82,Medium,Yes,5,86,Medium,No,0,Low,Low,Public,Positive,4,No,High School,Near,Male,67,0.5581395348837209,False,False,True
20,73,Medium,No,8,99,Low,Yes,1,Medium,Medium,Private,Positive,3,No,High School,Near,Male,66,0.4418604651162791,False,False,True
18,78,High,Yes,9,85,High,Yes,1,Low,High,Private,Negative,2,No,Postgraduate,Near,Male,68,0.3953488372093023,False,False,True
20,86,Low,Yes,7,53,Medium,Yes,1,Low,High,Public,Negative,2,No,High School,Near,Male,65,0.4418604651162791,False,False,True
23,80,Low,Yes,5,57,Medium,Yes,1,Low,Medium,Public,Neutral,4,No,Postgraduate,Near,Male,66,0.5116279069767441,False,True,False
13,85,Low,Yes,6,72,Medium,Yes,2,Low,Medium,Public,Positive,1,No,College,Moderate,Female,66,0.27906976744186046,True,False,False
27,82,Medium,Yes,6,87,Low,No,2,Low,High,Public,Positive,2,No,High School,Near,Male,69,0.6046511627906976,False,False,True
24,90,Medium,No,7,58,Medium,Yes,2,Low,Medium,Private,Neutral,2,No,Postgraduate,Near,Male,70,0.5348837209302325,False,False,True
24,88,Low,Yes,7,88,Medium,Yes,2,Medium,High,Private,Neutral,2,No,Postgraduate,Moderate,Male,71,0.5348837209302325,False,False,True
23,81,Medium,No,8,78,High,Yes,4,Low,Low,Public,Positive,3,No,High School,Moderate,Male,70,0.5116279069767441,True,False,False
20,87,Medium,No,8,89,Low,Yes,2,Medium,Medium,Public,Neutral,3,No,High School,Moderate,Male,68,0.4418604651162791,False,False,True
24,95,High,Yes,8,78,Medium,Yes,2,Low,High,Public,Negative,2,No,Postgraduate,Far,Female,73,0.5348837209302325,True,False,False
24,77,High,No,8,80,High,Yes,1,Low,High,Public,Positive,2,Yes,High School,Moderate,Female,68,0.5348837209302325,False,False,True
18,77,Medium,Yes,7,62,Low,Yes,2,High,Medium,Private,Neutral,4,No,College,Near,Male,66,0.3953488372093023,False,False,True
17,91,Low,Yes,10,86,Low,Yes,1,Medium,Medium,Public,Neutral,3,Yes,Postgraduate,Moderate,Female,67,0.37209302325581395,False,False,True
21,83,Low,Yes,8,92,Low,Yes,2,Medium,Medium,Private,Negative,4,Yes,High School,Near,Male,66,0.46511627906976744,False,False,True
29,63,High,Yes,8,94,Medium,Yes,0,Medium,High,Private,Positive,2,No,Postgraduate,Near,Female,69,0.6511627906976744,False,False,True
13,96,Medium,No,10,51,Medium,Yes,1,Low,Low,Public,Positive,3,No,Postgraduate,Near,Female,67,0.27906976744186046,False,False,True
11,61,Low,Yes,7,81,High,Yes,5,Medium,Low,Public,Positive,4,Yes,High School,Near,Male,61,0.23255813953488375,False,False,True
21,90,Medium,No,6,99,Medium,Yes,2,Low,Medium,Private,Negative,3,No,College,Near,Female,70,0.46511627906976744,False,False,True
20,90,High,No,9,79,Medium,Yes,2,Low,Medium,Public,Negative,2,No,High School,Near,Female,70,0.4418604651162791,True,False,False
21,98,Medium,Yes,9,59,High,No,3,Medium,Medium,Public,Neutral,3,Yes,College,Near,Female,70,0.46511627906976744,False,False,True
21,62,Medium,No,7,94,Low,Yes,1,Low,High,Private,Positive,3,No,College,Moderate,Female,64,0.46511627906976744,False,False,True
19,84,Medium,No,10,63,Medium,Yes,0,Low,Medium,Public,Negative,3,No,College,Far,Female,65,0.4186046511627907,True,False,False
29,77,Medium,No,7,52,Medium,Yes,5,Low,Medium,Public,Positive,4,No,College,Near,Female,70,0.6511627906976744,False,False,True
10,73,High,Yes,8,72,Low,Yes,1,Low,High,Public,Positive,2,No,College,Moderate,Female,62,0.20930232558139533,False,True,False
15,64,High,Yes,9,55,High,Yes,1,Medium,Low,Public,Neutral,3,No,College,Near,Female,64,0.32558139534883723,True,False,False
19,83,High,Yes,7,56,Medium,Yes,1,Medium,Low,Private,Positive,3,No,College,Far,Female,67,0.4186046511627907,False,False,True
10,79,Medium,No,8,73,High,No,1,Low,Low,Public,Neutral,4,No,High School,Near,Female,63,0.20930232558139533,True,False,False
19,64,Medium,Yes,9,81,High,Yes,0,Medium,High,Public,Neutral,3,Yes,High School,Near,Male,62,0.4186046511627907,False,True,False
30,84,Medium,No,6,95,Medium,Yes,2,High,High,Public,Negative,2,No,College,Near,Male,72,0.6744186046511628,False,True,False
20,90,Medium,No,6,85,High,No,3,Low,High,Private,Neutral,2,No,College,Near,Male,69,0.4418604651162791,False,True,False
21,91,High,Yes,9,92,Medium,Yes,5,Low,Medium,Private,Negative,2,No,High School,Near,Male,72,0.46511627906976744,False,False,True
12,96,Medium,Yes,7,71,High,Yes,2,Medium,Medium,Private,Positive,2,No,College,Near,Male,68,0.2558139534883721,False,True,False
16,76,Medium,No,6,66,Low,Yes,1,Medium,Medium,Private,Neutral,3,No,Postgraduate,Near,Female,64,0.3488372093023256,False,True,False
18,98,High,Yes,7,80,Low,Yes,3,Low,Medium,Private,Neutral,1,No,College,Near,Female,72,0.3953488372093023,True,False,False
18,95,High,Yes,8,85,Low,Yes,2,Low,High,Public,Positive,3,No,College,Near,Female,73,0.3953488372093023,True,False,False
28,72,Medium,Yes,5,78,Low,No,5,Medium,Low,Private,Negative,2,No,College,Far,Male,67,0.627906976744186,True,False,False
23,66,Low,Yes,8,63,Medium,Yes,0,Low,Medium,Public,Negative,4,No,College,Near,Female,64,0.5116279069767441,True,False,False
13,77,Medium,Yes,8,68,Low,Yes,3,High,Medium,Private,Neutral,3,No,High School,Near,Female,65,0.27906976744186046,False,False,True
21,76,High,Yes,9,72,Low,Yes,1,Low,High,Public,Neutral,3,No,High School,Moderate,Female,67,0.46511627906976744,True,False,False
23,83,Medium,Yes,7,51,Low,Yes,3,Medium,High,Public,Neutral,2,No,College,Moderate,Male,68,0.5116279069767441,False,False,True
27,83,High,Yes,9,94,Medium,Yes,2,Low,High,Public,Positive,2,No,High School,Near,Male,72,0.6046511627906976,False,False,True
29,90,Low,Yes,7,76,Low,Yes,1,Medium,Low,Public,Positive,3,No,High School,Moderate,Female,71,0.6511627906976744,True,False,False
14,80,Medium,Yes,7,88,Medium,Yes,1,Medium,Medium,Private,Neutral,3,No,High School,Near,Male,66,0.3023255813953489,False,False,True
15,64,Medium,No,7,59,Low,Yes,0,Low,Medium,Public,Neutral,3,Yes,High School,Near,Female,59,0.32558139534883723,True,False,False
12,94,Medium,Yes,10,78,Medium,Yes,1,Medium,High,Public,Neutral,2,No,High School,Near,Female,68,0.2558139534883721,False,False,True
19,72,High,Yes,5,96,Low,No,3,Low,Low,Public,Positive,2,No,High School,Moderate,Female,64,0.4186046511627907,False,True,False
23,99,Medium,No,8,61,Low,Yes,2,High,High,Private,Positive,3,Yes,High School,Near,Female,70,0.5116279069767441,False,True,False
26,65,Medium,Yes,7,67,Medium,Yes,4,High,Medium,Private,Negative,3,No,High School,Moderate,Female,65,0.5813953488372092,False,True,False
20,98,Medium,Yes,7,69,High,No,2,High,High,Public,Negative,2,No,College,Near,Female,72,0.4418604651162791,True,False,False
18,64,High,No,8,69,Medium,Yes,3,High,Medium,Public,Positive,3,No,College,Moderate,Male,66,0.3953488372093023,True,False,False
21,69,Medium,Yes,9,80,High,Yes,2,Medium,High,Public,Positive,5,No,College,Near,Male,68,0.46511627906976744,False,False,True
15,62,High,No,8,70,Medium,Yes,1,Low,Medium,Private,Positive,3,No,College,Near,Male,62,0.32558139534883723,False,False,True
33,88,Low,No,9,84,Medium,Yes,1,Low,Medium,Public,Negative,3,No,High School,Near,Male,70,0.7441860465116279,False,False,True
10,94,Medium,Yes,7,74,High,Yes,3,High,Medium,Public,Positive,3,No,College,Moderate,Male,70,0.20930232558139533,True,False,False
21,77,Low,Yes,7,58,Medium,Yes,0,Low,High,Public,Negative,3,No,College,Near,Male,64,0.46511627906976744,False,False,True
32,97,Low,Yes,5,97,Low,Yes,1,Low,High,Public,Positive,5,No,College,Moderate,Female,76,0.7209302325581395,True,False,False
20,84,Medium,Yes,10,62,High,Yes,1,Medium,Medium,Public,Neutral,2,No,College,Moderate,Male,67,0.4418604651162791,False,False,True
19,85,High,No,7,78,Low,Yes,2,Low,High,Private,Negative,3,No,College,Near,Male,69,0.4186046511627907,True,False,False
18,94,Low,Yes,7,53,Medium,Yes,4,Medium,High,Public,Positive,3,No,High School,Far,Female,68,0.3953488372093023,False,False,True
19,72,Medium,Yes,8,96,Low,Yes,1,Medium,High,Public,Positive,2,No,Postgraduate,Moderate,Female,67,0.4186046511627907,False,False,True
28,74,Medium,Yes,9,96,Low,Yes,0,High,High,Private,Neutral,3,No,High School,Near,Female,69,0.627906976744186,False,False,True
7,96,Medium,Yes,6,68,Medium,Yes,2,Low,High,Public,Neutral,1,No,High School,Near,Female,67,0.13953488372093026,True,False,False
29,96,High,Yes,9,56,Low,Yes,0,Low,High,Private,Neutral,4,No,High School,Near,Male,73,0.6511627906976744,True,False,False
11,99,High,Yes,7,88,High,No,4,Medium,Low,Private,Neutral,3,No,College,Near,Male,71,0.23255813953488375,False,False,True
18,96,Low,No,9,63,Medium,Yes,4,Low,Medium,Private,Neutral,3,No,Postgraduate,Near,Male,70,0.3953488372093023,False,False,True
17,65,Medium,Yes,6,85,Medium,Yes,1,Low,Medium,Private,Neutral,3,No,High School,Near,Male,65,0.37209302325581395,True,False,False
24,93,Medium,Yes,8,96,Medium,Yes,0,Medium,Medium,Public,Positive,1,No,Postgraduate,Moderate,Male,73,0.5348837209302325,True,False,False
10,76,Medium,Yes,7,80,Medium,Yes,1,Low,High,Public,Positive,4,No,Postgraduate,Near,Female,65,0.20930232558139533,False,False,True
23,100,Medium,Yes,5,93,Medium,Yes,4,Low,Medium,Private,Neutral,3,No,Postgraduate,Moderate,Male,73,0.5116279069767441,False,True,False
32,79,High,Yes,5,61,Medium,Yes,0,Low,High,Public,Positive,3,No,College,Near,Male,70,0.7209302325581395,False,True,False
12,82,Medium,Yes,6,96,High,Yes,0,Low,Low,Private,Positive,4,Yes,College,Near,Male,66,0.2558139534883721,True,False,False
21,81,Medium,Yes,8,61,High,Yes,3,Medium,Low,Public,Negative,5,No,High School,Moderate,Female,66,0.46511627906976744,False,True,False
16,73,Medium,Yes,4,61,Low,Yes,4,Low,High,Private,Neutral,5,No,High School,Moderate,Male,64,0.3488372093023256,False,False,True
23,63,Medium,Yes,8,94,High,Yes,2,Medium,Medium,Public,Neutral,5,No,Postgraduate,Near,Male,68,0.5116279069767441,False,False,True
20,96,Medium,No,7,78,Medium,Yes,1,High,High,Public,Neutral,2,No,High School,Near,Male,70,0.4418604651162791,False,False,True
16,92,Medium,Yes,4,90,High,Yes,6,High,Medium,Private,Neutral,3,No,High School,Near,Male,72,0.3488372093023256,False,False,True
23,66,High,No,6,90,Medium,Yes,2,Low,Medium,Public,Neutral,3,No,High School,Near,Male,66,0.5116279069767441,False,False,True
31,91,Medium,Yes,6,82,Medium,Yes,2,Medium,High,Public,Positive,3,No,High School,Near,Male,74,0.6976744186046511,False,False,True
19,85,Medium,No,7,59,Low,Yes,0,Medium,High,Private,Negative,4,No,College,Moderate,Male,67,0.4186046511627907,True,False,False
24,76,High,Yes,9,85,Medium,Yes,2,Low,Medium,Private,Positive,2,No,Postgraduate,Near,Female,71,0.5348837209302325,True,False,False
12,70,High,Yes,9,53,Medium,Yes,2,Low,Medium,Public,Neutral,2,Yes,High School,Near,Male,60,0.2558139534883721,False,True,False
14,94,Medium,No,6,60,Medium,Yes,3,High,Medium,Public,Neutral,3,No,College,Near,Female,68,0.3023255813953489,False,True,False
23,88,Medium,No,6,82,Medium,Yes,0,Medium,Medium,Private,Negative,3,No,College,Near,Male,69,0.5116279069767441,False,False,True
29,82,High,No,5,95,Medium,Yes,2,Medium,High,Public,Neutral,3,No,College,Near,Male,74,0.6511627906976744,True,False,False
22,84,Medium,Yes,6,89,Medium,Yes,2,Medium,Medium,Public,Neutral,3,No,High School,Near,Male,71,0.48837209302325585,True,False,False
18,64,Medium,Yes,6,67,High,Yes,0,Low,Medium,Private,Negative,4,No,College,Near,Male,63,0.3953488372093023,True,False,False
20,79,Low,Yes,7,91,High,No,2,Low,Medium,Private,Negative,4,Yes,College,Moderate,Male,66,0.4418604651162791,True,False,False
12,68,High,No,7,98,Medium,Yes,1,Medium,High,Private,Neutral,4,No,High School,Near,Male,65,0.2558139534883721,False,False,True
24,68,Low,No,6,67,High,No,0,Low,High,Private,Positive,3,Yes,High School,Far,Female,60,0.5348837209302325,False,True,False
25,86,Low,Yes,6,59,Medium,Yes,3,Low,Medium,Public,Positive,3,No,High School,Near,Female,69,0.5581395348837209,False,False,True
17,96,Medium,No,6,60,Medium,Yes,1,Low,Medium,Public,Neutral,3,No,College,Near,Female,69,0.37209302325581395,True,False,False
17,76,High,Yes,6,70,Low,Yes,2,High,Medium,Public,Neutral,4,No,Postgraduate,Moderate,Male,67,0.37209302325581395,False,False,True
22,68,Medium,Yes,9,53,High,Yes,1,Medium,Medium,Public,Neutral,2,No,High School,Moderate,Female,65,0.48837209302325585,True,False,False
17,86,High,Yes,8,74,Medium,Yes,1,Low,High,Private,Neutral,4,No,College,Near,Male,70,0.37209302325581395,True,False,False
20,95,Medium,Yes,8,87,Low,Yes,0,Low,Medium,Private,Positive,3,No,Postgraduate,Moderate,Female,71,0.4418604651162791,True,False,False
33,90,Medium,Yes,9,77,Medium,Yes,3,Medium,High,Public,Negative,6,Yes,Postgraduate,Moderate,Male,73,0.7441860465116279,False,True,False
19,95,High,Yes,8,99,Medium,Yes,0,Low,Medium,Public,Neutral,2,No,Postgraduate,Moderate,Male,70,0.4186046511627907,False,True,False
18,81,Low,Yes,9,73,High,Yes,1,Medium,High,Public,Neutral,2,No,High School,Near,Female,67,0.3953488372093023,True,False,False
16,90,High,Yes,8,51,Medium,Yes,1,High,Medium,Public,Neutral,5,No,High School,Moderate,Female,67,0.3488372093023256,False,True,False
24,66,High,No,7,74,Medium,Yes,0,High,High,Public,Neutral,2,No,College,Moderate,Male,65,0.5348837209302325,False,True,False
19,74,High,Yes,6,96,Medium,Yes,2,High,Medium,Public,Neutral,3,No,College,Near,Male,69,0.4186046511627907,True,False,False
16,76,High,Yes,6,55,Medium,No,1,Low,Medium,Public,Positive,1,No,Postgraduate,Near,Male,65,0.3488372093023256,True,False,False
28,80,High,Yes,8,61,Low,Yes,1,Low,Medium,Private,Negative,3,No,College,Far,Female,68,0.627906976744186,False,False,True
29,97,Medium,No,7,86,Medium,Yes,0,Medium,Medium,Public,Positive,3,No,College,Near,Female,74,0.6511627906976744,True,False,False
16,95,Medium,Yes,5,65,High,Yes,0,Medium,Medium,Private,Neutral,3,No,College,Near,Female,68,0.3488372093023256,False,True,False
9,65,Medium,No,4,88,Low,Yes,1,Low,Medium,Public,Positive,3,No,College,Near,Male,61,0.18604651162790697,False,False,True
26,67,Low,Yes,10,71,High,Yes,3,Low,Medium,Public,Neutral,3,No,Postgraduate,Near,Male,67,0.5813953488372092,False,False,True
16,74,High,Yes,6,90,Medium,Yes,1,Low,Medium,Private,Negative,4,Yes,High School,Near,Female,66,0.3488372093023256,True,False,False
25,72,Low,Yes,6,78,Low,Yes,8,Medium,High,Public,Positive,4,No,High School,Near,Male,69,0.5581395348837209,False,True,False
8,85,Low,Yes,9,54,Low,Yes,1,Low,High,Private,Positive,3,No,High School,Near,Male,62,0.16279069767441862,False,False,True
25,96,High,Yes,5,69,Low,Yes,0,Low,Medium,Public,Neutral,4,No,High School,Moderate,Male,71,0.5581395348837209,False,False,True
13,98,High,Yes,8,67,Medium,Yes,1,Medium,Medium,Private,Positive,4,No,Postgraduate,Moderate,Female,71,0.27906976744186046,True,False,False
24,86,High,Yes,10,91,Low,Yes,0,Low,High,Private,Positive,4,No,College,Near,Female,72,0.5348837209302325,False,False,True
20,94,High,Yes,10,81,Low,Yes,1,Medium,High,Public,Neutral,5,Yes,High School,Far,Female,69,0.4418604651162791,False,False,True
14,81,Medium,No,6,89,Medium,No,6,Low,High,Private,Neutral,3,No,College,Near,Female,67,0.3023255813953489,False,True,False
18,68,High,No,7,69,Medium,Yes,1,Low,High,Public,Neutral,4,Yes,High School,Moderate,Female,63,0.3953488372093023,False,False,True
24,81,Medium,Yes,6,85,Medium,No,1,Medium,High,Public,Neutral,4,No,College,Moderate,Male,68,0.5348837209302325,False,False,True
21,82,High,Yes,7,53,Low,Yes,0,High,Medium,Public,Positive,2,No,Postgraduate,Near,Male,69,0.46511627906976744,True,False,False
24,90,Low,Yes,9,52,Low,Yes,0,Low,Medium,Public,Negative,3,Yes,College,Near,Female,65,0.5348837209302325,False,False,True
32,69,High,Yes,5,64,Medium,Yes,0,Medium,Medium,Public,Negative,3,No,Postgraduate,Near,Female,70,0.7209302325581395,True,False,False
11,75,Medium,No,8,89,Medium,Yes,2,High,High,Private,Positive,4,No,College,Moderate,Male,65,0.23255813953488375,False,False,True
30,75,Medium,No,7,77,Medium,Yes,0,Low,Medium,Public,Positive,2,No,High School,Moderate,Male,67,0.6744186046511628,False,False,True
21,98,High,Yes,9,70,Medium,Yes,0,Low,High,Public,Positive,1,No,College,Near,Male,72,0.46511627906976744,False,False,True
15,78,High,Yes,9,95,High,Yes,1,High,High,Public,Positive,3,No,High School,Near,Male,69,0.32558139534883723,False,False,True
12,90,High,Yes,6,75,Low,No,2,Medium,Medium,Public,Neutral,3,No,Postgraduate,Near,Male,69,0.2558139534883721,True,False,False
19,90,Low,No,7,81,Medium,Yes,4,High,High,Public,Neutral,4,Yes,College,Near,Female,71,0.4186046511627907,True,False,False
26,71,Low,Yes,8,99,Medium,Yes,1,Medium,High,Public,Positive,3,No,High School,Far,Male,67,0.5813953488372092,False,False,True
19,83,Low,No,8,76,Low,Yes,3,Low,Low,Public,Neutral,3,No,Postgraduate,Near,Female,65,0.4186046511627907,False,True,False
29,96,Low,No,4,89,Medium,Yes,2,Low,High,Public,Neutral,2,No,High School,Far,Female,70,0.6511627906976744,False,True,False
11,79,Medium,No,8,71,Low,Yes,1,Medium,Medium,Private,Positive,2,No,College,Moderate,Female,63,0.23255813953488375,False,False,True
20,98,High,Yes,9,52,Medium,Yes,0,Medium,Medium,Private,Positive,3,No,College,Far,Male,71,0.4418604651162791,True,False,False
12,69,Medium,Yes,7,92,Low,Yes,1,Medium,Medium,Public,Neutral,3,No,College,Near,Female,64,0.2558139534883721,True,False,False
22,63,High,Yes,8,97,High,Yes,5,Medium,Medium,Private,Neutral,3,No,High School,Near,Male,69,0.48837209302325585,False,False,True
25,96,Medium,No,9,72,Low,Yes,0,Low,Medium,Private,Positive,3,No,High School,Near,Male,69,0.5581395348837209,False,True,False
17,94,Medium,Yes,7,75,Medium,Yes,1,Low,High,Public,Positive,3,No,Postgraduate,Moderate,Male,70,0.37209302325581395,False,False,True
4,100,Low,No,8,71,Low,Yes,2,Low,Medium,Private,Negative,4,No,High School,Moderate,Female,64,0.06976744186046512,True,False,False
21,87,High,No,7,100,Low,Yes,1,Low,Medium,Public,Positive,3,No,High School,Near,Male,70,0.46511627906976744,False,False,True
23,97,High,No,7,95,Medium,Yes,0,Medium,High,Private,Positive,4,No,Postgraduate,Moderate,Female,74,0.5116279069767441,False,False,True
22,93,Medium,Yes,6,52,Medium,Yes,1,Low,Medium,Public,Negative,3,No,College,Near,Female,69,0.48837209302325585,False,False,True
27,94,Medium,Yes,7,89,Medium,Yes,3,Low,Medium,Private,Positive,2,No,College,Near,Female,73,0.6046511627906976,False,True,False
14,83,Medium,Yes,10,80,Medium,Yes,1,Medium,High,Private,Neutral,3,Yes,College,Near,Female,66,0.3023255813953489,False,False,True
24,75,High,Yes,6,51,High,No,1,Medium,High,Public,Negative,3,No,High School,Near,Male,67,0.5348837209302325,True,False,False
27,97,High,No,8,72,Medium,Yes,6,Low,Medium,Public,Neutral,2,No,College,Near,Female,76,0.6046511627906976,True,False,False
9,77,Medium,No,7,57,Low,Yes,2,Medium,Low,Public,Negative,3,No,High School,Near,Male,61,0.18604651162790697,False,False,True
22,82,Medium,Yes,9,94,High,Yes,0,Medium,Medium,Public,Positive,4,No,High School,Moderate,Female,68,0.48837209302325585,False,True,False
17,78,Low,Yes,9,51,High,Yes,1,Low,Medium,Private,Neutral,3,No,High School,Moderate,Male,63,0.37209302325581395,False,False,True
20,83,Low,Yes,6,94,Medium,Yes,1,Low,Medium,Public,Neutral,2,No,High School,Near,Male,67,0.4418604651162791,True,False,False
22,79,Low,Yes,6,97,Low,Yes,3,High,Medium,Public,Negative,3,No,High School,Moderate,Male,66,0.48837209302325585,False,True,False
17,62,Low,Yes,6,54,Low,Yes,2,Medium,High,Public,Neutral,3,No,College,Near,Male,62,0.37209302325581395,True,False,False
16,95,Low,Yes,6,86,Medium,Yes,0,Low,High,Private,Neutral,3,No,High School,Near,Male,69,0.3488372093023256,True,False,False
20,78,Medium,No,6,77,Medium,Yes,3,Medium,Medium,Private,Positive,3,No,High School,Moderate,Male,67,0.4418604651162791,False,False,True
13,84,Medium,No,8,98,Low,No,2,Medium,Medium,Public,Positive,2,No,College,Moderate,Female,66,0.27906976744186046,False,False,True
13,66,Medium,Yes,6,90,Medium,Yes,2,Low,Medium,Public,Positive,3,Yes,High School,Moderate,Male,63,0.27906976744186046,True,False,False
24,60,Medium,No,6,85,Low,Yes,1,High,Medium,Public,Neutral,2,No,Postgraduate,Moderate,Male,64,0.5348837209302325,False,False,True
13,70,Medium,Yes,6,96,High,Yes,2,Medium,Medium,Private,Negative,5,No,Postgraduate,Moderate,Male,64,0.27906976744186046,False,True,False
24,88,Medium,No,8,58,Medium,Yes,1,Low,High,Public,Negative,3,No,High School,Near,Male,67,0.5348837209302325,False,True,False
23,64,Medium,Yes,7,69,High,Yes,4,High,Medium,Public,Positive,3,No,High School,Moderate,Male,66,0.5116279069767441,False,True,False
10,96,High,Yes,7,92,Medium,Yes,1,Low,Low,Public,Neutral,1,No,High School,Near,Female,68,0.20930232558139533,True,False,False
16,69,High,Yes,6,55,Medium,Yes,1,Medium,High,Public,Negative,1,No,High School,Moderate,Male,62,0.3488372093023256,False,False,True
27,68,Medium,Yes,5,97,Low,Yes,1,Medium,Medium,Public,Negative,4,No,College,Near,Male,68,0.6046511627906976,False,False,True
14,67,Low,No,9,87,Medium,Yes,1,Medium,Medium,Private,Positive,3,No,High School,Near,Male,63,0.3023255813953489,True,False,False
17,61,High,No,7,72,Low,Yes,1,Medium,High,Public,Neutral,2,No,High School,Moderate,Male,62,0.37209302325581395,False,False,True
23,91,High,No,10,67,High,Yes,2,Low,Medium,Public,Positive,2,No,College,Near,Male,72,0.5116279069767441,True,False,False
25,95,Low,No,8,57,Low,Yes,4,Low,Medium,Public,Neutral,3,No,High School,Moderate,Female,69,0.5581395348837209,False,False,True
18,85,Low,Yes,10,55,High,Yes,3,Medium,High,Public,Neutral,3,No,High School,Near,Male,67,0.3953488372093023,False,False,True
16,68,High,Yes,8,71,Medium,Yes,1,High,High,Private,Neutral,3,No,High School,Moderate,Male,65,0.3488372093023256,False,False,True
29,71,Medium,No,7,92,Low,Yes,1,Low,Medium,Public,Positive,3,No,High School,Near,Female,69,0.6511627906976744,True,False,False
30,79,High,Yes,6,77,Medium,Yes,1,Low,Medium,Public,Positive,2,No,High School,Near,Male,72,0.6744186046511628,True,False,False
26,98,Medium,Yes,6,73,Medium,Yes,2,Low,Low,Public,Negative,3,No,High School,Near,Female,70,0.5813953488372092,False,True,False
21,70,High,No,9,66,Medium,Yes,1,Medium,Low,Public,Neutral,4,No,College,Moderate,Male,91,0.46511627906976744,True,False,False
15,89,Low,Yes,7,58,Low,Yes,2,Low,Medium,Public,Negative,3,No,High School,Moderate,Male,65,0.32558139534883723,True,False,False
15,78,Medium,Yes,8,100,Low,Yes,0,Low,Medium,Public,Negative,3,Yes,High School,Near,Female,62,0.32558139534883723,False,True,False
23,72,High,Yes,8,51,Medium,Yes,2,Low,Medium,Private,Positive,3,No,College,Far,Male,65,0.5116279069767441,False,True,False
23,78,Medium,Yes,8,66,Medium,Yes,1,Medium,High,Public,Neutral,1,No,College,Moderate,Female,67,0.5116279069767441,False,False,True
28,63,Low,No,6,88,High,Yes,4,Medium,High,Public,Neutral,4,No,High School,Far,Male,67,0.627906976744186,False,False,True
24,92,High,No,9,76,Medium,Yes,2,High,Medium,Public,Positive,2,No,High School,Near,Female,72,0.5348837209302325,False,False,True
11,70,Low,Yes,7,66,Low,Yes,1,Medium,High,Public,Negative,3,No,High School,Near,Female,60,0.23255813953488375,False,False,True
26,89,Low,No,7,100,Low,Yes,0,Medium,Low,Public,Neutral,3,No,High School,Near,Female,69,0.5813953488372092,False,False,True
14,63,Medium,No,8,81,Low,Yes,0,Medium,Low,Private,Positive,5,No,High School,Near,Female,61,0.3023255813953489,False,False,True
18,98,Medium,Yes,7,65,Medium,Yes,1,High,Medium,Private,Neutral,4,No,Postgraduate,Near,Female,70,0.3953488372093023,False,True,False
22,68,High,No,4,92,High,Yes,2,High,Medium,Public,Neutral,3,No,High School,Near,Male,68,0.48837209302325585,False,False,True
32,95,High,Yes,9,58,Medium,Yes,2,Medium,Medium,Private,Positive,4,No,High School,Near,Male,75,0.7209302325581395,False,False,True
39,92,Medium,No,9,73,Medium,Yes,1,Medium,Medium,Public,Negative,4,No,Postgraduate,Moderate,Male,75,0.883720930232558,False,False,True
24,99,Medium,No,4,92,Low,Yes,2,High,Medium,Private,Neutral,3,No,High School,Far,Male,72,0.5348837209302325,True,False,False
19,79,Medium,Yes,5,99,High,Yes,1,Low,Medium,Private,Negative,4,No,College,Moderate,Female,66,0.4186046511627907,False,True,False
23,89,High,No,10,69,Low,Yes,5,Medium,Medium,Public,Neutral,4,No,High School,Near,Male,71,0.5116279069767441,False,True,False
25,75,High,No,7,57,High,Yes,4,Low,High,Public,Positive,5,No,College,Near,Male,70,0.5581395348837209,False,True,False
18,67,High,Yes,7,78,Low,Yes,2,Medium,Medium,Public,Negative,3,Yes,High School,Near,Female,63,0.3953488372093023,False,False,True
31,78,High,Yes,6,97,Low,Yes,0,Medium,High,Public,Neutral,3,No,High School,Near,Male,72,0.6976744186046511,True,False,False
21,67,Medium,Yes,5,83,Medium,Yes,1,Low,High,Private,Neutral,5,No,High School,Near,Male,65,0.46511627906976744,False,False,True
23,99,Medium,Yes,7,80,Low,Yes,3,Low,Low,Private,Neutral,2,No,High School,Near,Male,71,0.5116279069767441,False,False,True
24,64,Medium,Yes,8,65,Medium,Yes,0,Medium,Medium,Public,Positive,3,No,College,Near,Female,65,0.5348837209302325,False,False,True
23,84,Low,Yes,7,80,Medium,Yes,1,Medium,High,Private,Positive,3,No,College,Moderate,Female,69,0.5116279069767441,False,False,True
25,85,Low,Yes,8,94,Medium,Yes,3,Medium,High,Public,Positive,3,No,High School,Moderate,Male,71,0.5581395348837209,False,False,True
16,82,High,Yes,10,69,Medium,Yes,2,Low,Medium,Public,Positive,4,No,College,Near,Male,68,0.3488372093023256,False,False,True
17,86,Medium,No,6,62,Low,Yes,2,Medium,High,Public,Positive,4,No,High School,Near,Female,66,0.37209302325581395,False,True,False
13,65,Medium,No,7,74,Low,Yes,0,High,Medium,Public,Neutral,2,Yes,High School,Moderate,Male,60,0.27906976744186046,True,False,False
23,82,Medium,No,9,69,Medium,Yes,0,High,Medium,Public,Positive,3,No,High School,Near,Female,68,0.5116279069767441,False,False,True
25,71,High,Yes,6,73,Medium,Yes,1,Low,Medium,Private,Neutral,4,No,High School,Near,Female,67,0.5581395348837209,False,False,True
23,98,Low,No,7,55,Medium,Yes,3,High,High,Private,Neutral,4,No,High School,Near,Male,71,0.5116279069767441,False,False,True
30,90,Medium,No,10,67,High,Yes,2,Medium,Medium,Private,Neutral,6,No,High School,Near,Male,74,0.6744186046511628,True,False,False
20,99,Medium,No,6,91,Medium,Yes,2,Medium,Low,Public,Negative,4,No,High School,Near,Male,70,0.4418604651162791,False,True,False
24,62,High,No,9,70,Low,Yes,2,Low,Medium,Public,Positive,2,No,College,Moderate,Female,63,0.5348837209302325,False,True,False
13,71,Medium,No,7,98,Medium,Yes,0,Medium,Medium,Public,Positive,3,No,College,Near,Male,64,0.27906976744186046,False,False,True
18,68,High,Yes,10,85,High,Yes,3,Low,Medium,Public,Neutral,3,No,High School,Near,Male,66,0.3953488372093023,False,False,True
24,60,Medium,Yes,5,68,Medium,Yes,0,Medium,Low,Public,Neutral,3,No,Postgraduate,Near,Female,64,0.5348837209302325,False,False,True
25,70,High,Yes,7,63,Medium,Yes,1,Medium,High,Private,Positive,3,No,College,Moderate,Male,69,0.5581395348837209,True,False,False
18,87,High,Yes,5,84,Medium,Yes,2,Medium,Low,Private,Positive,4,No,Postgraduate,Near,Male,71,0.3953488372093023,False,False,True
20,69,Medium,No,6,65,Medium,Yes,1,Low,Medium,Public,Neutral,2,No,High School,Near,Female,64,0.4418604651162791,True,False,False
11,80,Medium,Yes,6,96,Low,Yes,1,Low,High,Public,Neutral,3,No,High School,Near,Male,65,0.23255813953488375,False,False,True
18,96,Medium,No,7,56,Low,Yes,2,Medium,Medium,Private,Neutral,1,No,College,Near,Female,69,0.3953488372093023,True,False,False
25,88,High,No,5,51,Medium,Yes,1,Medium,Low,Public,Neutral,1,No,High School,Near,Female,68,0.5581395348837209,False,False,True
23,76,Medium,Yes,7,61,Medium,Yes,3,Medium,Low,Public,Positive,4,No,High School,Near,Male,68,0.5116279069767441,False,False,True
23,75,Medium,Yes,8,80,High,Yes,0,Low,High,Private,Neutral,4,No,High School,Moderate,Female,68,0.5116279069767441,True,False,False
20,78,Medium,Yes,5,92,Low,Yes,1,Medium,Medium,Public,Positive,3,No,High School,Far,Male,65,0.4418604651162791,False,True,False
20,67,High,No,6,59,Low,Yes,1,Medium,Medium,Private,Negative,4,No,College,Near,Female,65,0.4418604651162791,True,False,False
16,85,Low,No,10,79,Low,Yes,1,High,Medium,Private,Neutral,3,No,College,Near,Male,66,0.3488372093023256,False,False,True
24,75,Low,No,7,57,Medium,Yes,0,Medium,Medium,Public,Neutral,1,No,Postgraduate,Near,Male,66,0.5348837209302325,True,False,False
23,94,Low,Yes,4,78,Medium,Yes,2,High,High,Public,Neutral,4,No,High School,Moderate,Male,71,0.5116279069767441,False,False,True
23,90,Medium,Yes,5,51,Medium,Yes,0,Low,High,Public,Negative,1,No,High School,Near,Male,68,0.5116279069767441,True,False,False
17,84,Medium,Yes,7,78,Low,Yes,0,High,High,Public,Neutral,5,Yes,College,Moderate,Female,65,0.37209302325581395,False,True,False
7,75,High,Yes,7,76,Medium,Yes,0,Medium,Low,Private,Positive,4,No,College,Moderate,Female,63,0.13953488372093026,False,False,True
27,68,Medium,No,6,52,Medium,Yes,1,Medium,Low,Private,Neutral,5,No,Postgraduate,Far,Female,66,0.6046511627906976,True,False,False
17,91,Low,Yes,10,84,Medium,Yes,7,Low,High,Public,Neutral,4,Yes,College,Moderate,Male,71,0.37209302325581395,True,False,False
15,79,Medium,Yes,10,79,Medium,Yes,2,Low,Medium,Private,Neutral,4,No,College,Moderate,Male,65,0.32558139534883723,False,True,False
24,69,High,Yes,7,81,Low,Yes,3,Medium,Medium,Private,Neutral,4,No,High School,Near,Female,68,0.5348837209302325,False,False,True
18,68,Medium,Yes,8,76,High,Yes,2,High,Medium,Public,Neutral,3,No,Postgraduate,Near,Male,66,0.3953488372093023,False,False,True
26,67,High,No,8,86,Medium,Yes,2,Low,Medium,Public,Negative,2,Yes,High School,Near,Female,64,0.5813953488372092,False,True,False
24,91,Low,Yes,9,76,High,Yes,1,Low,Low,Public,Positive,4,No,College,Near,Female,70,0.5348837209302325,False,False,True
24,69,Low,Yes,6,96,Medium,Yes,4,High,Medium,Public,Positive,4,No,College,Moderate,Male,70,0.5348837209302325,True,False,False
12,81,High,No,10,97,Low,Yes,1,Low,Medium,Private,Positive,5,No,High School,Near,Female,66,0.2558139534883721,False,False,True
27,78,Medium,Yes,7,86,Medium,Yes,3,Medium,Medium,Public,Positive,2,No,High School,Moderate,Female,70,0.6046511627906976,False,False,True
22,83,High,No,8,96,Medium,No,2,Medium,High,Public,Positive,0,No,College,Near,Female,71,0.48837209302325585,True,False,False
18,95,High,No,7,96,Medium,Yes,2,Medium,High,Private,Positive,4,Yes,High School,Moderate,Male,70,0.3953488372093023,False,True,False
21,95,Medium,No,7,63,Medium,Yes,1,Low,Medium,Private,Positive,4,No,Postgraduate,Near,Male,70,0.46511627906976744,False,False,True
9,78,Medium,Yes,7,100,Low,Yes,2,Medium,Medium,Public,Positive,2,No,High School,Near,Male,66,0.18604651162790697,True,False,False
22,61,Medium,No,5,63,Low,Yes,1,Low,Medium,Public,Positive,3,No,Postgraduate,Near,Male,64,0.48837209302325585,True,False,False
14,77,High,No,4,51,Low,Yes,5,Low,Medium,Public,Positive,3,No,College,Moderate,Male,66,0.3023255813953489,True,False,False
12,84,Medium,Yes,7,98,High,Yes,1,Low,Medium,Public,Positive,3,No,High School,Near,Female,68,0.2558139534883721,True,False,False
11,82,Low,No,6,61,Low,Yes,2,Medium,Medium,Public,Neutral,2,No,High School,Near,Female,61,0.23255813953488375,False,True,False
27,86,Medium,Yes,8,79,Medium,Yes,2,Low,High,Private,Positive,4,No,College,Near,Male,72,0.6046511627906976,False,False,True
16,66,High,No,8,99,Medium,Yes,1,Low,High,Private,Positive,3,No,High School,Moderate,Male,66,0.3488372093023256,True,False,False
29,86,Low,Yes,7,52,Medium,Yes,1,Low,Medium,Public,Positive,3,No,College,Near,Female,68,0.6511627906976744,False,True,False
17,67,Medium,No,9,63,High,Yes,1,Low,High,Public,Negative,4,No,College,Far,Male,61,0.37209302325581395,False,True,False
10,90,Medium,Yes,7,80,Low,Yes,0,Medium,Medium,Public,Neutral,5,No,High School,Near,Female,67,0.20930232558139533,True,False,False
13,74,High,Yes,5,88,Low,Yes,3,Low,Medium,Private,Neutral,3,Yes,College,Near,Female,66,0.27906976744186046,True,False,False
27,88,Medium,Yes,7,90,Medium,Yes,3,Medium,Medium,Public,Positive,4,No,Postgraduate,Moderate,Female,74,0.6046511627906976,False,False,True
19,62,Medium,Yes,9,94,Medium,Yes,0,High,Low,Public,Neutral,4,No,Postgraduate,Near,Female,66,0.4186046511627907,True,False,False
17,76,Medium,Yes,4,58,Medium,Yes,4,Medium,Medium,Private,Neutral,2,No,Postgraduate,Moderate,Female,67,0.37209302325581395,True,False,False
21,88,Low,Yes,7,69,Medium,Yes,4,Medium,Medium,Private,Neutral,3,No,College,Near,Male,71,0.46511627906976744,True,False,False
23,69,Low,Yes,8,86,High,Yes,0,Medium,High,Public,Neutral,4,No,College,Far,Male,66,0.5116279069767441,True,False,False
27,92,Medium,Yes,10,86,High,Yes,0,Low,Low,Private,Positive,3,No,High School,Moderate,Male,71,0.6046511627906976,False,False,True
29,85,Medium,Yes,9,65,High,No,4,Low,Medium,Private,Neutral,4,No,Postgraduate,Moderate,Male,72,0.6511627906976744,True,False,False
18,84,Medium,Yes,7,65,Medium,Yes,2,Medium,Medium,Public,Negative,3,No,High School,Near,Female,66,0.3953488372093023,False,False,True
12,74,Low,Yes,8,66,Low,Yes,1,Low,Medium,Public,Positive,2,No,High School,Near,Male,62,0.2558139534883721,True,False,False
18,79,Medium,Yes,4,95,Low,Yes,1,Low,High,Public,Negative,2,No,High School,Moderate,Female,66,0.3953488372093023,True,False,False
22,84,High,Yes,5,95,Medium,Yes,2,Low,High,Public,Neutral,3,No,High School,Moderate,Male,69,0.48837209302325585,False,True,False
14,79,Medium,Yes,8,51,Medium,Yes,0,Medium,High,Public,Negative,4,No,High School,Near,Male,64,0.3023255813953489,False,False,True
14,88,Medium,Yes,7,66,Medium,Yes,4,Medium,High,Public,Positive,3,No,High School,Near,Female,69,0.3023255813953489,False,False,True
22,77,Low,Yes,7,70,Medium,Yes,2,Medium,Medium,Private,Positive,4,No,Postgraduate,Near,Male,69,0.48837209302325585,True,False,False
20,68,Low,Yes,7,99,High,Yes,0,Low,Medium,Public,Positive,2,Yes,College,Moderate,Female,64,0.4418604651162791,True,False,False
20,69,High,Yes,7,97,Medium,Yes,3,Medium,High,Public,Positive,3,Yes,College,Near,Female,68,0.4418604651162791,False,False,True
15,60,Medium,Yes,7,81,Low,Yes,4,Low,High,Public,Positive,2,No,High School,Near,Male,63,0.32558139534883723,False,False,True
19,72,Medium,Yes,5,52,Low,Yes,1,Low,Medium,Public,Positive,2,No,High School,Near,Male,64,0.4186046511627907,True,False,False
14,90,High,Yes,7,60,Medium,Yes,2,Medium,Medium,Public,Neutral,4,No,Postgraduate,Near,Male,69,0.3023255813953489,False,False,True
25,92,High,No,5,72,Medium,Yes,1,Medium,Medium,Public,Positive,4,No,High School,Near,Female,71,0.5581395348837209,False,True,False
26,68,High,No,6,98,Low,Yes,2,Medium,Medium,Private,Neutral,3,No,College,Far,Female,67,0.5813953488372092,False,False,True
9,98,Medium,No,9,55,Low,Yes,3,Low,Medium,Public,Positive,2,No,High School,Near,Male,67,0.18604651162790697,True,False,False
14,80,Low,Yes,7,90,High,Yes,2,Low,High,Public,Negative,2,No,College,Far,Female,66,0.3023255813953489,True,False,False
11,97,High,Yes,8,60,Medium,Yes,0,Medium,Low,Private,Positive,3,No,High School,Near,Male,67,0.23255813953488375,False,False,True
16,88,High,No,7,75,Low,Yes,2,Medium,Medium,Public,Neutral,4,No,Postgraduate,Near,Female,68,0.3488372093023256,False,True,False
19,89,Medium,Yes,6,88,Low,Yes,1,Medium,High,Public,Positive,2,No,High School,Near,Female,69,0.4186046511627907,False,False,True
11,63,High,Yes,5,85,High,No,0,Low,High,Public,Positive,4,Yes,High School,Moderate,Female,62,0.23255813953488375,True,False,False
14,69,Medium,Yes,6,89,High,Yes,2,High,High,Private,Positive,5,No,High School,Moderate,Female,66,0.3023255813953489,False,False,True
14,60,Medium,Yes,7,91,Medium,Yes,1,Low,High,Private,Negative,3,No,Postgraduate,Near,Male,63,0.3023255813953489,False,False,True
21,89,Low,Yes,8,65,Medium,Yes,2,Low,Low,Public,Neutral,3,No,College,Near,Female,67,0.46511627906976744,False,True,False
20,74,Medium,No,7,68,High,Yes,3,Medium,Medium,Public,Positive,4,No,High School,Far,Male,68,0.4418604651162791,True,False,False
16,91,Low,No,8,91,Low,Yes,2,Medium,Medium,Public,Neutral,2,No,High School,Far,Female,66,0.3488372093023256,False,False,True
21,74,Medium,Yes,5,52,Medium,Yes,3,Medium,Medium,Private,Positive,1,No,High School,Near,Male,66,0.46511627906976744,False,False,True
17,93,Medium,No,8,76,Low,Yes,0,Low,Medium,Private,Negative,3,No,High School,Moderate,Female,67,0.37209302325581395,True,False,False
18,65,Medium,Yes,5,96,Medium,Yes,1,High,Medium,Private,Neutral,2,No,High School,Near,Female,66,0.3953488372093023,True,False,False
30,67,Medium,Yes,8,94,Medium,Yes,1,Medium,Medium,Public,Neutral,2,No,College,Near,Female,69,0.6744186046511628,False,False,True
28,74,High,No,8,90,High,Yes,2,Medium,Medium,Public,Positive,3,No,Postgraduate,Near,Male,72,0.627906976744186,False,False,True
12,76,Low,Yes,4,51,Medium,Yes,0,Low,Medium,Private,Neutral,1,No,High School,Near,Female,60,0.2558139534883721,False,False,True
25,74,High,Yes,8,94,High,Yes,0,Low,Medium,Public,Positive,4,No,High School,Moderate,Female,68,0.5581395348837209,False,True,False
25,91,Medium,Yes,8,96,Medium,Yes,3,Medium,Medium,Public,Neutral,3,No,High School,Near,Female,72,0.5581395348837209,False,True,False
13,64,High,Yes,9,83,Low,Yes,1,High,Medium,Public,Positive,4,No,High School,Near,Male,64,0.27906976744186046,False,False,True
25,74,Medium,Yes,6,65,High,Yes,0,High,Medium,Public,Neutral,1,No,High School,Moderate,Male,65,0.5581395348837209,False,True,False
29,93,High,No,7,74,Medium,Yes,3,Medium,High,Private,Positive,3,No,High School,Near,Male,76,0.6511627906976744,True,False,False
13,63,Medium,No,8,88,Medium,Yes,0,Low,Medium,Private,Negative,2,No,High School,Near,Male,59,0.27906976744186046,False,True,False
14,98,Medium,Yes,8,91,Low,Yes,0,Low,Medium,Public,Negative,4,No,High School,Moderate,Male,67,0.3023255813953489,False,False,True
26,99,Medium,Yes,8,67,Medium,Yes,4,Medium,Medium,Private,Positive,4,Yes,High School,Near,Male,73,0.5813953488372092,False,False,True
22,64,High,No,6,66,Low,Yes,1,Medium,Medium,Public,Neutral,4,No,College,Near,Male,64,0.48837209302325585,False,False,True
23,72,High,No,8,87,Low,Yes,3,Medium,Low,Public,Neutral,3,No,High School,Near,Male,67,0.5116279069767441,False,False,True
22,75,Medium,Yes,8,84,Low,Yes,3,High,Medium,Public,Negative,3,No,College,Near,Male,69,0.48837209302325585,True,False,False
22,91,Low,Yes,7,76,Medium,Yes,1,Low,High,Public,Neutral,3,No,College,Moderate,Female,69,0.48837209302325585,False,False,True
12,84,High,Yes,6,71,Medium,No,2,Medium,Medium,Public,Positive,3,No,College,Moderate,Male,67,0.2558139534883721,True,False,False
26,86,High,Yes,6,83,Medium,Yes,2,Low,Medium,Public,Positive,4,No,High School,Near,Male,72,0.5813953488372092,False,False,True
27,90,Medium,No,9,52,Low,No,2,Low,High,Public,Positive,2,Yes,College,Near,Male,86,0.6046511627906976,False,True,False
19,65,High,Yes,8,54,Medium,Yes,0,Low,High,Private,Neutral,3,No,High School,Far,Female,62,0.4186046511627907,False,False,True
20,93,Low,No,7,79,Medium,Yes,1,Medium,Low,Public,Neutral,3,No,Postgraduate,Near,Female,69,0.4418604651162791,False,False,True
11,88,High,Yes,7,61,Low,Yes,2,Medium,Medium,Public,Neutral,3,No,Postgraduate,Near,Male,68,0.23255813953488375,True,False,False
23,83,High,Yes,4,89,Low,Yes,1,Medium,Medium,Public,Negative,3,No,High School,Far,Male,99,0.5116279069767441,True,False,False
23,96,Medium,Yes,7,89,Medium,Yes,1,Low,Medium,Private,Positive,3,No,College,Far,Female,70,0.5116279069767441,False,True,False
20,88,Medium,Yes,5,85,Medium,Yes,2,Medium,Medium,Public,Negative,3,No,High School,Near,Male,68,0.4418604651162791,False,True,False
27,68,Medium,Yes,7,95,Low,Yes,0,Medium,Medium,Public,Positive,4,No,High School,Near,Male,67,0.6046511627906976,False,False,True
18,77,Medium,Yes,9,57,Low,Yes,1,Low,High,Public,Negative,2,No,Postgraduate,Near,Male,66,0.3953488372093023,True,False,False
23,80,High,No,6,63,Low,Yes,0,High,Medium,Private,Positive,2,No,High School,Near,Male,66,0.5116279069767441,False,True,False
14,62,High,Yes,7,63,Medium,Yes,2,Low,Medium,Public,Positive,2,No,College,Moderate,Female,62,0.3023255813953489,False,False,True
20,98,Medium,Yes,8,89,High,Yes,3,High,Medium,Public,Negative,2,Yes,College,Near,Male,72,0.4418604651162791,False,False,True
19,65,High,Yes,7,76,Medium,No,0,Medium,Medium,Public,Neutral,3,No,Postgraduate,Near,Female,64,0.4186046511627907,False,False,True
21,88,Medium,Yes,6,63,Low,Yes,1,Medium,Medium,Public,Neutral,3,No,High School,Near,Female,68,0.46511627906976744,False,False,True
18,80,High,Yes,7,57,Medium,Yes,2,Low,Low,Public,Positive,3,No,Postgraduate,Far,Female,66,0.3953488372093023,False,False,True
19,61,High,Yes,8,95,High,Yes,4,Medium,Medium,Private,Positive,3,No,College,Near,Male,68,0.4186046511627907,False,False,True
25,97,High,Yes,7,85,High,Yes,3,High,Medium,Public,Neutral,1,No,Postgraduate,Near,Male,75,0.5581395348837209,False,True,False
17,94,Low,No,7,76,High,Yes,3,Low,High,Public,Neutral,3,Yes,College,Far,Male,67,0.37209302325581395,False,True,False
10,81,Medium,Yes,9,98,Medium,Yes,2,Low,Medium,Public,Neutral,2,No,College,Near,Male,65,0.20930232558139533,False,True,False
30,69,Medium,No,8,92,Medium,Yes,2,Medium,Low,Public,Neutral,3,No,High School,Near,Female,68,0.6744186046511628,False,False,True
28,65,Medium,Yes,5,59,High,Yes,2,Low,Medium,Private,Neutral,5,No,High School,Near,Male,67,0.627906976744186,False,False,True
12,75,Medium,Yes,8,75,High,Yes,1,Low,Medium,Private,Negative,2,No,College,Near,Female,63,0.2558139534883721,False,False,True
24,70,High,Yes,8,74,Low,Yes,2,Medium,High,Public,Negative,3,No,High School,Near,Male,67,0.5348837209302325,False,False,True
17,80,Medium,Yes,5,92,Medium,Yes,0,Low,Medium,Private,Negative,4,No,Postgraduate,Near,Female,67,0.37209302325581395,False,False,True
22,99,Medium,Yes,4,57,High,Yes,2,Medium,High,Public,Positive,3,No,College,Near,Female,73,0.48837209302325585,False,False,True
22,83,Medium,Yes,5,73,High,No,0,Low,Medium,Public,Positive,3,No,High School,Near,Male,67,0.48837209302325585,False,False,True
19,96,Medium,No,7,82,Medium,Yes,1,High,Medium,Public,Neutral,4,No,Postgraduate,Near,Male,71,0.4186046511627907,False,False,True
15,86,Medium,No,9,97,Medium,Yes,2,Medium,Medium,Public,Negative,4,No,High School,Near,Male,67,0.32558139534883723,False,True,False
16,79,Low,Yes,6,95,Medium,Yes,0,High,Medium,Public,Neutral,5,No,College,Near,Male,68,0.3488372093023256,True,False,False
15,94,Low,Yes,8,77,Medium,Yes,1,High,High,Private,Positive,1,No,College,Near,Male,68,0.32558139534883723,False,True,False
15,79,Medium,Yes,4,80,Medium,Yes,1,High,Medium,Private,Negative,4,No,High School,Far,Male,66,0.32558139534883723,True,False,False
20,95,Low,Yes,7,93,Low,No,0,Low,High,Public,Neutral,2,No,High School,Near,Male,68,0.4418604651162791,True,False,False
16,72,Low,No,6,87,Medium,No,2,Medium,Low,Private,Positive,4,No,High School,Near,Female,63,0.3488372093023256,False,False,True
24,65,High,No,10,94,Medium,Yes,2,Medium,Medium,Public,Neutral,2,No,Postgraduate,Moderate,Male,68,0.5348837209302325,True,False,False
29,94,High,Yes,4,95,Medium,Yes,1,Medium,Medium,Public,Positive,5,No,High School,Near,Male,74,0.6511627906976744,False,True,False
17,83,Medium,Yes,7,92,Low,Yes,3,Low,Medium,Public,Neutral,2,Yes,High School,Moderate,Male,65,0.37209302325581395,False,True,False
21,96,Medium,Yes,4,50,Medium,Yes,1,Low,Low,Private,Positive,2,No,Postgraduate,Moderate,Male,69,0.46511627906976744,False,False,True
23,98,High,No,6,66,Medium,Yes,1,Low,Medium,Public,Neutral,1,No,High School,Moderate,Male,70,0.5116279069767441,False,False,True
23,62,Low,Yes,4,70,High,Yes,3,Medium,High,Public,Positive,2,No,College,Moderate,Female,65,0.5116279069767441,False,False,True
20,80,Medium,No,10,84,Medium,Yes,1,Medium,Medium,Public,Positive,4,No,College,Near,Male,68,0.4418604651162791,False,False,True
24,75,Medium,No,6,65,Medium,No,0,Medium,Medium,Public,Positive,5,No,College,Moderate,Male,65,0.5348837209302325,False,True,False
23,85,High,No,7,66,Low,No,0,High,High,Public,Neutral,2,No,College,Near,Male,68,0.5116279069767441,False,False,True
13,92,High,Yes,7,70,Low,Yes,4,Low,Medium,Public,Neutral,3,No,High School,Near,Male,68,0.27906976744186046,False,False,True
25,71,Medium,Yes,5,98,Low,Yes,0,Low,Medium,Public,Positive,1,No,Postgraduate,Far,Male,66,0.5581395348837209,False,False,True
25,82,Medium,No,9,72,High,Yes,0,High,Medium,Public,Positive,0,No,College,Near,Female,70,0.5581395348837209,True,False,False
15,88,Medium,No,8,57,Medium,Yes,1,High,Medium,Private,Positive,2,No,High School,Far,Male,66,0.32558139534883723,False,False,True
20,65,High,Yes,8,50,Medium,Yes,0,Low,Medium,Public,Positive,5,No,High School,Near,Male,64,0.4418604651162791,False,False,True
24,93,High,No,5,62,Medium,Yes,1,Low,Medium,Public,Neutral,1,No,College,Near,Female,70,0.5348837209302325,False,False,True
19,84,Medium,No,9,97,Low,Yes,1,High,Medium,Public,Negative,3,Yes,High School,Near,Male,68,0.4186046511627907,True,False,False
26,98,High,Yes,9,98,Low,Yes,4,Low,Low,Public,Positive,2,No,College,Moderate,Male,74,0.5813953488372092,False,True,False
34,74,Low,Yes,7,76,Medium,Yes,2,Low,High,Public,Positive,2,No,College,Near,Female,71,0.7674418604651162,True,False,False
15,64,Medium,Yes,8,82,Low,Yes,0,Low,Medium,Public,Negative,3,No,High School,Near,Male,61,0.32558139534883723,False,False,True
12,80,Low,No,7,90,Medium,Yes,3,Low,Medium,Public,Neutral,3,No,High School,Near,Female,64,0.2558139534883721,False,False,True
22,63,Low,No,5,53,High,Yes,2,High,Medium,Public,Neutral,1,No,Postgraduate,Moderate,Male,64,0.48837209302325585,True,False,False
24,99,Medium,Yes,7,69,Medium,Yes,0,Medium,Medium,Private,Positive,3,No,High School,Near,Male,73,0.5348837209302325,True,False,False
19,62,High,Yes,6,82,Medium,Yes,0,Low,High,Public,Negative,3,Yes,College,Moderate,Male,62,0.4186046511627907,False,False,True
29,90,Medium,Yes,7,95,Medium,Yes,0,High,High,Public,Neutral,2,Yes,High School,Near,Male,71,0.6511627906976744,False,True,False
12,81,Medium,Yes,9,86,Medium,Yes,2,Medium,High,Public,Negative,2,No,Postgraduate,Near,Male,68,0.2558139534883721,True,False,False
24,75,Low,Yes,5,68,High,Yes,2,Medium,Medium,Public,Neutral,2,No,Postgraduate,Near,Male,67,0.5348837209302325,False,False,True
16,63,Medium,No,6,95,High,Yes,1,Medium,Medium,Public,Negative,4,No,College,Far,Female,63,0.3488372093023256,False,False,True
30,85,Medium,No,6,83,Medium,Yes,2,Medium,Medium,Public,Positive,3,No,College,Near,Female,71,0.6744186046511628,False,True,False
32,83,Medium,Yes,6,92,Low,Yes,1,High,Medium,Public,Neutral,3,No,High School,Near,Male,72,0.7209302325581395,False,False,True
15,71,Medium,No,6,69,High,No,3,Medium,High,Public,Positive,3,No,Postgraduate,Moderate,Female,66,0.32558139534883723,True,False,False
17,96,Medium,Yes,7,50,Low,Yes,1,Medium,Medium,Private,Negative,4,No,High School,Near,Female,67,0.37209302325581395,False,False,True
25,72,Medium,Yes,8,58,Medium,Yes,0,Low,Medium,Public,Negative,4,No,College,Moderate,Female,66,0.5581395348837209,True,False,False
18,78,Medium,No,8,96,Medium,Yes,4,High,Medium,Public,Positive,4,Yes,College,Near,Male,68,0.3953488372093023,False,True,False
20,82,Low,Yes,7,52,Low,Yes,0,Medium,Medium,Private,Neutral,3,No,College,Near,Female,64,0.4418604651162791,False,True,False
20,64,Medium,Yes,8,80,High,Yes,1,Medium,Medium,Private,Positive,3,No,High School,Near,Male,65,0.4418604651162791,False,False,True
8,97,Medium,Yes,10,70,High,Yes,0,Low,Low,Public,Neutral,1,No,High School,Near,Male,66,0.16279069767441862,True,False,False
20,75,High,Yes,7,71,High,Yes,1,Medium,High,Public,Positive,4,No,College,Moderate,Male,69,0.4418604651162791,True,False,False
16,63,High,No,9,70,Low,Yes,2,Medium,High,Private,Negative,5,No,College,Moderate,Female,64,0.3488372093023256,True,False,False
17,75,High,Yes,8,53,Medium,Yes,1,Low,High,Public,Positive,3,No,College,Near,Female,65,0.37209302325581395,False,True,False
29,84,Medium,Yes,10,56,High,Yes,3,Low,High,Public,Neutral,4,No,Postgraduate,Far,Female,72,0.6511627906976744,True,False,False
12,81,Medium,No,8,53,Low,Yes,1,Medium,High,Private,Positive,3,No,College,Near,Male,65,0.2558139534883721,True,False,False
25,88,High,Yes,6,53,Medium,Yes,2,Medium,High,Public,Negative,4,No,College,Near,Female,70,0.5581395348837209,False,True,False
18,62,Medium,Yes,7,54,Medium,Yes,2,Medium,High,Private,Positive,3,No,Postgraduate,Moderate,Male,64,0.3953488372093023,False,False,True
18,71,Low,Yes,7,85,Low,Yes,1,Low,Low,Public,Neutral,2,No,High School,Moderate,Male,62,0.3953488372093023,False,False,True
25,93,High,No,8,56,High,Yes,0,Low,Low,Private,Neutral,3,No,High School,Near,Male,69,0.5581395348837209,False,False,True
22,63,Low,No,6,63,Low,Yes,1,Medium,Low,Public,Negative,2,No,Postgraduate,Moderate,Male,62,0.48837209302325585,True,False,False
23,94,Low,Yes,9,83,Medium,Yes,2,Low,Medium,Private,Positive,2,No,High School,Near,Female,69,0.5116279069767441,False,True,False
26,64,High,No,7,56,Medium,Yes,3,Medium,Medium,Public,Positive,3,No,High School,Near,Male,66,0.5813953488372092,False,False,True
18,93,High,Yes,8,96,Medium,Yes,2,Medium,Low,Public,Positive,2,No,High School,Moderate,Female,71,0.3953488372093023,False,False,True
16,74,High,Yes,7,74,Low,Yes,4,Low,Low,Private,Positive,3,No,High School,Near,Male,66,0.3488372093023256,False,False,True
13,84,Medium,No,7,98,Medium,No,0,Low,Low,Public,Neutral,4,Yes,High School,Near,Male,64,0.27906976744186046,True,False,False
15,66,High,Yes,7,60,High,Yes,2,High,Medium,Private,Negative,3,No,High School,Moderate,Female,63,0.32558139534883723,False,False,True
38,63,High,No,8,52,High,Yes,1,Medium,Medium,Private,Positive,3,No,College,Moderate,Male,69,0.8604651162790697,False,False,True
27,69,High,Yes,10,80,Medium,No,1,Medium,High,Public,Positive,4,Yes,High School,Near,Female,68,0.6046511627906976,True,False,False
12,65,High,Yes,4,66,Medium,Yes,0,Medium,High,Public,Neutral,2,No,High School,Near,Female,63,0.2558139534883721,True,False,False
12,72,Medium,Yes,8,79,High,Yes,1,High,Medium,Public,Positive,3,No,College,Far,Male,64,0.2558139534883721,False,False,True
23,81,Low,Yes,7,74,Medium,Yes,0,Low,Medium,Public,Neutral,0,No,Postgraduate,Near,Female,66,0.5116279069767441,False,False,True
23,84,High,Yes,7,73,Medium,Yes,1,High,Medium,Public,Positive,4,No,High School,Near,Male,71,0.5116279069767441,False,False,True
23,92,Medium,Yes,4,93,High,Yes,0,High,Medium,Public,Negative,4,No,High School,Near,Female,72,0.5116279069767441,True,False,False
18,86,Medium,No,8,60,Medium,Yes,2,Low,High,Private,Neutral,1,No,College,Near,Male,88,0.3953488372093023,True,False,False
19,84,High,Yes,7,75,Low,Yes,1,Low,Medium,Public,Negative,2,No,College,Far,Male,66,0.4186046511627907,False,False,True
22,76,Medium,Yes,6,71,Medium,Yes,0,Low,High,Private,Neutral,2,No,High School,Moderate,Male,65,0.48837209302325585,False,False,True
21,79,Medium,Yes,7,84,Low,Yes,2,Medium,Medium,Private,Neutral,3,No,High School,Near,Male,66,0.46511627906976744,False,True,False
7,77,Medium,Yes,7,53,High,Yes,4,Low,Medium,Private,Positive,2,No,College,Moderate,Female,62,0.13953488372093026,False,True,False
19,94,Low,No,4,76,Medium,Yes,4,Low,High,Private,Negative,3,No,High School,Moderate,Female,68,0.4186046511627907,False,False,True
15,69,Medium,Yes,7,74,High,Yes,2,Low,Medium,Private,Neutral,5,No,Postgraduate,Near,Female,65,0.32558139534883723,False,False,True
21,60,High,No,8,99,Low,Yes,0,Low,Low,Private,Positive,3,No,High School,Near,Male,62,0.46511627906976744,False,True,False
38,86,Medium,No,6,88,High,Yes,1,Low,High,Public,Negative,4,No,High School,Moderate,Female,74,0.8604651162790697,True,False,False
22,68,Low,Yes,7,58,Medium,Yes,0,Medium,Medium,Public,Neutral,3,No,Postgraduate,Near,Male,64,0.48837209302325585,False,False,True
18,96,High,No,7,75,High,Yes,2,Medium,High,Public,Negative,2,No,High School,Near,Male,72,0.3953488372093023,True,False,False
26,94,Medium,No,9,89,Medium,Yes,0,Low,Medium,Public,Neutral,3,Yes,High School,Near,Female,70,0.5813953488372092,False,False,True
23,63,Medium,No,7,76,Medium,Yes,2,Medium,High,Public,Positive,1,No,High School,Far,Male,65,0.5116279069767441,True,False,False
23,64,High,Yes,8,68,Low,Yes,3,Low,High,Public,Neutral,3,No,High School,Near,Female,66,0.5116279069767441,False,False,True
24,80,Medium,Yes,7,69,Low,Yes,0,Medium,High,Private,Positive,3,No,College,Far,Male,67,0.5348837209302325,False,False,True
32,84,High,Yes,10,68,Medium,Yes,1,Low,Medium,Public,Positive,5,No,High School,Near,Male,73,0.7209302325581395,False,False,True
13,71,High,Yes,6,51,Low,Yes,4,High,Medium,Public,Positive,4,No,College,Moderate,Female,65,0.27906976744186046,False,False,True
23,89,High,No,6,87,Medium,Yes,4,Medium,High,Private,Neutral,3,No,College,Near,Female,74,0.5116279069767441,True,False,False
14,84,Medium,No,7,81,Medium,Yes,0,High,Medium,Public,Neutral,2,No,College,Near,Female,66,0.3023255813953489,False,False,True
23,73,Medium,No,6,63,Medium,Yes,1,High,Medium,Public,Positive,3,No,High School,Near,Male,67,0.5116279069767441,False,False,True
14,61,Medium,No,5,82,Low,No,0,Low,Medium,Public,Neutral,0,No,High School,Near,Female,58,0.3023255813953489,False,False,True
17,90,High,No,8,65,Medium,Yes,2,Low,High,Public,Positive,3,No,Postgraduate,Moderate,Male,71,0.37209302325581395,True,False,False
18,69,High,Yes,4,62,High,Yes,1,Medium,Low,Public,Neutral,3,No,High School,Moderate,Male,63,0.3953488372093023,False,True,False
26,93,High,No,6,87,Medium,Yes,1,Medium,High,Public,Positive,3,No,College,Near,Female,73,0.5813953488372092,False,True,False
26,77,Medium,Yes,5,90,Medium,Yes,1,Medium,Medium,Private,Neutral,2,No,High School,Far,Female,68,0.5813953488372092,True,False,False
13,83,Medium,Yes,7,81,Medium,Yes,4,Low,Medium,Public,Negative,5,No,College,Near,Female,66,0.27906976744186046,False,True,False
20,95,Medium,No,4,89,Medium,Yes,3,Low,Medium,Public,Negative,3,Yes,High School,Near,Male,68,0.4418604651162791,False,True,False
16,95,Low,No,8,68,Low,No,2,Medium,High,Public,Neutral,4,No,High School,Near,Female,66,0.3488372093023256,False,False,True
12,75,High,No,8,54,Low,Yes,1,Medium,High,Public,Negative,3,No,High School,Near,Female,62,0.2558139534883721,False,False,True
19,68,Medium,Yes,5,80,Medium,Yes,0,Medium,Medium,Public,Neutral,3,Yes,High School,Moderate,Male,78,0.4186046511627907,False,False,True
18,91,Medium,No,7,63,Medium,Yes,1,Medium,Medium,Public,Negative,4,No,College,Near,Male,68,0.3953488372093023,False,False,True
35,77,High,Yes,8,89,Medium,Yes,5,High,Medium,Public,Positive,4,No,College,Near,Female,77,0.7906976744186046,True,False,False
23,68,Low,Yes,8,68,Medium,Yes,1,Medium,Medium,Public,Neutral,2,No,College,Near,Male,65,0.5116279069767441,True,False,False
12,96,High,Yes,5,84,Low,Yes,3,High,Medium,Public,Positive,4,No,Postgraduate,Near,Female,73,0.2558139534883721,True,False,False
17,68,Low,Yes,5,78,Medium,Yes,4,Low,Low,Public,Positive,2,No,College,Near,Male,64,0.37209302325581395,False,False,True
26,61,High,Yes,9,91,Medium,No,0,High,High,Private,Positive,4,No,College,Near,Female,67,0.5813953488372092,False,True,False
33,61,Medium,No,6,92,Medium,Yes,1,Medium,Medium,Public,Positive,4,No,High School,Near,Female,69,0.7441860465116279,True,False,False
10,85,Low,Yes,6,53,High,Yes,1,Low,Medium,Private,Neutral,3,Yes,High School,Moderate,Male,60,0.20930232558139533,False,True,False
9,86,Medium,No,8,65,High,Yes,0,Medium,Medium,Public,Positive,3,No,College,Near,Female,66,0.18604651162790697,True,False,False
31,72,High,Yes,5,94,High,Yes,2,Low,Low,Public,Positive,2,No,High School,Near,Male,70,0.6976744186046511,False,True,False
22,73,Medium,Yes,7,70,Low,No,2,Low,Medium,Public,Positive,3,No,College,Near,Male,66,0.48837209302325585,True,False,False
15,74,Medium,Yes,8,76,Medium,Yes,1,Medium,Low,Public,Neutral,4,No,High School,Far,Male,64,0.32558139534883723,True,False,False
23,87,High,No,5,59,Medium,Yes,1,High,Low,Public,Neutral,4,No,College,Near,Male,70,0.5116279069767441,False,False,True
4,62,Medium,No,6,78,High,Yes,3,High,Medium,Public,Neutral,2,No,High School,Far,Female,58,0.06976744186046512,False,False,True
20,97,High,Yes,5,63,Medium,Yes,0,Low,Medium,Public,Negative,3,No,College,Far,Female,69,0.4418604651162791,False,False,True
22,69,Medium,Yes,6,91,Low,Yes,0,High,High,Private,Neutral,1,Yes,High School,Moderate,Male,64,0.48837209302325585,False,False,True
26,100,Medium,No,9,60,Medium,Yes,2,Medium,Medium,Public,Positive,4,No,High School,Near,Male,72,0.5813953488372092,False,True,False
14,67,Medium,Yes,9,68,Low,Yes,1,Low,Medium,Public,Neutral,3,Yes,High School,Near,Male,60,0.3023255813953489,False,False,True
21,91,Medium,Yes,7,55,High,Yes,2,High,Medium,Private,Neutral,3,No,High School,Near,Female,70,0.46511627906976744,False,False,True
14,69,Low,Yes,8,79,Medium,Yes,1,High,Medium,Public,Negative,1,No,Postgraduate,Moderate,Female,62,0.3023255813953489,False,False,True
22,63,Medium,Yes,8,97,Medium,Yes,1,High,High,Public,Neutral,3,No,High School,Moderate,Female,66,0.48837209302325585,False,False,True
15,95,Medium,Yes,6,59,Low,Yes,0,Medium,Medium,Private,Positive,5,No,High School,Far,Female,66,0.32558139534883723,False,False,True
18,94,Medium,Yes,7,51,Medium,Yes,1,Low,Medium,Public,Neutral,3,Yes,College,Moderate,Male,65,0.3953488372093023,False,True,False
14,76,Medium,Yes,5,71,Medium,Yes,1,Low,Medium,Public,Negative,3,No,High School,Near,Male,64,0.3023255813953489,True,False,False
24,88,Medium,Yes,6,87,Medium,Yes,1,High,Low,Private,Positive,3,No,High School,Near,Female,72,0.5348837209302325,True,False,False
25,82,Medium,Yes,7,99,High,Yes,3,Low,High,Public,Neutral,2,No,High School,Near,Female,71,0.5581395348837209,False,False,True
19,94,High,No,5,53,Medium,Yes,1,Medium,Medium,Public,Neutral,3,No,High School,Near,Female,68,0.4186046511627907,False,True,False
20,73,Medium,Yes,5,89,Medium,Yes,2,Medium,High,Public,Positive,5,Yes,High School,Moderate,Female,68,0.4418604651162791,True,False,False
11,81,Medium,Yes,6,68,High,Yes,2,High,Medium,Private,Negative,3,No,Postgraduate,Far,Female,64,0.23255813953488375,False,True,False
18,79,Medium,Yes,9,58,Medium,Yes,3,Medium,High,Public,Negative,3,No,High School,Near,Female,65,0.3953488372093023,False,True,False
20,74,High,Yes,9,60,Medium,No,1,Low,Medium,Public,Positive,3,No,High School,Moderate,Female,64,0.4418604651162791,False,False,True
36,96,Low,No,7,96,Medium,Yes,1,Low,High,Public,Positive,3,No,College,Moderate,Female,75,0.8139534883720929,False,False,True
13,67,Medium,Yes,8,90,Medium,Yes,2,Low,Medium,Private,Negative,2,No,High School,Near,Male,61,0.27906976744186046,False,True,False
29,66,High,No,6,66,Medium,Yes,0,Medium,Medium,Private,Negative,3,No,Postgraduate,Near,Male,68,0.6511627906976744,True,False,False
26,83,Medium,No,4,97,Low,Yes,2,Low,High,Public,Negative,4,No,College,Moderate,Male,70,0.5813953488372092,False,False,True
22,86,Medium,No,6,55,Medium,Yes,5,High,Low,Private,Negative,3,No,Postgraduate,Near,Female,71,0.48837209302325585,True,False,False
31,68,High,Yes,7,66,Low,Yes,0,Low,Medium,Public,Positive,3,No,High School,Near,Male,66,0.6976744186046511,False,True,False
22,76,Low,Yes,7,83,Low,Yes,0,Low,Medium,Public,Positive,1,No,College,Near,Male,66,0.48837209302325585,True,False,False
22,98,Medium,Yes,7,100,Low,Yes,0,Low,Medium,Public,Neutral,3,No,High School,Far,Male,70,0.48837209302325585,False,False,True
20,70,Medium,No,7,73,Medium,Yes,0,Low,Medium,Public,Negative,5,No,High School,Near,Female,62,0.4418604651162791,False,True,False
27,87,Low,Yes,6,91,Low,Yes,4,High,Medium,Public,Neutral,4,No,High School,Moderate,Male,72,0.6046511627906976,True,False,False
27,90,Medium,No,8,96,High,Yes,0,Medium,Medium,Public,Negative,4,No,High School,Moderate,Male,72,0.6046511627906976,True,False,False
16,78,Medium,Yes,5,50,Medium,Yes,2,Low,Medium,Private,Positive,2,No,College,Moderate,Male,63,0.3488372093023256,False,True,False
12,98,Low,Yes,8,64,Medium,No,5,Low,Medium,Public,Neutral,5,No,College,Near,Female,69,0.2558139534883721,True,False,False
19,89,Medium,Yes,6,55,Medium,Yes,0,Medium,High,Public,Positive,2,No,Postgraduate,Moderate,Male,68,0.4186046511627907,False,False,True
15,78,High,Yes,10,89,Low,Yes,0,Medium,Medium,Public,Neutral,3,No,High School,Near,Male,67,0.32558139534883723,True,False,False
20,83,High,Yes,7,78,High,Yes,3,Low,Medium,Private,Neutral,2,No,College,Near,Female,71,0.4418604651162791,True,False,False
27,88,Medium,Yes,6,55,Low,No,2,Low,Medium,Public,Positive,5,No,High School,Far,Male,67,0.6046511627906976,False,True,False
17,84,Low,Yes,6,71,Low,Yes,0,Medium,Medium,Private,Negative,4,Yes,High School,Near,Male,62,0.37209302325581395,False,True,False
20,95,Medium,No,6,76,Medium,Yes,0,Low,High,Private,Positive,4,No,High School,Moderate,Female,69,0.4418604651162791,False,False,True
20,74,Medium,Yes,8,85,Medium,Yes,2,Low,Medium,Public,Positive,0,No,High School,Near,Male,67,0.4418604651162791,True,False,False
25,72,High,Yes,7,89,Medium,Yes,2,Low,High,Public,Positive,3,No,Postgraduate,Near,Female,71,0.5581395348837209,False,False,True
7,69,High,Yes,8,54,High,Yes,1,Medium,High,Public,Positive,2,No,High School,Far,Male,87,0.13953488372093026,False,False,True
16,62,Medium,No,8,74,Medium,Yes,2,High,High,Private,Neutral,3,No,High School,Moderate,Male,62,0.3488372093023256,False,True,False
21,62,Low,Yes,7,58,Medium,Yes,2,Low,High,Public,Positive,1,No,College,Near,Female,64,0.46511627906976744,True,False,False
27,95,High,No,8,88,High,Yes,3,Medium,Medium,Private,Positive,2,No,High School,Far,Female,74,0.6046511627906976,False,False,True
17,87,High,Yes,9,83,Medium,Yes,0,Low,High,Public,Neutral,2,No,College,Moderate,Male,69,0.37209302325581395,True,False,False
9,86,Medium,No,8,86,Medium,Yes,1,Low,High,Public,Neutral,1,No,High School,Near,Male,65,0.18604651162790697,True,False,False
24,85,Medium,Yes,7,54,Medium,No,2,Medium,Low,Public,Neutral,3,No,College,Moderate,Female,66,0.5348837209302325,False,True,False
16,94,Medium,Yes,8,76,Low,Yes,3,Medium,Medium,Public,Negative,4,No,Postgraduate,Near,Female,70,0.3488372093023256,False,False,True
13,79,High,No,5,92,Medium,Yes,3,Medium,Medium,Public,Neutral,3,No,High School,Near,Male,68,0.27906976744186046,True,False,False
16,95,Low,No,10,86,Medium,Yes,4,High,Medium,Public,Positive,2,No,College,Near,Female,70,0.3488372093023256,False,True,False
19,74,High,No,8,93,High,Yes,1,Medium,Medium,Public,Negative,3,No,High School,Near,Male,68,0.4186046511627907,True,False,False
16,97,Low,Yes,8,60,Medium,Yes,0,Low,High,Public,Positive,3,No,High School,Near,Male,69,0.3488372093023256,True,False,False
7,88,High,Yes,7,64,Low,Yes,2,Medium,High,Public,Neutral,4,No,Postgraduate,Moderate,Male,66,0.13953488372093026,False,False,True
25,70,Medium,Yes,4,72,Medium,Yes,0,Low,Low,Public,Neutral,4,No,College,Moderate,Male,65,0.5581395348837209,False,False,True
28,83,Medium,Yes,7,76,Medium,Yes,1,Medium,Medium,Public,Positive,3,No,College,Near,Male,71,0.627906976744186,False,False,True
24,81,Low,Yes,7,63,Medium,Yes,1,Low,Medium,Public,Positive,3,No,High School,Moderate,Male,66,0.5348837209302325,False,False,True
13,66,Medium,Yes,6,69,Low,Yes,2,Low,Medium,Private,Positive,4,No,High School,Near,Male,61,0.27906976744186046,False,True,False
19,84,Medium,Yes,6,84,Medium,Yes,3,Medium,High,Public,Neutral,2,No,Postgraduate,Moderate,Male,69,0.4186046511627907,False,False,True
20,73,Medium,No,6,82,Low,Yes,1,Medium,High,Private,Negative,3,No,College,Near,Male,65,0.4418604651162791,False,False,True
24,62,Medium,Yes,8,56,Medium,Yes,0,Medium,Medium,Private,Positive,2,No,College,Moderate,Male,63,0.5348837209302325,False,False,True
24,98,Low,Yes,9,99,High,Yes,2,Low,High,Public,Neutral,2,No,Postgraduate,Far,Female,73,0.5348837209302325,False,False,True
16,86,Medium,Yes,7,78,Low,Yes,1,Low,Medium,Private,Positive,4,No,Postgraduate,Moderate,Male,68,0.3488372093023256,True,False,False
20,95,Medium,Yes,6,74,Medium,Yes,1,High,Low,Public,Positive,4,No,High School,Far,Female,70,0.4418604651162791,False,False,True
23,87,Medium,Yes,6,98,Medium,Yes,3,Medium,Medium,Public,Neutral,3,No,College,Near,Male,72,0.5116279069767441,False,False,True
29,74,Medium,Yes,7,57,Medium,No,3,Medium,Medium,Private,Positive,2,No,High School,Moderate,Male,68,0.6511627906976744,True,False,False
24,81,Medium,No,7,77,Medium,Yes,0,High,Medium,Private,Positive,3,No,High School,Near,Male,68,0.5348837209302325,False,False,True
25,87,Medium,Yes,8,90,Medium,Yes,1,Low,Medium,Public,Negative,4,No,High School,Near,Female,71,0.5581395348837209,True,False,False
21,98,Low,Yes,6,70,Medium,Yes,1,Medium,Medium,Public,Positive,3,No,High School,Moderate,Male,68,0.46511627906976744,False,True,False
28,70,Low,Yes,8,87,High,Yes,3,Low,Medium,Public,Neutral,3,No,Postgraduate,Moderate,Male,70,0.627906976744186,True,False,False
22,95,Low,Yes,8,95,Medium,No,2,Low,High,Private,Neutral,4,No,High School,Near,Female,70,0.48837209302325585,False,False,True
15,97,Medium,Yes,6,63,Low,Yes,2,Medium,Medium,Public,Neutral,3,No,High School,Near,Female,69,0.32558139534883723,True,False,False
28,87,Medium,Yes,4,62,High,Yes,2,Low,High,Public,Positive,4,No,High School,Near,Female,73,0.627906976744186,True,False,False
24,97,Medium,Yes,6,68,Low,Yes,1,Medium,High,Public,Neutral,4,No,College,Near,Male,72,0.5348837209302325,False,False,True
17,76,High,No,9,71,Medium,Yes,0,Medium,High,Public,Neutral,3,No,Postgraduate,Near,Male,67,0.37209302325581395,False,False,True
17,98,Medium,No,4,56,Medium,Yes,2,Low,Low,Private,Positive,3,No,High School,Near,Female,69,0.37209302325581395,True,False,False
22,88,Medium,Yes,9,62,Medium,Yes,1,High,Medium,Private,Negative,3,No,College,Near,Male,68,0.48837209302325585,False,True,False
23,62,Low,No,4,94,Medium,Yes,0,Medium,Low,Private,Positive,3,No,Postgraduate,Far,Female,64,0.5116279069767441,True,False,False
21,96,High,Yes,6,78,Low,Yes,2,Medium,High,Private,Neutral,3,No,High School,Moderate,Female,71,0.46511627906976744,False,True,False
22,79,Medium,Yes,6,63,Medium,Yes,1,Medium,High,Public,Neutral,4,No,High School,Near,Female,68,0.48837209302325585,True,False,False
30,78,High,Yes,10,97,Medium,Yes,1,Low,Low,Private,Positive,2,No,High School,Far,Male,70,0.6744186046511628,False,False,True
26,83,High,Yes,7,89,Medium,Yes,3,Low,Medium,Private,Positive,3,No,High School,Moderate,Male,72,0.5813953488372092,False,False,True
21,66,High,Yes,7,68,High,Yes,2,Low,Medium,Public,Positive,1,No,High School,Near,Female,65,0.46511627906976744,False,True,False
26,79,High,No,6,88,Medium,Yes,1,Low,High,Public,Positive,3,Yes,College,Near,Male,70,0.5813953488372092,False,False,True
14,93,Medium,No,8,80,Low,Yes,2,Low,Medium,Private,Positive,4,No,Postgraduate,Near,Male,69,0.3023255813953489,False,False,True
22,61,Medium,No,6,84,Low,Yes,0,Medium,Medium,Public,Positive,2,No,Postgraduate,Near,Male,64,0.48837209302325585,False,False,True
31,71,High,Yes,7,66,Medium,Yes,3,Low,Medium,Private,Negative,1,No,High School,Near,Male,67,0.6976744186046511,False,True,False
19,60,High,Yes,6,60,High,Yes,1,Low,Medium,Public,Positive,2,No,College,Near,Male,65,0.4186046511627907,True,False,False
15,77,Medium,Yes,8,63,Medium,Yes,0,Medium,Medium,Public,Neutral,1,No,High School,Near,Female,62,0.32558139534883723,False,True,False
16,89,Medium,No,8,54,Medium,Yes,2,Low,High,Private,Positive,2,No,College,Moderate,Male,68,0.3488372093023256,True,False,False
13,92,High,No,6,74,High,Yes,2,Low,Medium,Private,Neutral,2,No,College,Near,Male,68,0.27906976744186046,False,False,True
15,98,Medium,No,6,70,Low,Yes,1,Medium,High,Private,Positive,3,No,High School,Moderate,Male,68,0.32558139534883723,False,False,True
18,84,Low,Yes,6,50,Medium,Yes,4,High,High,Private,Negative,3,No,Postgraduate,Near,Male,68,0.3953488372093023,False,False,True
12,70,Medium,Yes,7,93,Medium,Yes,1,Low,High,Public,Neutral,4,No,High School,Far,Female,62,0.2558139534883721,False,False,True
20,97,Low,Yes,8,84,Low,Yes,4,Medium,Medium,Public,Positive,5,No,High School,Near,Female,72,0.4418604651162791,False,False,True
25,91,Medium,No,7,72,Medium,Yes,1,Medium,High,Private,Neutral,3,No,College,Far,Male,69,0.5581395348837209,False,True,False
15,83,High,No,4,98,Low,Yes,3,Low,High,Public,Positive,3,No,High School,Moderate,Female,68,0.32558139534883723,False,False,True
29,88,Medium,Yes,8,97,Medium,Yes,4,Low,High,Public,Negative,3,Yes,College,Moderate,Male,71,0.6511627906976744,False,True,False
23,97,High,Yes,5,55,Medium,Yes,0,Medium,Low,Public,Neutral,3,No,High School,Moderate,Female,69,0.5116279069767441,False,True,False
26,88,High,No,6,81,Medium,Yes,1,High,Medium,Public,Positive,2,No,High School,Near,Male,71,0.5813953488372092,False,True,False
16,75,High,Yes,7,91,Low,Yes,2,Low,Low,Public,Positive,5,No,High School,Far,Male,65,0.3488372093023256,False,False,True
25,89,High,No,7,59,Medium,Yes,1,Low,Medium,Public,Neutral,4,Yes,High School,Near,Male,68,0.5581395348837209,False,False,True
13,62,Medium,Yes,8,56,Low,Yes,1,Low,High,Public,Positive,4,Yes,High School,Near,Female,60,0.27906976744186046,False,False,True
25,75,Medium,Yes,6,63,Low,Yes,3,High,Medium,Private,Neutral,4,No,High School,Near,Male,68,0.5581395348837209,False,False,True
21,76,High,No,6,64,Medium,Yes,1,Medium,Medium,Public,Neutral,4,No,High School,Near,Female,66,0.46511627906976744,False,True,False
23,67,Medium,No,7,98,Low,Yes,4,Low,Medium,Private,Neutral,3,No,High School,Moderate,Male,66,0.5116279069767441,False,False,True
13,61,Medium,Yes,8,89,Low,Yes,4,Low,Medium,Private,Neutral,4,No,High School,Far,Female,62,0.27906976744186046,False,False,True
15,65,Medium,No,8,53,Medium,Yes,2,Low,Medium,Public,Negative,3,No,College,Near,Male,61,0.32558139534883723,False,False,True
24,86,Medium,No,7,89,Low,Yes,2,Low,Medium,Public,Negative,3,No,Postgraduate,Far,Female,69,0.5348837209302325,True,False,False
14,92,High,Yes,9,58,High,Yes,1,High,Low,Public,Positive,2,No,High School,Near,Male,69,0.3023255813953489,False,False,True
23,100,Medium,Yes,9,68,Medium,Yes,4,High,High,Private,Negative,3,No,Postgraduate,Near,Male,74,0.5116279069767441,False,False,True
12,74,High,Yes,8,66,Low,Yes,1,Low,Medium,Public,Negative,4,No,High School,Near,Female,62,0.2558139534883721,False,False,True
25,84,Medium,Yes,5,64,Medium,Yes,0,Low,Medium,Public,Negative,3,No,College,Moderate,Female,67,0.5581395348837209,False,False,True
13,97,Medium,No,8,65,High,Yes,1,Low,Medium,Private,Positive,2,No,High School,Near,Female,69,0.27906976744186046,True,False,False
23,67,Low,Yes,7,88,Medium,Yes,1,Low,Medium,Private,Positive,4,No,High School,Near,Male,66,0.5116279069767441,True,False,False
24,89,High,Yes,6,63,Medium,Yes,2,High,Medium,Private,Positive,3,No,College,Near,Male,72,0.5348837209302325,False,False,True
16,90,Low,No,6,90,Medium,Yes,2,High,Medium,Public,Neutral,3,No,High School,Near,Male,69,0.3488372093023256,True,False,False
23,64,High,Yes,7,55,Medium,Yes,0,Medium,Medium,Public,Positive,4,No,High School,Moderate,Male,65,0.5116279069767441,False,False,True
22,94,High,No,6,80,Low,Yes,0,High,Medium,Private,Positive,2,No,Postgraduate,Near,Male,72,0.48837209302325585,False,False,True
17,93,Medium,Yes,7,93,Low,Yes,2,Medium,Medium,Private,Positive,4,No,High School,Near,Male,69,0.37209302325581395,False,True,False
14,61,High,No,7,54,Medium,Yes,3,Low,Medium,Public,Positive,2,Yes,High School,Near,Female,60,0.3023255813953489,False,False,True
8,64,Medium,No,7,82,High,Yes,0,High,Medium,Public,Neutral,1,Yes,Postgraduate,Near,Female,61,0.16279069767441862,True,False,False
22,62,Low,No,8,76,Medium,Yes,1,Medium,Low,Public,Neutral,3,No,High School,Near,Male,63,0.48837209302325585,True,False,False
11,73,Medium,No,7,67,Medium,No,3,Medium,High,Private,Positive,5,Yes,Postgraduate,Near,Male,63,0.23255813953488375,False,False,True
21,80,Medium,Yes,6,55,High,Yes,1,High,High,Public,Negative,3,No,Postgraduate,Moderate,Male,68,0.46511627906976744,False,False,True
18,81,Medium,Yes,4,84,Low,Yes,1,Medium,Medium,Private,Positive,4,No,College,Near,Female,68,0.3953488372093023,False,False,True
24,71,Medium,No,8,65,Medium,Yes,1,Low,Medium,Private,Negative,2,No,High School,Near,Male,65,0.5348837209302325,True,False,False
18,96,High,No,7,67,Medium,Yes,1,High,Medium,Public,Positive,2,No,High School,Near,Female,71,0.3953488372093023,False,False,True
18,75,Medium,Yes,7,86,Low,Yes,1,Low,Medium,Private,Negative,3,No,High School,Near,Male,64,0.3953488372093023,False,False,True
24,62,Medium,No,9,97,Medium,Yes,1,Medium,Medium,Private,Negative,2,No,Postgraduate,Near,Male,65,0.5348837209302325,False,False,True
22,72,Medium,Yes,5,67,Low,Yes,2,Medium,Medium,Public,Neutral,4,No,College,Near,Female,67,0.48837209302325585,True,False,False
22,81,Medium,No,7,87,Low,Yes,0,Low,Medium,Public,Neutral,2,No,High School,Near,Female,67,0.48837209302325585,True,False,False
23,76,Medium,Yes,6,98,Medium,Yes,1,Low,High,Public,Neutral,3,No,College,Moderate,Male,67,0.5116279069767441,False,True,False
11,71,Medium,Yes,8,55,Medium,Yes,1,Low,Medium,Public,Negative,3,No,College,Near,Female,87,0.23255813953488375,False,True,False
25,65,High,Yes,4,76,High,Yes,1,High,Medium,Private,Neutral,1,No,High School,Moderate,Female,67,0.5581395348837209,True,False,False
24,93,Medium,Yes,8,51,High,Yes,4,Medium,Medium,Private,Positive,2,Yes,High School,Near,Male,72,0.5348837209302325,True,False,False
14,100,Low,Yes,8,91,High,Yes,0,Low,High,Public,Neutral,3,No,High School,Near,Female,69,0.3023255813953489,False,False,True
19,73,Medium,Yes,6,64,Low,Yes,1,High,Medium,Public,Positive,3,No,College,Moderate,Female,65,0.4186046511627907,False,False,True
20,75,Medium,Yes,7,67,Low,Yes,1,Low,Medium,Private,Positive,4,No,High School,Near,Female,66,0.4418604651162791,True,False,False
19,85,High,No,6,84,Low,Yes,3,Medium,Medium,Private,Negative,3,No,Postgraduate,Near,Male,70,0.4186046511627907,True,False,False
22,89,High,Yes,8,89,Medium,Yes,0,Medium,Medium,Private,Neutral,3,No,High School,Moderate,Male,71,0.48837209302325585,True,False,False
29,76,High,Yes,8,70,Low,No,1,Low,Low,Public,Neutral,4,No,College,Moderate,Female,67,0.6511627906976744,False,False,True
26,96,Medium,No,5,83,Medium,Yes,0,Medium,High,Public,Positive,2,No,High School,Far,Male,72,0.5813953488372092,True,False,False
12,82,Medium,No,5,98,Medium,Yes,0,Low,High,Public,Neutral,1,No,High School,Moderate,Male,63,0.2558139534883721,False,True,False
24,78,Low,Yes,9,94,Low,Yes,0,Low,High,Public,Neutral,4,No,High School,Moderate,Female,67,0.5348837209302325,True,False,False
28,86,Medium,No,10,85,Medium,Yes,6,Low,High,Public,Neutral,2,No,High School,Near,Male,72,0.627906976744186,False,True,False
22,98,Medium,No,8,97,Low,Yes,1,High,Medium,Private,Positive,1,Yes,Postgraduate,Near,Female,72,0.48837209302325585,False,False,True
27,92,Medium,No,8,94,Medium,No,1,Low,Medium,Private,Negative,4,No,College,Near,Female,70,0.6046511627906976,False,False,True
32,62,Medium,No,7,86,Low,Yes,0,Low,Medium,Public,Positive,2,No,High School,Near,Female,67,0.7209302325581395,True,False,False
26,73,Medium,No,7,96,High,Yes,0,Medium,High,Private,Neutral,3,No,High School,Near,Female,68,0.5813953488372092,False,False,True
21,79,Medium,Yes,8,91,High,Yes,1,Low,Medium,Public,Positive,3,No,High School,Moderate,Male,67,0.46511627906976744,False,True,False
26,73,High,No,7,75,Low,Yes,3,Low,Medium,Public,Positive,5,No,College,Near,Male,70,0.5813953488372092,True,False,False
21,88,Low,No,9,75,High,No,1,Medium,High,Private,Neutral,2,No,Postgraduate,Moderate,Female,67,0.46511627906976744,False,False,True
20,93,Medium,Yes,7,50,Medium,Yes,1,High,High,Public,Positive,4,No,College,Near,Male,71,0.4418604651162791,False,False,True
18,89,Low,Yes,7,52,Medium,Yes,1,High,High,Public,Positive,3,No,Postgraduate,Near,Female,69,0.3953488372093023,True,False,False
29,100,Medium,Yes,7,87,Medium,No,3,Low,Medium,Public,Negative,5,No,College,Near,Female,74,0.6511627906976744,False,False,True
15,71,Low,No,7,78,Medium,Yes,0,Medium,Medium,Private,Positive,3,No,High School,Near,Male,63,0.32558139534883723,True,False,False
29,95,Low,Yes,9,88,Medium,Yes,0,Medium,High,Public,Neutral,2,No,High School,Near,Female,72,0.6511627906976744,False,False,True
23,91,Low,Yes,7,97,Low,Yes,2,Low,Medium,Public,Neutral,3,No,College,Moderate,Male,71,0.5116279069767441,True,False,False
12,74,Medium,No,7,73,Medium,Yes,1,Low,Medium,Public,Neutral,5,No,High School,Near,Male,64,0.2558139534883721,True,False,False
22,89,Medium,Yes,7,54,Medium,Yes,1,High,Medium,Public,Positive,3,No,High School,Near,Female,69,0.48837209302325585,False,False,True
7,64,High,No,6,81,Medium,Yes,2,Low,Low,Private,Positive,3,No,Postgraduate,Moderate,Female,62,0.13953488372093026,True,False,False
24,92,Medium,Yes,5,55,Medium,No,1,Medium,Medium,Public,Neutral,4,No,College,Near,Male,69,0.5348837209302325,False,False,True
25,81,Low,Yes,9,81,Low,Yes,2,Low,Medium,Public,Neutral,3,No,High School,Near,Male,68,0.5581395348837209,True,False,False
16,72,Medium,Yes,9,76,High,Yes,6,Low,Low,Public,Negative,3,No,High School,Near,Male,67,0.3488372093023256,True,False,False
21,86,Medium,Yes,9,86,High,Yes,2,Medium,Medium,Public,Neutral,3,No,Postgraduate,Near,Male,71,0.46511627906976744,False,False,True
32,86,Medium,Yes,5,68,Low,Yes,1,Medium,Medium,Public,Negative,4,No,High School,Moderate,Male,70,0.7209302325581395,False,False,True
17,68,Medium,No,9,57,Medium,Yes,2,Medium,Low,Public,Neutral,3,No,High School,Moderate,Male,63,0.37209302325581395,True,False,False
14,61,High,No,10,62,Medium,Yes,0,High,Medium,Public,Negative,4,No,College,Moderate,Female,60,0.3023255813953489,False,True,False
29,77,Medium,No,9,84,Medium,Yes,0,Low,High,Public,Neutral,3,No,College,Near,Female,69,0.6511627906976744,False,False,True
32,83,Medium,Yes,9,74,Medium,Yes,3,Low,Medium,Public,Neutral,3,No,College,Moderate,Male,71,0.7209302325581395,False,False,True
20,95,Low,Yes,8,77,Medium,Yes,1,High,High,Public,Positive,2,No,High School,Near,Male,69,0.4418604651162791,False,True,False
26,97,Low,Yes,6,66,Medium,Yes,2,Medium,Medium,Public,Positive,1,No,College,Near,Female,73,0.5813953488372092,True,False,False
28,81,High,Yes,8,92,Medium,Yes,1,High,Medium,Public,Positive,3,No,College,Near,Female,73,0.627906976744186,False,False,True
16,90,Medium,No,5,100,Medium,Yes,1,Low,Medium,Public,Positive,3,No,High School,Moderate,Female,68,0.3488372093023256,False,False,True
17,78,Medium,Yes,6,66,Medium,Yes,2,Low,Medium,Public,Positive,4,No,College,Moderate,Male,67,0.37209302325581395,True,False,False
27,90,High,No,7,86,High,Yes,2,Medium,Medium,Public,Positive,3,No,College,Moderate,Male,74,0.6046511627906976,False,False,True
30,68,High,No,7,59,Medium,Yes,3,Low,Medium,Public,Positive,3,No,College,Moderate,Male,68,0.6744186046511628,False,False,True
23,75,Medium,No,8,87,Low,Yes,1,Medium,High,Public,Positive,2,No,College,Near,Female,69,0.5116279069767441,True,False,False
15,85,Medium,No,4,72,Medium,Yes,4,Low,High,Private,Neutral,4,No,College,Near,Male,69,0.32558139534883723,True,False,False
32,61,High,Yes,7,80,Medium,Yes,0,Low,Medium,Public,Positive,4,Yes,College,Moderate,Female,68,0.7209302325581395,True,False,False
17,89,High,No,8,62,Medium,Yes,1,Low,High,Public,Positive,1,No,High School,Moderate,Male,66,0.37209302325581395,False,True,False
18,93,Low,Yes,8,93,Medium,Yes,3,Low,High,Public,Negative,3,No,Postgraduate,Moderate,Male,69,0.3953488372093023,False,True,False
22,76,Medium,Yes,8,59,Medium,Yes,1,Low,Medium,Public,Positive,2,No,College,Near,Female,66,0.48837209302325585,False,False,True
29,78,Medium,Yes,7,96,High,Yes,5,Low,Medium,Public,Positive,4,No,College,Moderate,Male,72,0.6511627906976744,False,True,False
25,94,Low,Yes,6,53,Low,Yes,1,Medium,Medium,Public,Negative,3,No,High School,Near,Female,69,0.5581395348837209,False,False,True
22,91,Medium,Yes,8,64,Medium,Yes,1,Low,High,Public,Positive,3,Yes,High School,Moderate,Male,68,0.48837209302325585,False,False,True
23,72,Medium,Yes,7,78,Medium,Yes,1,Low,Medium,Private,Neutral,3,No,High School,Near,Male,66,0.5116279069767441,False,False,True
20,73,Low,Yes,8,93,High,Yes,1,Low,High,Public,Negative,4,No,High School,Far,Male,65,0.4418604651162791,False,False,True
23,87,Medium,No,8,79,High,Yes,2,Low,High,Public,Neutral,2,No,Postgraduate,Near,Male,71,0.5116279069767441,False,False,True
5,83,Medium,Yes,7,61,Medium,Yes,2,Low,Medium,Public,Negative,4,No,High School,Moderate,Male,61,0.09302325581395349,False,False,True
18,66,Medium,Yes,6,93,Medium,Yes,1,Low,Medium,Public,Neutral,3,Yes,College,Near,Female,63,0.3953488372093023,False,True,False
21,72,High,Yes,9,80,Low,Yes,1,Medium,Medium,Public,Neutral,3,No,High School,Near,Female,66,0.46511627906976744,False,False,True
13,96,High,No,8,62,Medium,Yes,0,High,Medium,Private,Neutral,2,No,Postgraduate,Near,Male,69,0.27906976744186046,False,False,True
22,88,High,Yes,10,78,Medium,Yes,0,Medium,High,Private,Positive,2,No,High School,Moderate,Male,71,0.48837209302325585,True,False,False
19,99,Medium,Yes,8,84,High,Yes,0,High,Medium,Public,Positive,4,No,High School,Near,Female,73,0.4186046511627907,True,False,False
31,91,Medium,Yes,8,84,Low,Yes,2,Low,Medium,Public,Negative,2,No,High School,Near,Male,72,0.6976744186046511,True,False,False
29,98,High,No,5,86,Low,Yes,2,Medium,Medium,Private,Negative,4,No,High School,Far,Male,73,0.6511627906976744,False,False,True
17,69,High,Yes,7,95,Medium,Yes,1,Low,High,Private,Positive,2,No,High School,Moderate,Male,65,0.37209302325581395,False,True,False
19,91,High,Yes,7,91,Medium,Yes,1,High,High,Public,Neutral,3,No,High School,Near,Female,71,0.4186046511627907,False,True,False
20,61,Medium,Yes,8,80,Medium,Yes,1,Low,High,Public,Positive,3,No,High School,Near,Male,65,0.4418604651162791,True,False,False
17,87,Medium,No,8,52,Low,Yes,1,Medium,Medium,Public,Positive,5,No,College,Near,Male,67,0.37209302325581395,False,False,True
21,79,High,Yes,8,87,Medium,Yes,1,Low,High,Public,Neutral,2,No,Postgraduate,Moderate,Male,69,0.46511627906976744,False,False,True
15,74,High,No,10,99,Low,No,0,Low,Medium,Private,Neutral,3,No,College,Moderate,Male,63,0.32558139534883723,False,True,False
13,94,High,Yes,6,65,High,Yes,2,Medium,Medium,Public,Neutral,2,No,Postgraduate,Moderate,Male,68,0.27906976744186046,False,True,False
24,94,Low,Yes,8,80,High,No,1,Low,Medium,Public,Neutral,4,No,High School,Near,Female,70,0.5348837209302325,True,False,False
24,61,Medium,Yes,8,88,Low,Yes,1,Low,Medium,Private,Positive,4,No,High School,Moderate,Female,64,0.5348837209302325,False,False,True
15,84,Medium,No,10,82,Medium,Yes,1,High,Low,Private,Negative,2,Yes,High School,Near,Male,64,0.32558139534883723,False,False,True
25,75,High,Yes,8,96,High,Yes,1,Low,Medium,Private,Neutral,0,No,College,Near,Male,68,0.5581395348837209,False,True,False
16,77,High,Yes,8,74,Medium,Yes,0,High,Low,Private,Neutral,2,No,College,Moderate,Female,65,0.3488372093023256,False,False,True
22,93,Medium,No,8,77,Medium,Yes,0,High,Medium,Public,Neutral,1,No,High School,Near,Female,70,0.48837209302325585,True,False,False
25,72,Medium,Yes,8,52,Low,Yes,0,Medium,Medium,Private,Positive,2,No,Postgraduate,Near,Male,66,0.5581395348837209,False,False,True
20,98,Low,Yes,9,95,Low,Yes,1,Low,Medium,Public,Positive,2,No,High School,Moderate,Female,70,0.4418604651162791,True,False,False
23,67,Medium,Yes,6,63,High,Yes,3,Low,High,Private,Neutral,3,No,High School,Near,Male,66,0.5116279069767441,False,False,True
17,87,Medium,No,6,99,Medium,Yes,2,Low,Medium,Private,Neutral,2,No,Postgraduate,Near,Male,69,0.37209302325581395,False,False,True
19,87,High,No,10,60,High,Yes,2,Medium,Low,Private,Positive,3,No,High School,Moderate,Male,69,0.4186046511627907,True,False,False
19,70,High,No,4,63,Medium,Yes,1,Low,Medium,Private,Neutral,3,No,College,Far,Female,64,0.4186046511627907,True,False,False
16,73,Medium,Yes,7,74,Low,Yes,1,Low,High,Public,Positive,3,No,High School,Moderate,Male,64,0.3488372093023256,False,False,True
19,93,Medium,Yes,7,83,Medium,Yes,1,Medium,Medium,Public,Positive,3,No,High School,Near,Female,69,0.4186046511627907,False,True,False
11,90,Medium,Yes,7,72,High,Yes,3,Medium,Medium,Public,Negative,3,No,High School,Near,Female,67,0.23255813953488375,False,False,True
17,73,Medium,Yes,9,68,Low,Yes,2,Medium,Medium,Public,Positive,3,Yes,College,Near,Female,63,0.37209302325581395,False,True,False
18,81,High,Yes,8,77,Low,Yes,1,Medium,High,Public,Positive,3,No,College,Moderate,Male,67,0.3953488372093023,False,True,False
18,62,High,No,6,98,Low,Yes,3,Medium,Medium,Private,Neutral,1,No,College,Near,Male,65,0.3953488372093023,False,False,True
19,68,Medium,Yes,6,98,Low,Yes,2,Low,Medium,Public,Positive,1,No,High School,Moderate,Female,64,0.4186046511627907,False,False,True
20,79,Medium,No,7,66,Low,Yes,3,High,Medium,Public,Negative,3,No,College,Near,Female,68,0.4418604651162791,True,False,False
23,63,Medium,Yes,9,84,High,Yes,0,High,Medium,Public,Neutral,3,No,High School,Near,Female,64,0.5116279069767441,False,True,False
25,94,Medium,No,7,86,Low,No,2,Low,Medium,Private,Negative,4,No,College,Moderate,Male,70,0.5581395348837209,True,False,False
16,89,Medium,Yes,7,83,High,Yes,0,Low,High,Public,Positive,4,No,Postgraduate,Moderate,Male,70,0.3488372093023256,True,False,False
13,98,Low,Yes,6,56,Medium,Yes,1,High,Low,Public,Negative,3,No,College,Moderate,Female,67,0.27906976744186046,True,False,False
14,88,High,Yes,8,77,Medium,Yes,2,Medium,Medium,Public,Positive,3,No,College,Far,Male,69,0.3023255813953489,True,False,False
17,98,Medium,No,7,88,Medium,Yes,2,Low,High,Private,Negative,4,No,High School,Far,Male,70,0.37209302325581395,True,False,False
18,82,High,No,6,60,Medium,Yes,5,Medium,High,Public,Negative,3,No,College,Near,Male,69,0.3953488372093023,True,False,False
15,84,Low,Yes,9,67,Medium,Yes,1,Medium,High,Private,Negative,3,No,College,Moderate,Male,65,0.32558139534883723,False,False,True
12,99,High,Yes,10,60,Medium,Yes,0,Low,Low,Public,Negative,1,No,High School,Moderate,Male,66,0.2558139534883721,False,False,True
17,86,High,Yes,7,94,Medium,Yes,2,Medium,Medium,Public,Neutral,3,No,High School,Moderate,Male,70,0.37209302325581395,True,False,False
21,61,Low,Yes,7,93,Low,Yes,1,Low,High,Private,Negative,5,No,High School,Near,Male,63,0.46511627906976744,False,False,True
24,89,Medium,No,5,58,Medium,Yes,3,High,Medium,Public,Positive,3,No,High School,Near,Female,69,0.5348837209302325,False,True,False
17,96,High,Yes,8,88,Medium,Yes,4,Low,Low,Private,Positive,4,No,Postgraduate,Near,Male,74,0.37209302325581395,True,False,False
18,92,Medium,Yes,8,68,Low,Yes,2,High,High,Private,Positive,3,No,High School,Near,Male,70,0.3953488372093023,False,False,True
14,83,Medium,No,7,84,Medium,Yes,1,Low,Medium,Public,Neutral,3,No,High School,Near,Female,66,0.3023255813953489,True,False,False
20,87,High,Yes,6,75,Medium,Yes,0,Low,Medium,Public,Positive,3,Yes,Postgraduate,Near,Male,68,0.4418604651162791,False,True,False
15,100,Low,No,10,74,Medium,Yes,2,Medium,Medium,Public,Negative,5,No,High School,Far,Male,67,0.32558139534883723,False,False,True
23,64,Medium,Yes,8,94,Low,Yes,2,Medium,Medium,Private,Positive,5,No,High School,Moderate,Female,66,0.5116279069767441,False,False,True
9,87,Medium,No,6,82,Medium,Yes,0,Low,Medium,Public,Negative,3,No,College,Near,Female,65,0.18604651162790697,True,False,False
18,71,Medium,Yes,8,62,Medium,Yes,3,High,High,Public,Positive,2,No,College,Near,Male,66,0.3953488372093023,False,True,False
22,86,Medium,Yes,7,56,Medium,Yes,1,High,Medium,Private,Positive,4,No,High School,Moderate,Male,69,0.48837209302325585,True,False,False
21,84,Medium,No,7,97,Medium,Yes,2,Low,Low,Public,Neutral,4,No,High School,Moderate,Female,67,0.46511627906976744,False,True,False
36,66,High,Yes,8,58,High,Yes,1,Medium,Medium,Public,Positive,3,No,College,Far,Male,69,0.8139534883720929,False,True,False
22,68,Medium,No,4,87,High,Yes,2,Medium,Medium,Public,Neutral,3,No,Postgraduate,Far,Female,66,0.48837209302325585,False,False,True
14,85,Medium,No,4,75,High,Yes,2,High,Medium,Public,Negative,1,Yes,High School,Far,Female,64,0.3023255813953489,False,False,True
19,65,Medium,No,9,57,Low,Yes,1,Medium,Medium,Public,Positive,2,Yes,High School,Near,Female,61,0.4186046511627907,False,False,True
9,71,High,Yes,7,89,Medium,Yes,0,Low,Medium,Public,Negative,2,No,High School,Near,Male,61,0.18604651162790697,False,True,False
20,93,Medium,Yes,6,95,Low,Yes,1,Medium,High,Public,Negative,4,No,College,Moderate,Male,70,0.4418604651162791,False,False,True
15,73,High,No,5,56,Medium,Yes,1,Medium,Medium,Public,Positive,2,No,Postgraduate,Near,Female,65,0.32558139534883723,False,False,True
25,80,Low,No,7,53,Medium,Yes,1,Medium,Medium,Private,Neutral,3,No,College,Moderate,Male,67,0.5581395348837209,True,False,False
17,98,Medium,No,7,92,Medium,Yes,0,High,Medium,Private,Positive,0,No,College,Near,Male,69,0.37209302325581395,False,True,False
19,69,Low,Yes,9,75,Medium,Yes,2,Medium,Low,Public,Negative,5,No,High School,Moderate,Female,63,0.4186046511627907,False,False,True
16,76,Medium,No,8,84,High,Yes,1,High,High,Public,Neutral,4,No,High School,Near,Male,66,0.3488372093023256,False,False,True
30,84,Medium,Yes,7,72,Medium,Yes,3,Medium,Medium,Public,Positive,2,No,High School,Near,Male,73,0.6744186046511628,True,False,False
18,90,High,No,8,71,High,No,0,Low,Medium,Public,Neutral,3,No,High School,Near,Female,68,0.3953488372093023,True,False,False
31,96,High,Yes,9,65,High,Yes,0,Low,Medium,Private,Positive,2,No,High School,Far,Male,74,0.6976744186046511,True,False,False
25,97,Medium,Yes,8,78,Medium,Yes,0,Medium,Medium,Public,Neutral,3,No,High School,Near,Male,70,0.5581395348837209,False,True,False
23,91,Low,Yes,8,58,Medium,Yes,0,Medium,Medium,Public,Positive,2,No,High School,Far,Male,68,0.5116279069767441,True,False,False
22,69,High,No,7,86,Low,Yes,1,High,Medium,Public,Positive,4,Yes,High School,Moderate,Female,67,0.48837209302325585,True,False,False
22,61,Medium,No,6,77,Low,Yes,1,Medium,Medium,Public,Positive,4,No,Postgraduate,Moderate,Male,65,0.48837209302325585,True,False,False
8,75,Medium,No,5,92,Medium,Yes,5,High,High,Public,Positive,4,No,High School,Moderate,Male,66,0.16279069767441862,False,False,True
18,66,Medium,Yes,5,96,Medium,Yes,0,Low,Medium,Public,Neutral,5,No,High School,Moderate,Female,64,0.3953488372093023,True,False,False
25,88,Medium,Yes,8,95,Low,Yes,1,High,High,Public,Neutral,4,No,High School,Near,Female,72,0.5581395348837209,False,False,True
20,86,Medium,Yes,8,80,High,Yes,2,Medium,Medium,Public,Neutral,2,No,College,Near,Male,70,0.4418604651162791,False,False,True
12,62,Medium,Yes,9,66,Medium,Yes,1,Low,Medium,Private,Neutral,2,No,College,Moderate,Female,60,0.2558139534883721,False,False,True
20,93,Medium,Yes,8,68,Medium,Yes,1,Low,Low,Public,Neutral,3,No,High School,Moderate,Male,68,0.4418604651162791,False,False,True
30,70,High,Yes,9,83,Medium,Yes,1,High,Medium,Private,Neutral,2,No,Postgraduate,Near,Female,71,0.6744186046511628,False,False,True
27,77,Medium,Yes,7,86,Low,Yes,1,High,Medium,Public,Neutral,3,No,High School,Moderate,Male,68,0.6046511627906976,False,False,True
20,87,Medium,Yes,8,58,Low,Yes,2,Low,Medium,Public,Negative,2,Yes,Postgraduate,Near,Male,67,0.4418604651162791,True,False,False
26,77,Medium,Yes,5,100,Low,Yes,1,Low,High,Private,Positive,5,No,High School,Near,Female,70,0.5813953488372092,False,False,True
18,78,High,No,7,55,High,Yes,0,High,Medium,Public,Negative,3,No,High School,Near,Male,65,0.3953488372093023,False,False,True
10,63,Medium,No,4,80,Medium,Yes,0,Low,Medium,Public,Positive,3,No,College,Near,Male,60,0.20930232558139533,False,False,True
14,76,Low,No,7,77,Low,No,2,High,Medium,Public,Positive,4,No,College,Near,Male,65,0.3023255813953489,True,False,False
29,91,Medium,No,9,80,Low,Yes,0,Low,High,Public,Negative,4,No,High School,Near,Female,70,0.6511627906976744,False,False,True
18,97,Low,Yes,7,77,Medium,Yes,4,Low,Low,Private,Neutral,4,No,Postgraduate,Near,Male,69,0.3953488372093023,False,True,False
19,77,Low,No,8,53,Medium,Yes,1,Low,Medium,Private,Positive,3,No,High School,Near,Male,64,0.4186046511627907,True,False,False
18,77,Medium,No,7,100,Medium,Yes,2,High,High,Private,Positive,3,Yes,High School,Near,Male,67,0.3953488372093023,False,True,False
31,88,Medium,Yes,6,99,Low,Yes,2,High,Low,Public,Negative,3,No,Postgraduate,Near,Male,73,0.6976744186046511,False,True,False
30,98,High,No,7,76,High,Yes,1,Low,Medium,Public,Neutral,3,No,College,Near,Male,74,0.6744186046511628,False,False,True
33,71,Low,Yes,9,60,Medium,Yes,0,Medium,Medium,Public,Positive,4,Yes,High School,Near,Male,67,0.7441860465116279,False,False,True
19,78,High,Yes,8,59,Medium,Yes,2,High,Medium,Public,Positive,1,No,High School,Near,Male,66,0.4186046511627907,False,True,False
22,92,Medium,No,6,53,Medium,Yes,4,High,Medium,Public,Neutral,4,Yes,High School,Near,Male,69,0.48837209302325585,False,False,True
11,84,Medium,No,5,81,Low,Yes,1,Low,Medium,Private,Negative,3,No,High School,Moderate,Female,64,0.23255813953488375,True,False,False
29,64,High,Yes,7,74,Medium,Yes,0,High,Medium,Public,Positive,2,No,Postgraduate,Near,Female,69,0.6511627906976744,False,False,True
13,85,High,Yes,6,71,Medium,Yes,1,Low,Medium,Public,Positive,3,No,High School,Near,Female,66,0.27906976744186046,False,True,False
21,67,Medium,Yes,7,76,Medium,Yes,1,Medium,High,Private,Neutral,2,Yes,High School,Near,Male,65,0.46511627906976744,True,False,False
13,80,Medium,Yes,5,94,High,Yes,1,Medium,Medium,Private,Positive,3,No,High School,Near,Female,67,0.27906976744186046,False,False,True
16,81,High,No,9,54,Medium,Yes,3,Medium,High,Public,Negative,3,No,Postgraduate,Moderate,Male,67,0.3488372093023256,False,False,True
15,95,Medium,No,7,77,High,Yes,0,Low,Medium,Private,Neutral,3,No,High School,Near,Female,68,0.32558139534883723,False,False,True
16,78,Low,No,7,85,Medium,Yes,4,Medium,Medium,Public,Neutral,2,Yes,High School,Near,Male,65,0.3488372093023256,False,False,True
17,71,Low,Yes,6,99,Low,Yes,4,Medium,Medium,Public,Positive,3,Yes,Postgraduate,Near,Male,66,0.37209302325581395,False,False,True
17,69,Medium,Yes,7,87,Low,Yes,2,Low,Medium,Public,Neutral,3,No,College,Near,Male,65,0.37209302325581395,True,False,False
25,95,Medium,Yes,7,77,High,No,0,Low,High,Public,Neutral,3,No,Postgraduate,Near,Male,71,0.5581395348837209,False,False,True
13,67,High,Yes,6,88,Medium,Yes,0,Low,Medium,Public,Neutral,3,No,College,Moderate,Female,63,0.27906976744186046,False,False,True
21,77,Low,Yes,7,100,Low,Yes,2,High,High,Public,Positive,4,No,College,Near,Female,70,0.46511627906976744,True,False,False
27,67,High,Yes,9,94,High,Yes,0,High,Low,Public,Positive,2,No,College,Near,Female,70,0.6046511627906976,True,False,False
17,91,Medium,Yes,4,54,High,Yes,3,Low,Medium,Public,Neutral,4,No,College,Moderate,Female,67,0.37209302325581395,False,True,False
16,79,Medium,Yes,7,79,High,Yes,2,High,High,Public,Positive,2,No,High School,Moderate,Male,68,0.3488372093023256,True,False,False
19,74,Low,Yes,6,89,Medium,No,0,High,Medium,Public,Neutral,2,No,High School,Moderate,Male,63,0.4186046511627907,False,False,True
27,74,High,Yes,9,84,Low,Yes,3,High,Medium,Private,Negative,3,No,College,Near,Female,70,0.6046511627906976,False,False,True
21,94,Medium,No,7,71,Low,No,1,Low,High,Private,Neutral,2,No,Postgraduate,Near,Male,69,0.46511627906976744,False,False,True
17,82,Medium,Yes,5,66,Medium,Yes,1,Medium,Low,Public,Positive,3,No,High School,Near,Female,66,0.37209302325581395,False,False,True
23,89,High,No,7,81,Medium,Yes,2,Low,High,Public,Neutral,2,No,Postgraduate,Moderate,Male,70,0.5116279069767441,False,True,False
13,96,High,No,8,71,Low,Yes,1,Medium,Low,Public,Positive,3,No,High School,Near,Male,68,0.27906976744186046,False,False,True
24,96,Medium,No,10,70,Medium,Yes,0,High,Medium,Public,Negative,4,No,High School,Near,Female,70,0.5348837209302325,False,False,True
22,73,High,Yes,4,92,Medium,Yes,0,Low,Medium,Public,Positive,4,No,Postgraduate,Moderate,Male,67,0.48837209302325585,False,True,False
18,98,High,Yes,5,66,Medium,Yes,0,Medium,Medium,Private,Negative,0,No,Postgraduate,Near,Male,69,0.3953488372093023,False,False,True
15,61,Low,Yes,9,82,Medium,Yes,2,Medium,High,Public,Positive,2,No,Postgraduate,Near,Male,64,0.32558139534883723,True,False,False
15,75,Medium,No,5,94,Low,No,1,Low,Medium,Public,Negative,3,Yes,High School,Moderate,Female,62,0.32558139534883723,True,False,False
23,96,Medium,No,7,81,Medium,Yes,1,Low,Medium,Private,Positive,2,No,Postgraduate,Moderate,Male,71,0.5116279069767441,False,False,True
27,71,Medium,Yes,6,75,Medium,Yes,2,Medium,High,Private,Neutral,4,No,High School,Near,Male,69,0.6046511627906976,True,False,False
16,71,High,Yes,6,52,Low,Yes,0,High,High,Public,Neutral,1,No,High School,Far,Male,62,0.3488372093023256,False,False,True
23,72,Medium,Yes,7,84,High,Yes,0,Medium,Medium,Public,Positive,4,No,High School,Near,Male,66,0.5116279069767441,False,True,False
7,84,High,Yes,7,100,Low,Yes,3,Low,Medium,Private,Negative,4,Yes,High School,Moderate,Male,64,0.13953488372093026,False,False,True
16,78,High,No,9,90,Medium,Yes,3,Low,Medium,Public,Negative,3,No,Postgraduate,Moderate,Male,66,0.3488372093023256,False,True,False
20,89,Medium,Yes,9,82,Medium,Yes,2,High,High,Public,Neutral,3,No,College,Near,Female,72,0.4418604651162791,True,False,False
15,96,High,Yes,8,73,Medium,Yes,3,Medium,Medium,Private,Negative,3,No,College,Near,Female,71,0.32558139534883723,True,False,False
14,87,High,Yes,7,61,Medium,Yes,0,Low,Medium,Public,Neutral,3,No,High School,Far,Male,65,0.3023255813953489,False,False,True
16,68,Medium,Yes,7,85,Medium,Yes,1,Medium,Medium,Public,Positive,2,No,College,Near,Female,65,0.3488372093023256,False,False,True
22,97,High,Yes,8,59,Medium,Yes,1,Low,Medium,Public,Negative,3,No,High School,Near,Male,70,0.48837209302325585,False,False,True
19,71,High,Yes,9,94,High,Yes,1,High,Medium,Private,Positive,4,No,High School,Near,Male,68,0.4186046511627907,False,False,True
7,66,Low,Yes,8,68,High,Yes,0,Low,Medium,Public,Negative,2,Yes,College,Moderate,Male,57,0.13953488372093026,True,False,False
7,64,High,No,9,70,High,Yes,4,Low,Low,Public,Neutral,4,Yes,High School,Far,Male,59,0.13953488372093026,False,False,True
16,83,Low,Yes,6,61,Medium,Yes,0,Medium,High,Public,Neutral,4,No,College,Near,Male,64,0.3488372093023256,False,True,False
23,65,Medium,Yes,9,74,Medium,Yes,2,Medium,High,Private,Neutral,3,No,College,Moderate,Male,67,0.5116279069767441,True,False,False
4,66,High,No,8,84,Low,Yes,2,Low,High,Public,Neutral,3,No,Postgraduate,Near,Female,60,0.06976744186046512,False,True,False
17,72,High,Yes,6,65,Low,Yes,3,Low,High,Public,Positive,2,No,Postgraduate,Far,Male,67,0.37209302325581395,True,False,False
17,71,High,Yes,7,85,Low,Yes,2,Low,Low,Private,Negative,2,No,College,Near,Female,65,0.37209302325581395,False,False,True
28,84,Medium,Yes,7,81,Medium,Yes,1,Medium,High,Public,Negative,3,No,College,Near,Male,71,0.627906976744186,False,False,True
18,93,Medium,Yes,7,69,Medium,Yes,0,Low,Medium,Public,Neutral,2,No,College,Near,Male,67,0.3953488372093023,False,True,False
22,90,Medium,Yes,7,66,Low,Yes,0,Low,Medium,Public,Positive,1,No,Postgraduate,Near,Male,69,0.48837209302325585,False,False,True
21,70,Medium,Yes,5,93,High,Yes,1,Low,Medium,Public,Neutral,3,No,College,Near,Male,68,0.46511627906976744,True,False,False
7,70,Medium,Yes,6,51,Medium,Yes,0,High,Medium,Private,Neutral,1,No,High School,Moderate,Female,59,0.13953488372093026,False,False,True
25,99,High,No,7,86,Low,No,3,Medium,Medium,Public,Positive,3,No,College,Near,Female,75,0.5581395348837209,True,False,False
21,60,Medium,Yes,6,71,Low,Yes,0,Medium,Low,Public,Negative,4,Yes,High School,Far,Male,59,0.46511627906976744,False,False,True
23,95,Medium,No,6,86,Low,Yes,0,Medium,High,Public,Neutral,3,No,High School,Moderate,Female,71,0.5116279069767441,True,False,False
44,68,Low,No,9,75,Low,Yes,3,Medium,High,Private,Negative,2,No,High School,Moderate,Female,71,1.0,True,False,False
7,98,Medium,No,7,54,High,Yes,0,Medium,High,Private,Neutral,2,No,High School,Near,Female,66,0.13953488372093026,False,False,True
30,74,Low,No,10,99,Medium,Yes,1,High,Medium,Private,Positive,2,No,High School,Moderate,Male,69,0.6744186046511628,False,False,True
18,78,Medium,Yes,7,54,Low,No,4,Low,High,Public,Neutral,4,Yes,College,Moderate,Female,65,0.3953488372093023,True,False,False
22,88,Medium,Yes,9,58,Low,Yes,3,Low,Medium,Private,Negative,2,No,College,Moderate,Male,68,0.48837209302325585,False,False,True
20,84,Low,No,7,71,Medium,Yes,5,Low,High,Private,Positive,2,No,High School,Far,Female,68,0.4418604651162791,True,False,False
17,73,Medium,Yes,6,97,High,Yes,1,Medium,High,Public,Positive,3,No,High School,Near,Male,67,0.37209302325581395,False,False,True
17,82,Medium,Yes,7,65,Medium,Yes,1,Medium,Medium,Public,Positive,5,No,High School,Near,Male,68,0.37209302325581395,True,False,False
22,89,Medium,Yes,9,78,Medium,Yes,0,Medium,Medium,Public,Positive,3,No,High School,Moderate,Male,68,0.48837209302325585,False,True,False
11,62,Medium,Yes,7,76,High,Yes,3,High,Medium,Private,Neutral,3,Yes,High School,Moderate,Male,88,0.23255813953488375,True,False,False
25,60,High,Yes,8,67,Medium,Yes,1,Medium,High,Public,Neutral,2,No,College,Near,Female,66,0.5581395348837209,False,False,True
18,78,Low,Yes,7,85,High,Yes,3,Low,Low,Public,Negative,2,No,College,Near,Male,67,0.3953488372093023,True,False,False
13,65,High,No,7,75,Low,Yes,2,Medium,High,Private,Neutral,4,No,High School,Moderate,Male,63,0.27906976744186046,False,False,True
17,87,High,Yes,7,79,Medium,Yes,3,Low,Medium,Public,Neutral,4,Yes,High School,Near,Female,68,0.37209302325581395,False,False,True
28,69,Low,No,6,61,Low,Yes,2,Medium,High,Public,Positive,1,Yes,High School,Near,Male,65,0.627906976744186,True,False,False
17,77,Medium,Yes,7,96,Medium,Yes,1,Low,Low,Private,Positive,3,No,College,Near,Male,67,0.37209302325581395,True,False,False
22,68,High,Yes,8,56,Medium,No,3,Medium,Medium,Private,Positive,1,No,Postgraduate,Near,Male,67,0.48837209302325585,True,False,False
16,82,Medium,Yes,7,85,Medium,Yes,1,High,Medium,Public,Neutral,4,No,High School,Near,Male,67,0.3488372093023256,False,False,True
25,65,Low,No,7,94,Low,Yes,1,Low,High,Public,Positive,3,No,High School,Far,Male,64,0.5581395348837209,False,False,True
24,61,Medium,No,8,54,Medium,Yes,1,Low,Medium,Public,Neutral,2,Yes,High School,Moderate,Male,61,0.5348837209302325,False,False,True
31,62,Medium,Yes,7,51,Medium,Yes,2,Medium,Medium,Public,Neutral,1,No,College,Far,Female,65,0.6976744186046511,False,False,True
19,98,High,Yes,7,67,High,Yes,1,Medium,Medium,Private,Negative,4,No,High School,Moderate,Female,70,0.4186046511627907,False,True,False
24,66,High,No,8,89,Medium,Yes,0,Medium,High,Public,Positive,2,No,College,Near,Male,67,0.5348837209302325,False,False,True
21,88,Low,No,7,86,Medium,Yes,1,Low,Medium,Private,Positive,2,No,High School,Moderate,Male,68,0.46511627906976744,True,False,False
28,63,Medium,Yes,7,91,Medium,Yes,1,Low,Medium,Private,Positive,1,No,High School,Far,Male,65,0.627906976744186,False,False,True
16,64,Medium,Yes,8,70,Low,Yes,3,High,High,Private,Negative,3,No,High School,Far,Female,63,0.3488372093023256,True,False,False
24,80,High,No,7,100,Medium,Yes,1,High,High,Public,Neutral,3,No,Postgraduate,Moderate,Male,72,0.5348837209302325,False,False,True
19,79,Medium,Yes,7,68,Medium,Yes,2,High,High,Public,Negative,1,No,College,Near,Female,68,0.4186046511627907,True,False,False
20,98,High,Yes,7,90,Medium,Yes,2,Medium,Medium,Public,Positive,4,No,High School,Near,Male,73,0.4418604651162791,False,False,True
21,98,Medium,Yes,7,68,High,Yes,0,Medium,Medium,Public,Positive,3,Yes,College,Near,Female,71,0.46511627906976744,True,False,False
22,91,High,No,5,61,Medium,Yes,3,Low,High,Public,Neutral,2,No,Postgraduate,Far,Male,70,0.48837209302325585,False,False,True
19,84,Medium,Yes,7,67,Low,Yes,0,Medium,Low,Public,Positive,3,No,Postgraduate,Near,Female,68,0.4186046511627907,True,False,False
21,78,High,No,10,60,Medium,Yes,3,High,Medium,Public,Negative,5,No,High School,Moderate,Male,68,0.46511627906976744,False,False,True
29,74,Medium,No,6,56,Low,Yes,2,Low,High,Public,Neutral,3,No,Postgraduate,Near,Female,68,0.6511627906976744,False,False,True
26,98,High,Yes,6,68,Medium,Yes,1,Low,Medium,Private,Neutral,1,No,Postgraduate,Moderate,Male,71,0.5813953488372092,False,True,False
25,84,Medium,Yes,10,57,Low,Yes,4,Medium,Medium,Public,Positive,2,No,College,Near,Male,70,0.5581395348837209,False,False,True
17,83,Medium,No,6,75,Medium,Yes,2,Medium,Medium,Public,Positive,3,Yes,High School,Near,Male,67,0.37209302325581395,True,False,False
15,69,Medium,Yes,9,52,Medium,Yes,0,High,Medium,Public,Neutral,3,No,College,Near,Female,61,0.32558139534883723,False,True,False
26,62,Low,Yes,7,72,Low,Yes,1,Medium,Medium,Public,Neutral,3,No,College,Moderate,Female,64,0.5813953488372092,True,False,False
25,98,Medium,No,7,98,Medium,Yes,1,Medium,Medium,Public,Negative,4,No,Postgraduate,Near,Male,72,0.5581395348837209,False,True,False
29,73,Medium,No,7,68,Low,Yes,1,Low,High,Private,Positive,4,Yes,High School,Moderate,Male,67,0.6511627906976744,True,False,False
16,78,Low,Yes,8,57,High,Yes,1,Medium,Medium,Public,Negative,3,No,College,Near,Male,65,0.3488372093023256,True,False,False
19,65,Low,Yes,5,65,High,Yes,1,High,Medium,Public,Positive,6,No,College,Moderate,Female,64,0.4186046511627907,False,False,True
10,93,Medium,Yes,7,90,Medium,Yes,0,Low,Medium,Private,Positive,2,No,High School,Near,Female,66,0.20930232558139533,False,True,False
18,61,Medium,No,6,66,Medium,Yes,1,Medium,High,Public,Positive,2,No,High School,Moderate,Female,62,0.3953488372093023,False,False,True
26,93,Medium,No,4,69,Medium,Yes,2,Low,Medium,Public,Neutral,3,No,High School,Near,Male,70,0.5813953488372092,False,True,False
17,66,Medium,Yes,9,89,Medium,No,1,Medium,High,Public,Positive,4,No,High School,Moderate,Female,64,0.37209302325581395,False,False,True
24,95,Low,No,4,63,Low,Yes,3,Low,Medium,Public,Positive,3,No,High School,Near,Female,70,0.5348837209302325,False,False,True
19,89,Low,No,10,74,Medium,Yes,1,Low,Medium,Public,Positive,2,No,High School,Moderate,Female,66,0.4186046511627907,False,False,True
22,67,High,Yes,8,53,Medium,Yes,0,Medium,High,Public,Negative,3,No,High School,Far,Male,62,0.48837209302325585,False,True,False
13,83,Low,No,5,59,High,Yes,4,Low,Medium,Private,Neutral,2,No,High School,Near,Female,63,0.27906976744186046,False,True,False
21,73,Medium,Yes,9,60,High,Yes,2,Medium,Medium,Public,Positive,3,No,College,Near,Male,66,0.46511627906976744,False,True,False
2,67,Medium,No,6,73,Low,Yes,1,Low,Medium,Private,Positive,2,No,College,Moderate,Male,58,0.023255813953488372,False,False,True
19,94,High,Yes,6,91,Medium,Yes,1,Low,Medium,Public,Negative,3,No,High School,Moderate,Male,70,0.4186046511627907,False,False,True
10,76,Low,No,4,68,Medium,Yes,1,High,Low,Private,Neutral,6,No,College,Near,Male,63,0.20930232558139533,False,False,True
27,76,High,Yes,6,69,High,Yes,0,Medium,High,Public,Neutral,1,No,High School,Near,Male,70,0.6046511627906976,False,False,True
25,67,Medium,Yes,6,65,Medium,Yes,1,Low,Medium,Public,Negative,3,No,High School,Near,Male,65,0.5581395348837209,True,False,False
23,75,Low,Yes,8,66,Medium,Yes,5,Medium,Low,Public,Neutral,3,No,High School,Near,Male,67,0.5116279069767441,False,False,True
29,95,Medium,No,9,70,Medium,No,1,Low,Medium,Private,Positive,2,No,Postgraduate,Near,Female,73,0.6511627906976744,True,False,False
14,75,Medium,Yes,5,95,Medium,Yes,0,Medium,Medium,Public,Positive,3,No,College,Moderate,Male,82,0.3023255813953489,False,False,True
30,98,Medium,No,7,51,High,Yes,0,Low,Medium,Public,Positive,2,No,High School,Near,Male,71,0.6744186046511628,False,True,False
26,98,Medium,Yes,4,81,Low,Yes,1,Low,Medium,Public,Positive,4,No,Postgraduate,Near,Male,73,0.5813953488372092,False,False,True
19,66,High,No,7,94,Low,Yes,1,High,Medium,Public,Positive,4,No,High School,Moderate,Female,65,0.4186046511627907,False,False,True
27,67,Medium,Yes,10,71,Medium,Yes,1,Low,High,Public,Neutral,3,No,High School,Near,Female,67,0.6046511627906976,True,False,False
13,95,Medium,Yes,4,83,Low,No,1,Low,High,Public,Neutral,4,No,College,Moderate,Male,67,0.27906976744186046,False,False,True
15,76,High,Yes,5,79,Medium,Yes,4,Medium,Medium,Public,Neutral,4,No,Postgraduate,Moderate,Female,69,0.32558139534883723,True,False,False
16,60,High,Yes,8,67,Low,Yes,0,Low,Medium,Public,Neutral,3,No,High School,Near,Male,61,0.3488372093023256,False,False,True
17,71,Low,No,8,57,Medium,Yes,3,Medium,High,Private,Positive,4,No,High School,Near,Female,64,0.37209302325581395,False,False,True
14,84,High,No,6,61,Low,Yes,1,High,Medium,Public,Positive,2,No,College,Far,Male,64,0.3023255813953489,False,True,False
27,92,Medium,Yes,9,53,Low,Yes,2,Low,Medium,Public,Negative,2,No,College,Far,Male,68,0.6046511627906976,False,True,False
18,65,Low,No,6,88,Medium,Yes,1,Medium,Medium,Private,Positive,1,Yes,College,Near,Male,62,0.3953488372093023,False,False,True
22,64,Medium,Yes,10,77,High,Yes,5,Medium,Medium,Public,Neutral,3,Yes,High School,Near,Male,66,0.48837209302325585,False,False,True
17,97,Low,Yes,8,89,Medium,Yes,1,Low,Medium,Public,Neutral,4,No,College,Near,Male,70,0.37209302325581395,True,False,False
9,90,Medium,Yes,9,65,Low,Yes,3,Medium,Medium,Public,Positive,3,No,High School,Near,Female,67,0.18604651162790697,True,False,False
22,84,Medium,Yes,8,90,Medium,Yes,2,Medium,Medium,Public,Positive,2,No,College,Near,Female,70,0.48837209302325585,False,False,True
9,91,Medium,No,8,65,High,Yes,0,Medium,Medium,Public,Positive,4,No,High School,Moderate,Male,65,0.18604651162790697,False,False,True
20,77,Medium,No,8,56,Medium,Yes,1,Medium,High,Public,Positive,4,No,College,Moderate,Male,65,0.4418604651162791,False,True,False
12,90,High,Yes,9,77,Medium,Yes,3,Medium,Medium,Public,Positive,3,No,Postgraduate,Near,Male,70,0.2558139534883721,False,False,True
32,75,Medium,Yes,7,97,High,Yes,1,Medium,Medium,Private,Neutral,3,No,College,Moderate,Male,72,0.7209302325581395,True,False,False
25,70,Medium,No,6,71,Low,Yes,0,Low,Medium,Public,Neutral,2,No,College,Near,Female,65,0.5581395348837209,False,False,True
21,89,High,Yes,7,76,Medium,Yes,1,Medium,Medium,Public,Positive,2,No,High School,Near,Male,71,0.46511627906976744,True,False,False
28,77,High,Yes,6,73,Low,Yes,3,Medium,High,Private,Negative,3,No,College,Near,Female,71,0.627906976744186,True,False,False
15,99,High,Yes,6,73,High,Yes,1,High,High,Public,Negative,5,No,Postgraduate,Near,Male,72,0.32558139534883723,False,False,True
23,74,Low,No,9,61,Low,Yes,0,Medium,Low,Public,Positive,4,No,Postgraduate,Near,Male,64,0.5116279069767441,False,True,False
21,97,Medium,No,8,71,High,Yes,2,High,High,Public,Neutral,1,No,College,Moderate,Male,72,0.46511627906976744,False,False,True
22,97,Medium,No,8,75,Medium,Yes,1,Medium,Medium,Private,Positive,4,No,Postgraduate,Near,Male,71,0.48837209302325585,False,True,False
28,70,Medium,Yes,9,87,Low,Yes,0,Low,Medium,Public,Neutral,3,No,High School,Moderate,Male,66,0.627906976744186,False,False,True
24,92,Low,No,8,57,Medium,Yes,3,Medium,Medium,Private,Positive,3,No,College,Near,Female,71,0.5348837209302325,True,False,False
22,77,Medium,Yes,10,79,High,Yes,2,Medium,Low,Public,Neutral,2,No,High School,Near,Male,67,0.48837209302325585,False,False,True
10,97,High,No,4,83,Low,Yes,1,Low,High,Public,Neutral,2,No,Postgraduate,Near,Male,69,0.20930232558139533,True,False,False
14,78,Medium,Yes,6,69,High,Yes,0,Medium,Medium,Public,Positive,5,No,College,Moderate,Female,67,0.3023255813953489,True,False,False
19,90,Medium,Yes,6,77,Medium,Yes,0,High,Medium,Public,Neutral,4,No,Postgraduate,Near,Male,71,0.4186046511627907,True,False,False
21,79,Low,No,5,86,Low,Yes,1,High,Medium,Private,Positive,2,No,High School,Moderate,Female,66,0.46511627906976744,False,False,True
13,69,High,No,7,73,Low,Yes,1,Medium,Low,Private,Positive,2,No,High School,Far,Male,62,0.27906976744186046,True,False,False
34,68,Medium,No,7,67,High,Yes,0,Medium,Medium,Private,Neutral,2,No,High School,Moderate,Male,67,0.7674418604651162,False,False,True
29,77,Low,Yes,10,91,High,Yes,2,Low,Medium,Public,Negative,4,No,Postgraduate,Near,Female,70,0.6511627906976744,False,False,True
24,90,High,No,8,99,High,Yes,0,Low,Medium,Public,Neutral,3,No,College,Moderate,Female,72,0.5348837209302325,True,False,False
20,84,High,No,6,61,Medium,Yes,3,Medium,Medium,Private,Neutral,2,No,High School,Near,Male,69,0.4418604651162791,True,False,False
19,88,High,No,8,94,High,Yes,1,Medium,Medium,Public,Neutral,3,No,High School,Moderate,Male,70,0.4186046511627907,False,False,True
14,71,High,No,4,77,Medium,Yes,0,Medium,Medium,Public,Negative,3,No,High School,Near,Female,64,0.3023255813953489,True,False,False
20,79,Medium,Yes,7,72,Low,No,1,Medium,Medium,Public,Negative,3,No,High School,Near,Male,65,0.4418604651162791,False,False,True
22,62,High,Yes,7,95,Medium,Yes,2,Medium,Medium,Public,Negative,2,No,High School,Near,Male,66,0.48837209302325585,False,False,True
13,93,Medium,No,6,96,High,Yes,2,High,Medium,Private,Negative,3,No,High School,Near,Female,68,0.27906976744186046,False,True,False
22,100,Medium,Yes,7,64,Medium,Yes,2,Low,Medium,Private,Positive,3,No,College,Near,Female,72,0.48837209302325585,False,False,True
19,76,Low,Yes,6,68,Medium,Yes,2,High,Medium,Public,Positive,3,No,High School,Moderate,Female,65,0.4186046511627907,False,False,True
9,60,Low,Yes,6,93,Medium,Yes,3,Low,High,Private,Neutral,2,No,High School,Moderate,Female,60,0.18604651162790697,False,False,True
15,67,Medium,No,8,75,Medium,Yes,0,High,High,Public,Negative,4,No,Postgraduate,Near,Female,63,0.32558139534883723,False,False,True
18,86,Low,Yes,9,64,Low,Yes,3,Low,High,Public,Positive,3,No,High School,Near,Female,66,0.3953488372093023,False,True,False
31,84,Medium,Yes,8,98,Low,Yes,1,Medium,Medium,Public,Positive,4,No,Postgraduate,Near,Female,73,0.6976744186046511,False,True,False
23,92,Medium,Yes,6,61,Low,Yes,4,Low,Medium,Public,Positive,4,No,College,Near,Male,71,0.5116279069767441,False,False,True
12,70,Medium,Yes,6,81,Low,Yes,1,Low,Medium,Public,Negative,2,Yes,High School,Far,Male,59,0.2558139534883721,False,False,True
23,91,Low,Yes,6,71,Medium,Yes,5,Low,High,Public,Neutral,3,No,High School,Moderate,Female,70,0.5116279069767441,False,False,True
11,88,Low,Yes,7,73,Low,Yes,1,Medium,Low,Private,Neutral,3,Yes,College,Near,Female,63,0.23255813953488375,False,False,True
26,73,Medium,No,6,55,Medium,Yes,1,Medium,Low,Public,Positive,4,No,Postgraduate,Near,Male,67,0.5813953488372092,False,False,True
17,82,Medium,Yes,9,63,Medium,Yes,2,Low,Medium,Private,Neutral,2,No,College,Moderate,Male,65,0.37209302325581395,False,True,False
19,66,Low,No,7,58,Medium,Yes,5,Medium,Low,Public,Positive,4,No,College,Moderate,Female,64,0.4186046511627907,False,False,True
28,78,Medium,No,8,87,Low,Yes,2,Low,Medium,Public,Positive,2,No,Postgraduate,Near,Male,71,0.627906976744186,True,False,False
12,95,High,Yes,5,85,Medium,Yes,2,High,Medium,Public,Negative,2,No,College,Near,Male,70,0.2558139534883721,False,False,True
12,77,Low,Yes,6,90,Medium,Yes,2,Medium,Low,Public,Neutral,2,No,High School,Near,Female,63,0.2558139534883721,False,False,True
16,94,Medium,No,8,85,Medium,Yes,3,Low,High,Public,Neutral,2,No,High School,Near,Female,68,0.3488372093023256,False,True,False
26,84,Medium,Yes,8,56,Medium,No,1,Medium,Medium,Public,Negative,2,No,College,Near,Female,67,0.5813953488372092,False,False,True
11,68,High,Yes,5,99,Medium,Yes,1,High,Medium,Public,Neutral,4,No,Postgraduate,Near,Female,66,0.23255813953488375,False,False,True
3,83,Low,Yes,7,59,Low,Yes,2,Medium,High,Public,Positive,5,No,High School,Moderate,Male,63,0.046511627906976744,True,False,False
17,80,Medium,Yes,7,68,Medium,Yes,0,Medium,Medium,Private,Negative,5,Yes,College,Near,Female,65,0.37209302325581395,False,False,True
23,76,High,Yes,6,85,Low,Yes,2,Low,Medium,Public,Positive,3,Yes,High School,Far,Male,66,0.5116279069767441,False,False,True
27,65,Medium,Yes,8,57,Medium,Yes,2,Low,Low,Public,Negative,4,No,Postgraduate,Near,Female,65,0.6046511627906976,False,False,True
17,77,Medium,Yes,5,59,Medium,Yes,2,Medium,High,Private,Neutral,4,No,High School,Near,Male,65,0.37209302325581395,False,True,False
18,63,Low,No,6,94,Medium,Yes,2,Medium,High,Public,Neutral,2,Yes,High School,Near,Male,63,0.3953488372093023,True,False,False
27,64,High,No,8,67,Medium,Yes,0,Low,Medium,Public,Positive,3,No,High School,Near,Male,65,0.6046511627906976,False,False,True
9,77,High,Yes,7,83,Medium,Yes,1,Low,High,Private,Neutral,4,Yes,High School,Far,Male,62,0.18604651162790697,False,True,False
18,72,Medium,Yes,7,93,Medium,Yes,1,Medium,Medium,Public,Positive,3,No,College,Near,Female,66,0.3953488372093023,False,False,True
21,97,Low,No,7,99,Medium,Yes,1,High,Medium,Public,Negative,3,No,Postgraduate,Near,Female,71,0.46511627906976744,False,False,True
23,75,Low,Yes,8,61,High,Yes,2,Low,Medium,Public,Positive,2,No,High School,Far,Female,64,0.5116279069767441,False,True,False
17,90,Medium,Yes,8,56,Low,Yes,0,Medium,Medium,Private,Neutral,4,No,College,Near,Female,67,0.37209302325581395,False,False,True
20,81,Medium,No,8,87,Medium,Yes,1,High,Medium,Private,Neutral,3,No,High School,Near,Male,68,0.4418604651162791,False,False,True
5,88,Medium,No,7,59,Medium,Yes,3,Low,Medium,Public,Negative,3,No,College,Near,Female,63,0.09302325581395349,False,False,True
16,70,Medium,Yes,6,79,High,Yes,0,High,High,Public,Negative,3,No,College,Near,Female,64,0.3488372093023256,False,True,False
23,98,High,Yes,6,77,Medium,Yes,1,Low,High,Public,Neutral,1,No,Postgraduate,Near,Female,74,0.5116279069767441,True,False,False
14,81,Medium,Yes,5,78,Medium,Yes,2,High,High,Public,Positive,4,No,Postgraduate,Near,Male,68,0.3023255813953489,False,True,False
20,93,Medium,Yes,6,82,Low,No,1,Medium,High,Public,Positive,3,Yes,High School,Moderate,Female,68,0.4418604651162791,False,False,True
23,75,High,Yes,6,93,Medium,No,2,Medium,Low,Public,Neutral,3,No,Postgraduate,Moderate,Female,69,0.5116279069767441,True,False,False
18,64,Medium,Yes,9,64,Medium,Yes,4,Low,Medium,Public,Negative,4,Yes,High School,Near,Male,61,0.3953488372093023,False,True,False
21,87,High,Yes,5,78,High,Yes,1,Low,Medium,Private,Positive,2,No,High School,Near,Female,69,0.46511627906976744,False,True,False
14,60,Low,Yes,9,67,Low,Yes,3,High,High,Public,Positive,3,No,High School,Near,Female,61,0.3023255813953489,False,True,False
19,79,High,Yes,7,66,Low,Yes,3,High,Medium,Public,Positive,3,Yes,High School,Near,Male,67,0.4186046511627907,False,False,True
24,68,High,No,7,51,Medium,Yes,0,Low,Low,Private,Neutral,4,No,High School,Near,Female,63,0.5348837209302325,False,True,False
21,85,Medium,No,8,80,Medium,Yes,3,Low,High,Public,Positive,3,Yes,College,Moderate,Female,68,0.46511627906976744,False,False,True
16,99,Medium,No,5,99,Low,No,0,Low,Medium,Private,Neutral,5,No,College,Moderate,Female,68,0.3488372093023256,False,False,True
21,79,Low,Yes,6,88,Low,Yes,2,High,Medium,Public,Neutral,1,No,High School,Near,Male,67,0.46511627906976744,False,False,True
24,93,Medium,Yes,5,62,High,Yes,1,High,Medium,Private,Negative,3,No,College,Moderate,Female,69,0.5348837209302325,False,True,False
8,80,Medium,No,6,86,Medium,Yes,2,Low,Medium,Public,Neutral,3,No,High School,Near,Male,64,0.16279069767441862,True,False,False
27,80,Low,No,6,65,Low,Yes,1,Low,Medium,Public,Positive,4,No,Postgraduate,Near,Male,67,0.6046511627906976,False,True,False
18,97,High,No,9,88,Low,Yes,1,High,Medium,Public,Neutral,3,Yes,High School,Near,Female,70,0.3953488372093023,False,False,True
23,96,High,Yes,6,93,Low,Yes,5,Low,Medium,Public,Negative,4,No,High School,Near,Female,72,0.5116279069767441,False,True,False
27,91,High,No,4,67,Medium,Yes,1,High,High,Private,Neutral,2,No,High School,Moderate,Female,71,0.6046511627906976,False,True,False
12,72,Medium,No,6,50,High,Yes,1,Low,Medium,Public,Positive,3,No,College,Near,Male,62,0.2558139534883721,False,False,True
16,82,Medium,Yes,8,65,High,Yes,2,Low,Medium,Private,Positive,5,Yes,Postgraduate,Near,Male,67,0.3488372093023256,False,False,True
18,69,High,Yes,9,60,Medium,Yes,3,Low,Medium,Public,Negative,2,No,College,Far,Female,64,0.3953488372093023,False,False,True
15,78,Medium,Yes,7,81,Medium,Yes,0,Medium,Low,Public,Neutral,2,No,High School,Near,Male,64,0.32558139534883723,False,False,True
30,79,Medium,No,6,65,Medium,Yes,1,Low,Medium,Public,Negative,4,No,Postgraduate,Near,Female,70,0.6744186046511628,True,False,False
15,93,Medium,Yes,7,52,Medium,Yes,3,Low,Medium,Public,Negative,5,No,College,Near,Female,68,0.32558139534883723,False,False,True
17,96,Medium,No,8,77,Medium,Yes,1,Medium,Medium,Public,Neutral,3,No,Postgraduate,Near,Female,70,0.37209302325581395,False,False,True
21,77,Low,Yes,5,94,Low,Yes,1,Medium,High,Public,Negative,3,No,High School,Far,Male,65,0.46511627906976744,False,False,True
13,61,Low,No,7,73,Low,Yes,2,High,Medium,Public,Positive,2,No,High School,Near,Female,59,0.27906976744186046,False,True,False
18,94,Medium,Yes,7,69,Medium,Yes,1,Medium,High,Public,Positive,2,No,High School,Far,Female,69,0.3953488372093023,False,False,True
22,67,Medium,Yes,7,59,High,Yes,2,Low,High,Public,Positive,3,No,Postgraduate,Near,Male,67,0.48837209302325585,False,False,True
18,85,High,No,7,69,Medium,Yes,2,Low,Medium,Private,Positive,4,No,High School,Near,Male,68,0.3953488372093023,False,False,True
19,61,Medium,No,6,67,Low,Yes,1,Medium,Medium,Public,Positive,1,No,College,Near,Male,62,0.4186046511627907,False,False,True
17,76,Medium,No,8,100,Low,No,0,High,Medium,Private,Neutral,4,No,High School,Moderate,Male,65,0.37209302325581395,True,False,False
11,99,Medium,Yes,7,52,Medium,Yes,0,High,High,Private,Neutral,5,No,College,Near,Female,69,0.23255813953488375,True,False,False
22,64,Medium,Yes,7,62,Medium,Yes,3,Low,Medium,Private,Neutral,4,No,Postgraduate,Moderate,Female,65,0.48837209302325585,False,False,True
31,77,Low,Yes,5,53,High,Yes,1,Medium,Medium,Public,Neutral,2,No,High School,Near,Female,68,0.6976744186046511,True,False,False
20,72,Low,Yes,8,93,Medium,Yes,4,Low,High,Public,Positive,2,No,High School,Near,Male,68,0.4418604651162791,True,False,False
21,96,Medium,Yes,6,71,High,No,3,Medium,Medium,Public,Negative,3,No,High School,Near,Female,71,0.46511627906976744,True,False,False
24,95,Low,Yes,9,90,Medium,Yes,3,Low,Low,Public,Positive,4,No,High School,Moderate,Male,71,0.5348837209302325,False,False,True
12,70,Medium,No,5,85,High,Yes,1,High,Medium,Public,Positive,3,No,Postgraduate,Near,Female,66,0.2558139534883721,True,False,False
30,63,High,Yes,8,96,Medium,Yes,4,Low,Medium,Private,Positive,3,No,Postgraduate,Near,Female,71,0.6744186046511628,False,False,True
21,85,Medium,No,4,51,Low,Yes,2,Low,Medium,Public,Neutral,3,No,College,Near,Female,66,0.46511627906976744,False,False,True
30,73,Low,No,4,60,Medium,Yes,0,Low,Low,Private,Positive,4,No,High School,Moderate,Female,66,0.6744186046511628,True,False,False
16,87,High,Yes,6,85,Medium,Yes,2,Medium,High,Public,Neutral,1,No,High School,Near,Female,69,0.3488372093023256,True,False,False
31,61,Medium,No,4,79,Medium,Yes,0,Low,Low,Public,Positive,3,No,High School,Moderate,Female,65,0.6976744186046511,False,False,True
25,65,Low,Yes,8,85,Medium,Yes,2,Low,Medium,Public,Negative,3,No,Postgraduate,Near,Female,66,0.5581395348837209,True,False,False
23,87,Low,No,7,79,Medium,Yes,2,Medium,Medium,Public,Neutral,2,No,High School,Far,Male,67,0.5116279069767441,False,False,True
21,68,Medium,No,9,79,Low,Yes,1,High,High,Private,Negative,4,No,Postgraduate,Moderate,Female,66,0.46511627906976744,False,False,True
19,94,Medium,No,7,97,Medium,Yes,0,Medium,Medium,Public,Neutral,3,No,High School,Near,Female,69,0.4186046511627907,False,False,True
27,62,Low,No,7,96,Medium,Yes,2,Low,Medium,Public,Neutral,4,No,High School,Near,Male,66,0.6046511627906976,True,False,False
21,69,Medium,Yes,7,52,Low,Yes,0,Low,Medium,Public,Negative,3,No,Postgraduate,Near,Male,64,0.46511627906976744,True,False,False
8,100,High,Yes,6,71,Medium,Yes,0,Low,High,Public,Positive,2,No,Postgraduate,Near,Female,70,0.16279069767441862,True,False,False
13,77,Medium,Yes,6,76,Low,No,1,Medium,Low,Private,Neutral,4,No,College,Moderate,Male,62,0.27906976744186046,False,True,False
19,88,Medium,Yes,5,68,High,Yes,1,Low,Low,Public,Positive,5,No,High School,Moderate,Male,67,0.4186046511627907,False,True,False
22,67,Medium,No,8,52,Medium,Yes,1,Medium,Low,Public,Negative,2,Yes,College,Moderate,Female,60,0.48837209302325585,False,True,False
20,84,Low,No,7,74,Low,Yes,1,High,Medium,Public,Neutral,3,No,Postgraduate,Near,Female,66,0.4418604651162791,False,True,False
27,89,Medium,Yes,7,99,Medium,Yes,0,Medium,High,Public,Positive,2,No,High School,Near,Female,72,0.6046511627906976,False,False,True
8,73,High,Yes,10,54,Medium,Yes,2,Medium,Medium,Public,Positive,3,No,High School,Near,Male,63,0.16279069767441862,False,False,True
21,93,Low,Yes,6,91,Low,Yes,1,High,Medium,Public,Negative,3,No,Postgraduate,Near,Male,69,0.46511627906976744,False,True,False
9,84,High,Yes,7,60,High,Yes,1,Low,Medium,Private,Positive,3,No,College,Moderate,Male,66,0.18604651162790697,True,False,False
25,76,Medium,Yes,7,79,Medium,Yes,2,Medium,Medium,Public,Positive,2,No,College,Near,Male,69,0.5581395348837209,False,False,True
19,82,Medium,No,9,69,Low,Yes,2,Medium,Medium,Private,Neutral,3,No,College,Moderate,Male,68,0.4186046511627907,True,False,False
23,83,Low,No,7,67,Medium,Yes,3,Low,Low,Public,Negative,4,No,High School,Moderate,Female,66,0.5116279069767441,False,False,True
15,67,Medium,Yes,7,94,Low,Yes,0,High,Low,Private,Positive,2,No,Postgraduate,Moderate,Male,63,0.32558139534883723,False,False,True
28,76,Medium,Yes,10,99,High,Yes,1,Medium,Medium,Public,Neutral,3,No,High School,Near,Male,70,0.627906976744186,False,False,True
26,74,Medium,No,6,69,Medium,Yes,2,Low,High,Public,Positive,4,No,Postgraduate,Moderate,Male,68,0.5813953488372092,False,False,True
24,76,Medium,Yes,7,82,Medium,Yes,2,Medium,Medium,Public,Positive,4,No,College,Far,Male,68,0.5348837209302325,False,False,True
19,90,Medium,No,8,78,Medium,Yes,1,Low,Medium,Private,Neutral,3,No,High School,Moderate,Male,67,0.4186046511627907,False,False,True
23,79,High,Yes,6,54,Low,Yes,1,Low,Medium,Public,Neutral,1,No,High School,Moderate,Male,67,0.5116279069767441,True,False,False
16,98,Low,Yes,8,52,Medium,Yes,3,Low,High,Public,Neutral,3,No,College,Moderate,Female,69,0.3488372093023256,True,False,False
25,72,Medium,No,6,89,Low,Yes,3,Low,High,Public,Neutral,5,No,High School,Near,Male,68,0.5581395348837209,False,False,True
30,77,Low,Yes,9,70,Medium,Yes,0,Medium,High,Public,Neutral,1,No,High School,Moderate,Male,67,0.6744186046511628,False,False,True
26,91,Medium,Yes,8,65,Low,Yes,0,Medium,High,Public,Neutral,2,No,High School,Moderate,Male,70,0.5813953488372092,True,False,False
16,82,High,No,7,99,Low,Yes,3,Medium,Medium,Public,Positive,3,No,Postgraduate,Moderate,Male,70,0.3488372093023256,True,False,False
22,82,Low,No,5,54,Medium,Yes,2,Medium,Medium,Public,Neutral,2,No,College,Moderate,Male,66,0.48837209302325585,False,False,True
12,62,High,Yes,6,63,High,Yes,0,Low,Medium,Private,Negative,2,No,High School,Near,Male,61,0.2558139534883721,True,False,False
23,76,High,Yes,7,93,Medium,Yes,2,Low,Medium,Public,Negative,2,No,College,Near,Male,68,0.5116279069767441,False,True,False
23,71,Medium,Yes,8,71,Low,Yes,1,Low,Low,Public,Neutral,2,No,Postgraduate,Near,Female,64,0.5116279069767441,False,True,False
9,100,Low,No,7,79,Medium,Yes,1,Low,Medium,Public,Positive,2,No,Postgraduate,Near,Male,66,0.18604651162790697,False,True,False
13,72,High,Yes,8,52,Medium,Yes,3,High,High,Private,Positive,4,No,High School,Near,Male,65,0.27906976744186046,False,True,False
18,95,High,No,8,96,Medium,Yes,3,Medium,Low,Public,Negative,6,No,Postgraduate,Near,Male,73,0.3953488372093023,False,False,True
18,87,Low,No,8,57,Medium,No,3,High,High,Public,Positive,4,No,High School,Near,Male,66,0.3953488372093023,False,True,False
13,74,High,Yes,7,61,Medium,Yes,2,Low,Medium,Public,Positive,3,No,High School,Moderate,Male,65,0.27906976744186046,True,False,False
22,82,High,Yes,7,58,Medium,Yes,0,Medium,Medium,Public,Negative,4,No,College,Near,Male,68,0.48837209302325585,False,False,True
22,94,Medium,Yes,7,75,Low,Yes,0,Low,High,Public,Neutral,3,No,High School,Near,Male,69,0.48837209302325585,False,False,True
19,95,High,Yes,6,91,High,Yes,1,Medium,High,Public,Neutral,4,No,College,Near,Male,72,0.4186046511627907,False,True,False
15,66,Medium,No,9,63,Medium,Yes,3,Medium,Medium,Private,Neutral,3,No,High School,Near,Male,63,0.32558139534883723,False,False,True
26,74,Medium,No,8,57,Medium,Yes,0,Medium,Medium,Private,Positive,1,No,High School,Near,Male,65,0.5813953488372092,False,True,False
30,73,Medium,Yes,9,70,Low,Yes,0,Medium,Medium,Public,Negative,4,No,College,Near,Male,69,0.6744186046511628,True,False,False
17,62,Low,No,6,99,Medium,Yes,2,Medium,Medium,Private,Negative,3,No,High School,Far,Female,62,0.37209302325581395,True,False,False
16,84,High,Yes,8,51,Low,Yes,0,Medium,Medium,Public,Negative,3,No,Postgraduate,Near,Female,66,0.3488372093023256,False,False,True
23,94,Low,Yes,9,75,Medium,Yes,3,Low,Medium,Private,Neutral,2,No,Postgraduate,Moderate,Female,69,0.5116279069767441,False,True,False
18,75,Medium,Yes,9,83,Medium,Yes,2,Low,Medium,Public,Positive,4,Yes,Postgraduate,Moderate,Female,67,0.3953488372093023,True,False,False
19,90,High,Yes,5,90,Low,Yes,0,Low,Medium,Public,Neutral,2,No,College,Far,Female,94,0.4186046511627907,False,False,True
24,85,Medium,Yes,7,87,High,Yes,2,Medium,Medium,Private,Neutral,2,No,High School,Near,Female,71,0.5348837209302325,False,False,True
9,75,Medium,No,7,54,Low,Yes,2,Low,Medium,Public,Positive,4,No,High School,Near,Female,61,0.18604651162790697,False,False,True
28,66,Medium,Yes,9,73,Medium,Yes,2,Low,Medium,Public,Positive,2,No,College,Near,Male,68,0.627906976744186,True,False,False
20,88,Medium,No,4,54,Low,Yes,0,High,Low,Public,Negative,4,No,High School,Near,Male,66,0.4418604651162791,False,False,True
18,94,High,Yes,5,81,Medium,Yes,0,High,Low,Public,Negative,5,No,High School,Near,Female,71,0.3953488372093023,True,False,False
19,87,Medium,No,9,54,Low,Yes,3,Low,High,Public,Positive,4,No,High School,Moderate,Female,66,0.4186046511627907,False,True,False
20,61,Medium,No,6,52,Medium,Yes,2,Low,Low,Private,Negative,2,No,Postgraduate,Near,Male,60,0.4418604651162791,False,True,False
10,69,Medium,Yes,5,65,Low,Yes,0,Medium,Medium,Private,Positive,3,No,High School,Near,Female,60,0.20930232558139533,False,False,True
29,63,Low,Yes,9,97,High,No,3,Medium,High,Public,Negative,3,No,High School,Near,Male,66,0.6511627906976744,False,True,False
20,83,Low,Yes,5,85,Medium,Yes,1,High,High,Public,Neutral,2,No,College,Far,Male,67,0.4418604651162791,False,False,True
23,90,Low,No,9,50,Low,Yes,4,Medium,Medium,Private,Neutral,3,No,High School,Moderate,Male,67,0.5116279069767441,False,True,False
26,64,Medium,No,5,64,Medium,Yes,2,High,Medium,Public,Negative,1,No,High School,Near,Male,64,0.5813953488372092,False,False,True
14,94,Medium,No,5,51,Medium,Yes,0,Medium,High,Public,Neutral,3,No,College,Near,Male,66,0.3023255813953489,False,False,True
23,82,Low,No,7,65,High,Yes,1,Medium,High,Public,Negative,3,No,High School,Near,Female,68,0.5116279069767441,True,False,False
18,88,Low,Yes,6,84,Medium,Yes,1,Medium,High,Public,Positive,3,No,Postgraduate,Moderate,Female,70,0.3953488372093023,True,False,False
25,99,Medium,Yes,7,88,Medium,Yes,3,Low,Medium,Private,Positive,4,No,College,Moderate,Female,75,0.5581395348837209,True,False,False
7,63,High,Yes,10,90,Medium,Yes,0,Low,Medium,Private,Positive,2,Yes,High School,Moderate,Male,86,0.13953488372093026,True,False,False
19,96,Medium,Yes,7,95,High,Yes,3,Medium,High,Private,Negative,3,No,College,Near,Female,73,0.4186046511627907,False,False,True
16,65,Low,No,9,68,Medium,Yes,1,High,Medium,Public,Neutral,3,No,High School,Moderate,Male,61,0.3488372093023256,False,False,True
23,76,High,No,7,93,Medium,Yes,0,Medium,Medium,Private,Negative,6,No,High School,Moderate,Male,68,0.5116279069767441,True,False,False
23,94,High,No,8,86,Medium,Yes,1,Low,High,Public,Neutral,0,No,College,Far,Female,70,0.5116279069767441,False,False,True
16,96,Medium,Yes,4,77,High,Yes,1,High,High,Public,Positive,2,No,High School,Near,Male,71,0.3488372093023256,False,False,True
16,80,Medium,Yes,8,98,High,Yes,2,Medium,High,Private,Positive,4,No,Postgraduate,Near,Male,71,0.3488372093023256,True,False,False
19,84,Medium,No,8,97,High,Yes,2,Medium,Medium,Public,Neutral,1,Yes,College,Near,Male,68,0.4186046511627907,False,False,True
15,88,High,Yes,6,95,Medium,Yes,2,Low,Medium,Public,Negative,4,No,High School,Near,Female,70,0.32558139534883723,True,False,False
25,93,Medium,Yes,10,60,Low,Yes,1,Medium,Medium,Public,Positive,3,No,College,Moderate,Male,70,0.5581395348837209,False,False,True
18,65,High,Yes,6,60,Low,Yes,0,Medium,High,Private,Neutral,3,No,High School,Moderate,Female,62,0.3953488372093023,False,False,True
3,92,Low,Yes,5,95,High,Yes,3,Medium,Medium,Public,Neutral,1,No,Postgraduate,Near,Female,67,0.046511627906976744,True,False,False
18,79,Medium,No,8,70,High,Yes,3,Medium,Medium,Public,Positive,3,No,College,Near,Female,68,0.3953488372093023,False,False,True
14,78,High,Yes,5,90,Medium,Yes,1,Medium,Medium,Public,Neutral,3,No,Postgraduate,Near,Female,68,0.3023255813953489,True,False,False
10,77,High,No,7,84,Low,Yes,2,Low,High,Private,Neutral,1,No,High School,Far,Male,64,0.20930232558139533,True,False,False
13,80,High,No,9,88,Medium,Yes,1,High,High,Public,Positive,3,No,Postgraduate,Near,Male,68,0.27906976744186046,False,False,True
21,98,High,Yes,8,51,Medium,Yes,0,Medium,Medium,Public,Neutral,3,No,High School,Near,Male,69,0.46511627906976744,False,True,False
28,82,High,No,7,71,Low,Yes,1,Medium,High,Public,Neutral,3,No,High School,Near,Male,70,0.627906976744186,False,False,True
22,98,Medium,Yes,6,93,Medium,Yes,4,Low,Medium,Public,Neutral,4,No,High School,Near,Female,73,0.48837209302325585,False,False,True
16,67,Medium,Yes,9,74,Medium,Yes,1,High,High,Public,Positive,3,No,Postgraduate,Moderate,Male,66,0.3488372093023256,True,False,False
23,89,Medium,No,5,85,Low,Yes,0,Low,Medium,Public,Positive,3,No,Postgraduate,Moderate,Male,68,0.5116279069767441,False,True,False
17,92,Medium,Yes,8,88,High,No,1,High,Medium,Public,Neutral,3,No,High School,Near,Female,68,0.37209302325581395,False,True,False
16,87,Medium,Yes,10,56,Low,Yes,2,Medium,High,Private,Neutral,0,No,Postgraduate,Moderate,Female,65,0.3488372093023256,False,True,False
13,84,Medium,Yes,8,58,High,Yes,2,Low,Low,Public,Neutral,3,No,Postgraduate,Near,Female,66,0.27906976744186046,False,False,True
9,83,Low,Yes,7,86,Medium,Yes,0,Low,Medium,Public,Negative,1,No,College,Far,Female,62,0.18604651162790697,True,False,False
18,94,Low,Yes,7,53,Low,Yes,3,Medium,High,Private,Neutral,2,No,High School,Near,Female,67,0.3953488372093023,False,True,False
21,93,High,Yes,6,67,High,Yes,1,Medium,High,Public,Positive,3,No,Postgraduate,Near,Female,73,0.46511627906976744,False,False,True
19,65,Low,Yes,6,96,Medium,Yes,2,Medium,High,Private,Neutral,2,No,Postgraduate,Near,Male,65,0.4186046511627907,False,False,True
18,94,Low,No,7,79,High,Yes,2,High,Medium,Private,Neutral,4,No,High School,Near,Female,70,0.3953488372093023,True,False,False
14,77,Medium,Yes,8,96,Medium,Yes,3,Medium,Medium,Public,Neutral,2,No,Postgraduate,Near,Male,68,0.3023255813953489,True,False,False
24,70,Medium,Yes,9,65,Medium,Yes,3,Medium,Low,Private,Positive,3,No,High School,Moderate,Male,67,0.5348837209302325,True,False,False
12,95,Medium,Yes,4,82,High,Yes,2,Low,Medium,Public,Negative,3,No,High School,Moderate,Male,66,0.2558139534883721,False,True,False
25,77,Low,No,4,64,Low,Yes,3,Low,Medium,Public,Neutral,4,Yes,College,Near,Female,65,0.5581395348837209,False,False,True
14,92,Low,Yes,9,56,Low,Yes,1,Medium,Medium,Public,Neutral,4,No,High School,Moderate,Female,66,0.3023255813953489,True,False,False
15,71,High,No,7,100,Low,Yes,2,Low,Low,Public,Neutral,4,No,High School,Near,Male,66,0.32558139534883723,True,False,False
11,60,High,No,7,59,High,Yes,2,Low,Medium,Public,Positive,1,No,College,Moderate,Male,60,0.23255813953488375,False,False,True
17,80,Low,Yes,8,59,Medium,Yes,0,High,High,Public,Negative,4,No,College,Near,Female,66,0.37209302325581395,True,False,False
26,64,Medium,Yes,7,92,Low,Yes,2,Low,High,Private,Positive,4,No,College,Moderate,Female,68,0.5813953488372092,True,False,False
23,90,Medium,Yes,10,90,Low,Yes,3,Low,Medium,Public,Positive,5,No,High School,Near,Male,72,0.5116279069767441,False,False,True
26,71,High,No,8,99,Medium,No,1,Medium,Medium,Public,Positive,3,No,College,Near,Male,68,0.5813953488372092,False,True,False
23,78,Medium,Yes,6,54,High,Yes,0,Low,Medium,Public,Neutral,3,No,Postgraduate,Near,Female,67,0.5116279069767441,False,False,True
13,63,Medium,No,6,55,High,Yes,0,Medium,Low,Public,Positive,4,No,Postgraduate,Near,Male,62,0.27906976744186046,True,False,False
18,71,Medium,No,7,72,High,Yes,0,High,High,Public,Positive,5,No,College,Moderate,Female,66,0.3953488372093023,False,False,True
15,91,Medium,No,6,80,Medium,Yes,0,Low,Medium,Private,Positive,3,No,Postgraduate,Near,Male,69,0.32558139534883723,True,False,False
28,66,Medium,No,10,52,Low,Yes,0,Low,High,Public,Positive,3,No,High School,Near,Male,64,0.627906976744186,False,False,True
13,86,Medium,No,7,58,Medium,No,0,Medium,Medium,Private,Positive,3,No,High School,Near,Male,63,0.27906976744186046,False,True,False
25,97,High,Yes,5,85,Medium,Yes,2,High,Medium,Public,Positive,2,No,High School,Near,Male,74,0.5581395348837209,False,True,False
25,87,Medium,Yes,8,83,Medium,Yes,0,Medium,High,Private,Positive,4,No,College,Moderate,Male,72,0.5581395348837209,True,False,False
31,92,Medium,Yes,9,54,Medium,No,1,Low,Medium,Private,Positive,3,No,College,Near,Male,71,0.6976744186046511,False,False,True
18,64,High,Yes,9,97,Medium,Yes,2,Medium,Medium,Public,Negative,3,No,High School,Moderate,Female,64,0.3953488372093023,False,True,False
24,70,High,No,6,63,Low,No,0,Low,Medium,Public,Neutral,3,No,High School,Near,Male,65,0.5348837209302325,True,False,False
34,96,Medium,Yes,5,94,High,Yes,1,Medium,High,Public,Negative,5,Yes,High School,Moderate,Female,75,0.7674418604651162,False,False,True
16,89,Medium,No,9,96,Medium,Yes,2,Medium,Low,Public,Positive,3,No,College,Far,Male,69,0.3488372093023256,True,False,False
11,86,Medium,No,5,75,Medium,Yes,1,Medium,Low,Public,Neutral,4,No,Postgraduate,Moderate,Female,65,0.23255813953488375,False,False,True
9,87,Low,No,8,71,Low,No,0,Low,High,Public,Neutral,1,No,College,Moderate,Male,60,0.18604651162790697,False,True,False
24,77,Medium,Yes,6,64,Medium,Yes,2,High,Medium,Public,Positive,4,No,High School,Near,Male,69,0.5348837209302325,False,False,True
9,62,High,Yes,9,90,High,Yes,4,High,Medium,Public,Neutral,4,No,College,Far,Male,65,0.18604651162790697,True,False,False
18,91,Medium,Yes,5,60,Low,Yes,0,High,High,Private,Positive,4,No,High School,Moderate,Male,67,0.3953488372093023,False,True,False
23,87,Low,No,6,81,Low,Yes,5,Medium,High,Private,Neutral,2,No,High School,Far,Female,70,0.5116279069767441,True,False,False
21,79,Low,Yes,8,78,Low,Yes,1,Low,High,Public,Positive,4,No,College,Moderate,Female,66,0.46511627906976744,False,False,True
23,96,Medium,Yes,8,62,Medium,Yes,0,Low,High,Public,Neutral,4,No,High School,Moderate,Female,69,0.5116279069767441,False,False,True
21,73,Medium,Yes,9,99,Medium,Yes,2,Medium,High,Public,Neutral,3,No,Postgraduate,Near,Male,69,0.46511627906976744,False,False,True
28,72,Medium,Yes,8,92,Low,Yes,1,Medium,Medium,Public,Negative,2,No,High School,Near,Female,68,0.627906976744186,True,False,False
14,95,Medium,Yes,8,51,Medium,Yes,5,Medium,Medium,Private,Positive,4,No,College,Near,Female,70,0.3023255813953489,False,False,True
16,92,Low,No,9,71,High,Yes,2,Low,Medium,Private,Neutral,2,No,High School,Moderate,Female,66,0.3488372093023256,False,False,True
15,81,Medium,No,5,68,Low,No,0,Medium,High,Public,Positive,3,No,High School,Near,Female,65,0.32558139534883723,True,False,False
25,65,Medium,No,6,94,Medium,Yes,1,Low,High,Public,Negative,4,No,College,Near,Male,65,0.5581395348837209,False,True,False
25,69,Medium,Yes,5,63,Medium,Yes,1,High,Medium,Private,Neutral,2,No,High School,Near,Male,65,0.5581395348837209,False,True,False
23,86,Medium,Yes,4,100,Medium,Yes,0,Low,High,Public,Negative,3,No,Postgraduate,Near,Male,69,0.5116279069767441,False,True,False
27,75,Medium,No,8,60,Medium,Yes,4,Medium,Medium,Public,Positive,2,No,Postgraduate,Moderate,Female,69,0.6046511627906976,False,False,True
13,93,High,No,9,62,Low,Yes,0,Low,Medium,Private,Neutral,3,No,High School,Moderate,Male,65,0.27906976744186046,False,False,True
30,98,High,Yes,8,83,High,No,1,Low,High,Public,Neutral,3,No,High School,Near,Female,76,0.6744186046511628,True,False,False
29,92,High,No,8,58,Low,Yes,2,Medium,Low,Private,Neutral,3,No,College,Near,Male,72,0.6511627906976744,False,False,True
24,75,Low,No,7,94,Medium,Yes,2,Medium,High,Public,Negative,4,No,High School,Near,Male,67,0.5348837209302325,False,False,True
31,92,Medium,Yes,7,55,Medium,Yes,3,Low,High,Public,Positive,3,No,High School,Near,Male,74,0.6976744186046511,True,False,False
10,74,Medium,Yes,10,99,High,Yes,2,Medium,High,Public,Neutral,3,No,College,Near,Male,66,0.20930232558139533,False,False,True
17,67,High,Yes,9,94,Medium,Yes,2,Low,Low,Private,Positive,3,No,High School,Near,Female,66,0.37209302325581395,True,False,False
16,61,High,No,6,92,High,Yes,4,High,High,Public,Neutral,3,No,High School,Near,Male,66,0.3488372093023256,False,False,True
24,75,High,Yes,9,70,High,Yes,5,High,High,Public,Negative,5,No,College,Near,Female,71,0.5348837209302325,False,True,False
14,96,Low,No,9,76,Medium,Yes,0,Low,High,Public,Neutral,3,No,High School,Moderate,Male,66,0.3023255813953489,False,False,True
25,70,High,No,8,73,High,Yes,1,Low,Low,Public,Negative,2,No,Postgraduate,Near,Male,65,0.5581395348837209,False,True,False
28,68,High,Yes,8,99,Medium,Yes,1,High,Medium,Public,Neutral,3,No,High School,Near,Female,69,0.627906976744186,False,True,False
24,99,Low,Yes,8,52,Low,Yes,1,Low,High,Public,Negative,2,No,High School,Near,Male,69,0.5348837209302325,False,False,True
22,61,Medium,Yes,5,69,Low,Yes,2,Low,High,Public,Neutral,2,No,High School,Far,Female,63,0.48837209302325585,False,False,True
14,91,Medium,No,5,98,High,Yes,0,High,High,Public,Neutral,3,No,High School,Near,Female,68,0.3023255813953489,False,True,False
15,73,Medium,No,8,68,Medium,Yes,1,High,Medium,Public,Neutral,3,No,High School,Near,Female,64,0.32558139534883723,False,False,True
27,61,Medium,No,5,70,Medium,Yes,2,Low,Low,Public,Neutral,2,No,College,Near,Male,64,0.6046511627906976,False,False,True
25,97,High,Yes,5,82,High,Yes,1,Low,High,Public,Negative,5,No,College,Moderate,Male,73,0.5581395348837209,False,False,True
20,66,High,Yes,4,95,High,Yes,2,High,Medium,Public,Neutral,2,No,High School,Moderate,Female,66,0.4418604651162791,False,True,False
17,82,High,No,6,65,Low,Yes,4,Low,Medium,Private,Positive,3,No,High School,Moderate,Female,67,0.37209302325581395,False,False,True
8,71,Medium,Yes,8,97,Medium,Yes,3,Medium,Medium,Private,Neutral,1,Yes,High School,Near,Female,63,0.16279069767441862,True,False,False
14,63,Medium,Yes,8,64,High,Yes,1,Low,Medium,Public,Neutral,3,No,High School,Moderate,Male,61,0.3023255813953489,False,False,True
31,62,Medium,Yes,8,91,High,Yes,4,High,High,Public,Positive,4,No,High School,Moderate,Male,71,0.6976744186046511,False,False,True
12,65,Medium,Yes,6,64,Medium,Yes,1,Medium,Medium,Public,Positive,3,No,College,Near,Female,61,0.2558139534883721,False,True,False
21,63,Low,Yes,7,54,Low,Yes,1,Medium,Medium,Private,Positive,3,No,College,Moderate,Female,62,0.46511627906976744,False,False,True
26,90,High,Yes,8,91,Medium,Yes,1,High,High,Private,Neutral,4,Yes,High School,Near,Male,74,0.5813953488372092,True,False,False
12,79,Medium,No,8,73,Medium,Yes,2,Medium,Medium,Private,Neutral,4,No,High School,Near,Male,65,0.2558139534883721,False,False,True
21,74,Low,Yes,6,70,Low,Yes,2,Low,High,Public,Positive,3,No,High School,Moderate,Female,64,0.46511627906976744,False,True,False
26,77,Low,No,7,71,Medium,Yes,1,Medium,High,Public,Neutral,4,No,Postgraduate,Moderate,Male,66,0.5813953488372092,False,True,False
20,97,High,Yes,4,81,Medium,Yes,1,Medium,Medium,Public,Positive,2,Yes,High School,Near,Male,72,0.4418604651162791,True,False,False
37,96,Medium,Yes,7,63,Medium,Yes,0,Medium,High,Private,Positive,4,No,High School,Near,Male,76,0.8372093023255813,True,False,False
10,89,Medium,Yes,6,62,Medium,Yes,4,Low,Medium,Public,Positive,3,No,Postgraduate,Moderate,Male,67,0.20930232558139533,False,False,True
26,95,High,No,9,74,Low,Yes,3,Low,Medium,Private,Neutral,3,Yes,High School,Near,Female,71,0.5813953488372092,False,False,True
19,73,Medium,No,6,52,Medium,Yes,1,Medium,Medium,Public,Positive,3,No,High School,Near,Male,65,0.4186046511627907,True,False,False
25,75,Low,Yes,7,82,Medium,Yes,3,Medium,High,Private,Negative,4,No,Postgraduate,Near,Male,68,0.5581395348837209,False,True,False
23,85,Medium,Yes,6,91,Low,Yes,1,Low,High,Public,Neutral,3,No,High School,Far,Male,68,0.5116279069767441,False,False,True
16,85,Low,Yes,6,86,Low,Yes,3,High,High,Private,Neutral,2,No,High School,Far,Male,67,0.3488372093023256,True,False,False
21,79,Low,No,8,73,Medium,Yes,1,Low,Low,Public,Neutral,2,No,High School,Near,Female,64,0.46511627906976744,False,False,True
9,76,High,No,6,78,Low,No,0,Medium,Medium,Public,Negative,4,Yes,Postgraduate,Near,Male,60,0.18604651162790697,False,True,False
24,99,Medium,No,10,51,Low,Yes,1,Low,Medium,Public,Neutral,3,No,High School,Near,Male,70,0.5348837209302325,False,False,True
22,93,Medium,Yes,4,96,High,Yes,1,High,Low,Private,Positive,2,No,College,Near,Male,73,0.48837209302325585,True,False,False
24,77,Medium,Yes,8,78,Low,Yes,2,High,High,Private,Positive,3,No,High School,Moderate,Male,69,0.5348837209302325,False,False,True
26,89,Medium,No,7,66,Medium,Yes,0,Low,Medium,Public,Neutral,5,Yes,College,Near,Male,70,0.5813953488372092,True,False,False
22,71,Medium,No,7,65,Low,Yes,1,Low,Medium,Public,Neutral,3,No,College,Near,Male,64,0.48837209302325585,False,False,True
21,64,Low,Yes,7,83,High,Yes,2,Low,Low,Public,Neutral,3,No,High School,Moderate,Female,64,0.46511627906976744,True,False,False
15,74,Medium,Yes,8,79,Medium,Yes,0,High,Medium,Public,Negative,3,No,College,Near,Male,65,0.32558139534883723,True,False,False
16,76,Medium,No,7,59,Low,Yes,0,Low,Medium,Public,Neutral,2,No,College,Near,Female,62,0.3488372093023256,False,False,True
27,61,Medium,Yes,9,70,Medium,Yes,0,Medium,Medium,Public,Neutral,2,No,High School,Near,Male,64,0.6046511627906976,False,False,True
29,93,Medium,Yes,7,84,Medium,Yes,0,High,Medium,Public,Neutral,3,No,College,Moderate,Male,72,0.6511627906976744,False,False,True
19,74,Low,Yes,5,65,High,No,1,Low,High,Public,Positive,3,No,High School,Near,Male,64,0.4186046511627907,False,False,True
20,83,Medium,Yes,7,75,Medium,Yes,0,Medium,Medium,Public,Neutral,4,No,High School,Near,Female,67,0.4418604651162791,False,False,True
15,63,High,Yes,9,63,Low,No,4,High,High,Private,Negative,3,No,College,Near,Male,64,0.32558139534883723,True,False,False
27,67,Medium,No,6,54,Medium,Yes,0,Medium,Low,Private,Negative,2,No,High School,Far,Male,61,0.6046511627906976,False,True,False
24,96,High,Yes,5,69,Medium,Yes,1,Low,Medium,Public,Positive,4,No,High School,Near,Male,72,0.5348837209302325,False,False,True
32,84,Medium,Yes,8,87,Medium,No,2,Medium,Medium,Public,Positive,1,No,High School,Far,Male,70,0.7209302325581395,False,False,True
15,98,High,No,8,61,Medium,Yes,4,Low,Medium,Public,Positive,2,No,High School,Moderate,Female,70,0.32558139534883723,False,False,True
18,100,Medium,No,6,88,Medium,Yes,2,Medium,Medium,Public,Neutral,2,No,College,Moderate,Male,71,0.3953488372093023,False,False,True
21,75,High,No,7,83,Low,Yes,1,Medium,Medium,Public,Positive,2,No,College,Near,Female,68,0.46511627906976744,True,False,False
24,72,Medium,No,7,75,Medium,Yes,3,High,Medium,Private,Neutral,2,No,College,Near,Female,68,0.5348837209302325,False,False,True
19,94,High,No,7,99,Medium,Yes,0,Low,Medium,Public,Neutral,1,Yes,High School,Near,Male,70,0.4186046511627907,True,False,False
15,100,High,No,8,94,High,Yes,2,Medium,High,Public,Negative,3,No,College,Near,Male,73,0.32558139534883723,True,False,False
25,85,Medium,No,6,78,Low,Yes,2,Medium,High,Public,Neutral,1,No,High School,Far,Female,69,0.5581395348837209,True,False,False
24,92,High,No,8,78,High,Yes,0,Medium,Medium,Public,Neutral,3,No,High School,Near,Male,71,0.5348837209302325,False,False,True
15,91,Medium,No,6,64,Low,Yes,1,Low,High,Public,Positive,3,Yes,High School,Near,Male,64,0.32558139534883723,False,True,False
28,74,Medium,No,9,96,Low,Yes,0,Medium,Medium,Private,Neutral,3,No,High School,Near,Female,68,0.627906976744186,False,False,True
27,83,Medium,No,10,95,Medium,Yes,0,High,Low,Private,Neutral,4,No,High School,Moderate,Female,69,0.6046511627906976,False,False,True
21,93,Low,No,6,87,Medium,Yes,1,Low,High,Public,Positive,2,No,High School,Near,Female,70,0.46511627906976744,True,False,False
20,88,Medium,No,5,56,Medium,Yes,1,Low,Medium,Public,Neutral,4,No,High School,Near,Female,67,0.4418604651162791,False,False,True
23,61,High,Yes,8,85,Medium,Yes,1,Medium,High,Private,Positive,0,No,High School,Near,Male,66,0.5116279069767441,False,False,True
15,73,High,No,7,63,Medium,Yes,2,Medium,Medium,Public,Neutral,5,No,Postgraduate,Moderate,Male,65,0.32558139534883723,False,False,True
20,66,High,Yes,8,59,Low,Yes,4,Medium,Medium,Public,Positive,3,No,College,Near,Male,66,0.4418604651162791,False,False,True
7,69,Medium,Yes,6,88,Medium,Yes,0,Low,High,Private,Negative,4,No,Postgraduate,Near,Female,61,0.13953488372093026,False,True,False
25,96,Medium,No,7,98,Medium,Yes,0,Low,Medium,Public,Positive,2,No,High School,Near,Female,71,0.5581395348837209,False,True,False
11,61,Low,Yes,6,55,Medium,Yes,5,High,Low,Public,Neutral,3,No,High School,Far,Male,60,0.23255813953488375,True,False,False
29,69,Medium,Yes,7,58,Medium,Yes,1,Low,Low,Public,Positive,2,No,College,Near,Male,66,0.6511627906976744,False,False,True
18,72,Low,Yes,5,61,Low,Yes,1,Medium,Medium,Private,Negative,4,No,College,Moderate,Male,61,0.3953488372093023,False,True,False
19,85,Medium,Yes,7,98,High,Yes,2,Medium,Medium,Public,Negative,3,Yes,High School,Moderate,Female,68,0.4186046511627907,False,False,True
16,81,High,Yes,5,85,High,No,2,Low,Medium,Public,Positive,3,No,College,Near,Male,68,0.3488372093023256,False,False,True
18,69,Medium,Yes,6,84,Medium,Yes,2,Low,Medium,Public,Positive,4,No,High School,Near,Male,65,0.3953488372093023,False,False,True
29,67,Low,No,7,75,Medium,No,3,Low,Medium,Public,Neutral,1,No,High School,Near,Female,65,0.6511627906976744,True,False,False
5,69,Medium,Yes,8,77,Medium,No,2,Low,High,Public,Negative,2,No,College,Near,Female,60,0.09302325581395349,False,False,True
28,80,Medium,No,8,65,Low,Yes,2,Low,Medium,Private,Neutral,2,No,College,Near,Male,67,0.627906976744186,False,True,False
22,71,Medium,No,8,58,Medium,No,2,Low,Medium,Public,Negative,4,No,College,Near,Female,65,0.48837209302325585,True,False,False
13,98,Medium,Yes,5,89,High,Yes,1,High,Medium,Public,Negative,3,No,High School,Near,Male,70,0.27906976744186046,True,False,False
14,79,Medium,No,9,74,Medium,Yes,1,Medium,Medium,Public,Neutral,4,No,High School,Near,Male,64,0.3023255813953489,False,False,True
30,62,High,Yes,6,63,Medium,Yes,2,Low,High,Public,Positive,4,No,High School,Moderate,Male,68,0.6744186046511628,False,False,True
14,89,Medium,No,6,82,High,Yes,2,Medium,Medium,Public,Negative,4,No,College,Moderate,Female,69,0.3023255813953489,True,False,False
13,73,High,Yes,7,60,High,Yes,0,High,High,Public,Neutral,3,No,College,Near,Female,65,0.27906976744186046,False,False,True
27,86,Medium,No,6,74,Medium,Yes,2,High,High,Private,Neutral,3,No,High School,Near,Male,71,0.6046511627906976,False,False,True
22,71,Medium,Yes,8,60,Low,Yes,1,Medium,High,Public,Neutral,4,No,High School,Moderate,Female,65,0.48837209302325585,False,False,True
14,83,High,Yes,8,88,Low,Yes,0,High,Medium,Public,Negative,2,Yes,High School,Moderate,Male,65,0.3023255813953489,False,False,True
21,91,Medium,Yes,6,66,High,Yes,0,Medium,Medium,Public,Positive,2,Yes,College,Far,Female,68,0.46511627906976744,False,False,True
14,97,Low,No,7,72,High,Yes,1,Low,Low,Public,Neutral,3,No,High School,Near,Female,66,0.3023255813953489,False,False,True
27,70,Low,Yes,7,88,Medium,No,1,High,Medium,Public,Neutral,3,No,High School,Near,Male,65,0.6046511627906976,False,True,False
26,73,High,Yes,8,83,Low,Yes,2,Medium,Medium,Public,Positive,4,No,College,Near,Male,71,0.5813953488372092,True,False,False
23,79,Medium,Yes,6,70,Medium,Yes,3,Medium,High,Public,Negative,4,No,Postgraduate,Moderate,Female,68,0.5116279069767441,False,True,False
22,97,Medium,Yes,6,54,Medium,No,2,High,Medium,Public,Neutral,2,No,College,Near,Male,70,0.48837209302325585,False,False,True
31,96,Low,No,5,96,Low,Yes,3,Low,High,Private,Neutral,2,No,College,Near,Female,74,0.6976744186046511,False,False,True
20,64,Low,Yes,6,50,High,Yes,0,Low,Medium,Private,Neutral,2,No,High School,Near,Male,62,0.4418604651162791,True,False,False
13,65,High,No,5,87,Low,Yes,1,Medium,Medium,Public,Positive,2,Yes,High School,Moderate,Female,61,0.27906976744186046,False,False,True
23,80,High,Yes,6,97,Medium,Yes,0,Medium,Medium,Private,Neutral,3,No,High School,Near,Male,70,0.5116279069767441,True,False,False
33,64,Medium,Yes,9,65,Medium,Yes,0,Medium,Medium,Public,Negative,2,No,College,Moderate,Male,65,0.7441860465116279,False,True,False
14,74,Medium,Yes,8,54,High,Yes,2,Low,Low,Public,Neutral,2,No,High School,Moderate,Male,62,0.3023255813953489,False,False,True
18,66,High,No,9,62,Medium,Yes,2,High,Medium,Public,Neutral,4,No,High School,Moderate,Female,65,0.3953488372093023,True,False,False
22,85,Medium,No,6,66,Low,Yes,0,Low,Medium,Private,Positive,4,No,College,Near,Male,68,0.48837209302325585,True,False,False
20,98,High,Yes,4,73,Medium,Yes,2,Medium,Low,Private,Positive,1,No,High School,Far,Male,70,0.4418604651162791,False,False,True
14,100,Low,No,7,76,Low,Yes,1,Medium,Medium,Private,Neutral,3,No,Postgraduate,Near,Female,68,0.3023255813953489,False,False,True
27,75,Medium,No,10,86,Medium,No,3,Medium,Medium,Private,Positive,6,No,Postgraduate,Near,Female,69,0.6046511627906976,False,True,False
34,84,High,Yes,6,95,Medium,Yes,1,Low,Medium,Private,Neutral,3,No,Postgraduate,Far,Male,73,0.7674418604651162,False,False,True
21,94,Medium,Yes,7,73,Medium,Yes,1,Medium,Medium,Private,Positive,5,No,College,Near,Female,71,0.46511627906976744,False,False,True
15,65,High,Yes,5,87,Medium,Yes,0,Low,High,Private,Neutral,4,No,High School,Near,Female,63,0.32558139534883723,False,True,False
11,88,Medium,Yes,7,56,Low,Yes,2,Medium,Medium,Public,Neutral,2,No,College,Near,Male,66,0.23255813953488375,True,False,False
22,76,Low,Yes,7,66,Low,Yes,1,Low,High,Private,Positive,4,No,Postgraduate,Near,Male,67,0.48837209302325585,True,False,False
27,68,High,No,4,56,Medium,Yes,0,Low,High,Public,Neutral,1,No,High School,Near,Female,64,0.6046511627906976,False,True,False
23,76,Low,Yes,5,85,Medium,Yes,1,Medium,Low,Public,Neutral,3,No,High School,Near,Female,66,0.5116279069767441,False,False,True
20,63,High,Yes,5,95,Medium,Yes,2,High,High,Public,Positive,3,No,College,Near,Male,69,0.4418604651162791,True,False,False
16,88,High,Yes,5,94,High,Yes,4,Medium,Medium,Private,Positive,6,No,College,Moderate,Male,72,0.3488372093023256,False,False,True
13,70,High,Yes,6,66,Medium,Yes,1,Medium,Medium,Public,Negative,4,No,High School,Near,Male,63,0.27906976744186046,False,False,True
25,72,High,Yes,8,62,Medium,Yes,2,Low,Medium,Public,Positive,2,No,High School,Near,Female,67,0.5581395348837209,False,False,True
25,65,Medium,No,6,64,Medium,Yes,1,Medium,Medium,Private,Negative,4,No,College,Near,Male,64,0.5581395348837209,False,True,False
11,95,Medium,Yes,9,64,High,Yes,4,Low,Medium,Public,Positive,4,No,High School,Moderate,Male,68,0.23255813953488375,False,False,True
30,80,High,No,6,54,High,Yes,1,High,Medium,Public,Positive,3,No,High School,Moderate,Female,71,0.6744186046511628,True,False,False
23,83,Low,Yes,7,57,Medium,No,2,Medium,High,Public,Positive,4,No,High School,Moderate,Female,67,0.5116279069767441,False,False,True
28,83,Low,No,8,61,Medium,Yes,1,Low,Medium,Private,Negative,5,Yes,Postgraduate,Near,Male,67,0.627906976744186,False,False,True
12,76,Medium,Yes,9,50,Medium,Yes,2,Medium,High,Public,Negative,3,No,College,Near,Male,64,0.2558139534883721,False,False,True
12,68,Low,No,6,52,Low,Yes,5,High,High,Public,Neutral,3,No,College,Near,Male,63,0.2558139534883721,True,False,False
19,90,High,No,8,85,Medium,Yes,2,Medium,Medium,Public,Neutral,4,No,College,Near,Male,72,0.4186046511627907,True,False,False
23,65,Medium,Yes,6,81,Low,Yes,2,Low,Medium,Public,Neutral,2,No,High School,Near,Female,63,0.5116279069767441,False,True,False
31,64,Medium,No,10,97,Low,Yes,2,Medium,Medium,Private,Negative,4,No,High School,Far,Female,67,0.6976744186046511,True,False,False
24,88,Medium,Yes,5,70,Medium,No,1,Low,Medium,Private,Positive,2,No,Postgraduate,Near,Male,68,0.5348837209302325,False,True,False
19,68,High,Yes,8,72,High,Yes,2,Low,High,Private,Neutral,3,No,College,Far,Male,64,0.4186046511627907,False,True,False
14,72,High,No,9,53,Medium,Yes,4,Medium,Medium,Public,Negative,3,No,Postgraduate,Near,Male,65,0.3023255813953489,False,False,True
27,79,Low,Yes,5,58,High,Yes,2,Medium,Medium,Private,Neutral,1,No,Postgraduate,Far,Female,68,0.6046511627906976,False,False,True
14,78,High,Yes,8,85,Medium,Yes,2,Low,Medium,Private,Negative,4,No,High School,Near,Male,66,0.3023255813953489,False,False,True
30,88,Medium,Yes,6,62,High,Yes,4,Low,Medium,Private,Positive,5,No,College,Far,Female,73,0.6744186046511628,False,False,True
18,85,Medium,Yes,10,89,Medium,Yes,1,High,Medium,Private,Positive,3,No,High School,Near,Female,68,0.3953488372093023,False,True,False
30,86,High,No,4,85,High,Yes,2,Medium,Medium,Private,Neutral,5,Yes,Postgraduate,Far,Male,72,0.6744186046511628,False,False,True
24,89,Medium,Yes,5,87,Medium,No,3,High,Medium,Public,Neutral,0,No,High School,Near,Female,70,0.5348837209302325,False,False,True
19,72,Medium,Yes,5,85,High,Yes,1,Low,Medium,Private,Neutral,4,No,College,Near,Female,66,0.4186046511627907,False,False,True
17,73,Medium,Yes,5,85,High,Yes,3,Medium,Medium,Public,Positive,1,No,College,Near,Female,66,0.37209302325581395,False,True,False
18,78,Low,Yes,8,77,Medium,Yes,2,Medium,High,Private,Neutral,4,No,College,Near,Female,66,0.3953488372093023,False,True,False
23,72,Low,Yes,10,84,Low,Yes,2,Low,Medium,Public,Negative,2,No,High School,Moderate,Male,65,0.5116279069767441,True,False,False
20,99,Low,Yes,9,76,High,Yes,2,Low,Medium,Public,Neutral,5,No,College,Far,Male,71,0.4418604651162791,True,False,False
16,93,Medium,Yes,7,60,Medium,Yes,1,Medium,Medium,Public,Positive,1,No,High School,Moderate,Female,66,0.3488372093023256,False,True,False
19,67,Low,No,7,61,High,Yes,1,Medium,Medium,Private,Neutral,4,No,College,Moderate,Female,63,0.4186046511627907,False,False,True
20,60,Medium,Yes,6,70,Medium,Yes,2,Low,Medium,Public,Neutral,3,Yes,Postgraduate,Near,Female,63,0.4418604651162791,False,False,True
7,62,Medium,Yes,8,51,Low,Yes,0,Medium,Low,Public,Positive,3,No,College,Moderate,Male,58,0.13953488372093026,True,False,False
23,70,High,No,7,94,Low,Yes,3,Medium,High,Public,Neutral,3,No,High School,Near,Female,68,0.5116279069767441,False,False,True
14,65,Medium,No,7,63,Medium,Yes,2,Low,Medium,Public,Neutral,3,No,High School,Moderate,Male,61,0.3023255813953489,True,False,False
13,81,High,No,6,53,Low,Yes,2,Low,Medium,Public,Positive,4,No,High School,Near,Male,65,0.27906976744186046,False,False,True
10,94,Low,No,5,71,Medium,Yes,1,High,Medium,Public,Positive,3,No,High School,Moderate,Male,67,0.20930232558139533,True,False,False
9,89,High,Yes,7,91,Medium,Yes,1,High,Low,Public,Neutral,3,No,Postgraduate,Near,Male,67,0.18604651162790697,False,True,False
12,69,Low,No,7,70,Medium,Yes,1,Medium,Medium,Private,Positive,4,No,High School,Near,Male,62,0.2558139534883721,True,False,False
16,76,High,Yes,6,63,High,Yes,0,Low,Medium,Public,Positive,1,No,High School,Near,Female,86,0.3488372093023256,False,False,True
32,80,Medium,No,6,77,Low,Yes,0,Medium,Medium,Public,Neutral,5,No,College,Near,Male,71,0.7209302325581395,True,False,False
17,92,Medium,Yes,8,79,Medium,Yes,1,Low,Medium,Public,Positive,3,No,Postgraduate,Near,Male,70,0.37209302325581395,False,False,True
21,94,Medium,No,8,88,Medium,Yes,1,Medium,Medium,Public,Positive,3,No,College,Near,Male,71,0.46511627906976744,False,False,True
22,96,Low,No,10,90,High,Yes,2,Low,Medium,Public,Neutral,3,Yes,College,Moderate,Male,71,0.48837209302325585,True,False,False
21,80,High,Yes,9,85,Low,Yes,1,High,Medium,Public,Negative,3,No,College,Near,Female,70,0.46511627906976744,True,False,False
20,88,High,Yes,5,50,Medium,No,2,Low,Medium,Public,Neutral,5,No,High School,Moderate,Male,67,0.4418604651162791,False,False,True
13,64,Low,Yes,7,50,High,Yes,0,Medium,Low,Public,Positive,4,No,High School,Near,Male,60,0.27906976744186046,False,False,True
29,83,High,No,5,99,Medium,Yes,0,Medium,High,Public,Neutral,4,No,College,Near,Female,73,0.6511627906976744,True,False,False
31,70,Low,Yes,4,63,High,Yes,1,Medium,Medium,Public,Neutral,2,Yes,High School,Near,Female,67,0.6976744186046511,True,False,False
10,77,High,Yes,10,64,High,Yes,1,Low,Medium,Private,Negative,3,Yes,College,Near,Female,62,0.20930232558139533,False,True,False
14,85,High,No,9,87,High,Yes,0,Medium,Medium,Public,Negative,3,No,College,Near,Female,67,0.3023255813953489,False,False,True
18,70,Low,No,6,79,Medium,Yes,1,Medium,High,Public,Positive,2,No,College,Near,Female,65,0.3953488372093023,True,False,False
14,62,Medium,No,9,73,Medium,Yes,1,Low,Medium,Public,Neutral,6,No,High School,Near,Male,61,0.3023255813953489,False,False,True
23,60,Medium,Yes,9,56,Low,No,0,Low,Medium,Private,Negative,4,No,High School,Moderate,Female,61,0.5116279069767441,True,False,False
16,61,Medium,No,4,54,Low,Yes,1,Low,Medium,Private,Neutral,2,No,High School,Near,Female,60,0.3488372093023256,True,False,False
33,60,High,No,8,85,Low,Yes,4,Low,Low,Public,Negative,3,No,High School,Near,Male,68,0.7441860465116279,True,False,False
27,64,Medium,Yes,6,56,Low,Yes,0,Low,High,Public,Neutral,5,No,College,Moderate,Female,65,0.6046511627906976,True,False,False
21,70,High,Yes,8,72,Low,Yes,3,Medium,Low,Public,Neutral,1,No,Postgraduate,Moderate,Female,67,0.46511627906976744,True,False,False
26,69,Low,No,10,87,Low,Yes,2,Medium,Low,Public,Positive,2,No,Postgraduate,Near,Male,67,0.5813953488372092,True,False,False
27,99,Medium,No,9,96,Low,Yes,0,High,Medium,Private,Positive,2,No,College,Moderate,Male,74,0.6046511627906976,True,False,False
17,72,Medium,No,7,94,Low,Yes,4,Medium,Medium,Public,Positive,2,No,High School,Far,Female,64,0.37209302325581395,False,True,False
15,65,High,Yes,9,93,Low,Yes,2,Low,Low,Private,Neutral,3,No,College,Near,Male,64,0.32558139534883723,False,False,True
20,82,Low,Yes,4,68,Medium,Yes,2,Low,High,Public,Neutral,3,No,High School,Near,Male,67,0.4418604651162791,False,False,True
25,94,High,No,8,96,High,Yes,6,Medium,Medium,Public,Negative,3,Yes,High School,Far,Female,74,0.5581395348837209,True,False,False
21,87,Medium,Yes,8,84,High,Yes,1,Low,Low,Private,Positive,2,No,College,Near,Male,69,0.46511627906976744,False,False,True
11,72,Medium,No,8,94,High,Yes,1,Low,Low,Public,Positive,2,No,High School,Near,Male,62,0.23255813953488375,False,True,False
15,82,Medium,Yes,6,54,Medium,Yes,1,Medium,Medium,Public,Positive,2,No,College,Near,Female,66,0.32558139534883723,False,False,True
20,89,High,Yes,8,52,Low,Yes,2,Medium,Medium,Public,Negative,3,No,College,Moderate,Female,69,0.4418604651162791,True,False,False
20,89,Medium,Yes,8,71,Medium,Yes,1,Medium,Medium,Public,Negative,1,No,Postgraduate,Far,Male,68,0.4418604651162791,True,False,False
32,87,Medium,Yes,4,91,Medium,Yes,2,High,Medium,Public,Neutral,2,No,High School,Moderate,Female,74,0.7209302325581395,True,False,False
12,95,Medium,No,7,70,Medium,Yes,4,Medium,High,Public,Positive,3,No,High School,Far,Male,68,0.2558139534883721,False,False,True
23,95,Medium,Yes,6,94,High,Yes,2,Medium,Medium,Public,Neutral,3,No,High School,Near,Male,73,0.5116279069767441,False,False,True
29,83,Low,No,8,62,Low,Yes,4,High,Medium,Public,Negative,5,No,College,Near,Male,70,0.6511627906976744,False,False,True
34,77,High,No,9,52,Medium,Yes,0,Medium,Medium,Private,Neutral,4,No,High School,Moderate,Female,69,0.7674418604651162,False,False,True
18,86,Medium,Yes,6,88,Medium,Yes,2,Medium,High,Public,Neutral,2,No,College,Far,Male,68,0.3953488372093023,False,False,True
23,93,High,No,5,81,High,Yes,2,Low,Medium,Private,Negative,1,No,College,Near,Male,71,0.5116279069767441,False,False,True
23,60,Medium,No,7,72,Low,Yes,3,High,Medium,Public,Neutral,2,No,College,Near,Female,64,0.5116279069767441,False,True,False
21,100,Medium,No,5,92,Low,Yes,3,Low,Low,Public,Positive,3,Yes,Postgraduate,Near,Male,71,0.46511627906976744,False,False,True
19,67,Medium,No,7,91,Medium,Yes,1,Low,High,Public,Neutral,3,No,High School,Near,Female,65,0.4186046511627907,False,False,True
23,79,Medium,Yes,7,66,High,Yes,1,High,Medium,Private,Positive,3,No,Postgraduate,Near,Male,68,0.5116279069767441,False,True,False
5,95,High,Yes,8,92,Low,Yes,1,Low,High,Private,Neutral,2,No,College,Near,Female,67,0.09302325581395349,False,False,True
24,69,High,Yes,7,67,Medium,Yes,2,Medium,High,Public,Negative,4,No,Postgraduate,Far,Male,67,0.5348837209302325,False,False,True
21,79,Low,Yes,7,81,Low,Yes,2,Medium,Medium,Public,Neutral,4,No,High School,Near,Male,67,0.46511627906976744,False,False,True
19,65,High,Yes,9,60,Low,Yes,1,Low,Medium,Public,Neutral,3,No,Postgraduate,Moderate,Male,63,0.4186046511627907,False,False,True
32,76,Medium,No,7,63,Medium,Yes,0,Medium,Low,Public,Positive,3,No,High School,Near,Female,68,0.7209302325581395,False,False,True
16,67,High,Yes,6,72,Medium,Yes,1,Low,High,Public,Positive,3,No,Postgraduate,Near,Female,66,0.3488372093023256,True,False,False
18,75,Medium,Yes,7,66,High,Yes,1,High,High,Public,Positive,4,No,High School,Near,Male,67,0.3953488372093023,False,False,True
32,75,Low,Yes,6,56,Medium,Yes,3,Medium,Medium,Public,Neutral,2,No,College,Moderate,Female,68,0.7209302325581395,False,False,True
15,100,Medium,Yes,5,74,Medium,Yes,2,High,Medium,Private,Neutral,3,No,Postgraduate,Near,Male,72,0.32558139534883723,True,False,False
17,100,Medium,No,5,76,Low,Yes,3,Low,High,Private,Neutral,3,No,Postgraduate,Moderate,Female,70,0.37209302325581395,False,False,True
19,65,High,No,9,58,Low,Yes,3,Medium,Medium,Public,Negative,4,No,High School,Moderate,Female,62,0.4186046511627907,False,True,False
25,89,Low,Yes,6,59,Medium,Yes,2,Low,Medium,Public,Neutral,2,No,College,Near,Female,69,0.5581395348837209,False,False,True
21,62,Low,Yes,7,51,Low,Yes,0,Low,Medium,Private,Positive,4,No,High School,Near,Female,61,0.46511627906976744,False,False,True
12,61,Low,Yes,7,52,Low,Yes,2,Low,Medium,Public,Positive,2,No,High School,Moderate,Female,58,0.2558139534883721,False,False,True
17,64,Medium,No,7,68,Medium,Yes,5,Medium,Medium,Private,Neutral,3,No,High School,Near,Male,63,0.37209302325581395,False,True,False
16,99,Medium,No,9,57,High,No,4,Medium,Medium,Public,Positive,3,No,College,Near,Female,71,0.3488372093023256,True,False,False
20,98,Medium,Yes,7,96,Low,No,1,Low,High,Public,Positive,3,No,College,Near,Female,70,0.4418604651162791,False,True,False
23,68,Medium,No,6,60,Medium,Yes,1,Low,Medium,Public,Neutral,3,No,High School,Near,Female,64,0.5116279069767441,True,False,False
23,66,Low,No,6,53,Low,Yes,2,Medium,Medium,Public,Positive,1,No,College,Far,Male,63,0.5116279069767441,True,False,False
9,70,Medium,Yes,8,70,Low,Yes,1,Medium,Medium,Public,Positive,3,No,College,Near,Male,63,0.18604651162790697,True,False,False
26,81,Low,No,8,60,High,Yes,2,Low,High,Public,Positive,5,No,Postgraduate,Near,Female,71,0.5813953488372092,True,False,False
22,83,High,Yes,8,53,Medium,No,0,Low,Low,Public,Negative,2,No,Postgraduate,Near,Female,65,0.48837209302325585,False,True,False
28,69,High,No,7,88,Low,Yes,2,Low,Medium,Public,Neutral,2,No,High School,Moderate,Male,68,0.627906976744186,True,False,False
23,90,High,Yes,5,78,High,No,1,Medium,Medium,Private,Neutral,3,No,High School,Moderate,Male,70,0.5116279069767441,False,False,True
27,72,High,Yes,8,53,Medium,Yes,3,Medium,Low,Public,Neutral,3,No,High School,Far,Female,68,0.6046511627906976,True,False,False
23,97,High,No,7,73,Medium,No,3,Low,Medium,Private,Negative,1,No,High School,Moderate,Male,69,0.5116279069767441,False,False,True
28,86,Medium,Yes,7,52,Medium,Yes,0,Medium,Medium,Public,Positive,5,No,College,Near,Male,70,0.627906976744186,False,False,True
23,77,Medium,No,5,68,Low,Yes,0,High,High,Private,Positive,3,Yes,High School,Near,Male,67,0.5116279069767441,True,False,False
19,92,High,Yes,6,68,Medium,Yes,2,Medium,Medium,Public,Neutral,2,No,High School,Near,Female,69,0.4186046511627907,False,True,False
34,93,Medium,No,6,91,Low,Yes,2,High,Medium,Public,Neutral,3,No,High School,Moderate,Female,73,0.7674418604651162,False,True,False
25,72,Medium,Yes,8,87,Low,Yes,3,Medium,Low,Public,Positive,3,No,Postgraduate,Moderate,Male,68,0.5581395348837209,False,False,True
23,74,Medium,No,8,95,Medium,Yes,2,Low,Medium,Public,Negative,2,No,College,Far,Female,67,0.5116279069767441,True,False,False
12,97,High,Yes,7,57,Low,Yes,0,Low,Medium,Private,Positive,4,No,College,Moderate,Female,67,0.2558139534883721,False,False,True
12,67,High,Yes,8,77,Medium,Yes,2,Low,High,Private,Positive,3,No,College,Near,Male,64,0.2558139534883721,False,False,True
22,62,Medium,No,9,51,Medium,Yes,2,Low,Medium,Public,Neutral,2,No,High School,Near,Male,63,0.48837209302325585,True,False,False
21,78,High,No,8,91,Medium,No,1,Medium,Low,Private,Negative,5,No,Postgraduate,Near,Female,67,0.46511627906976744,False,True,False
16,92,High,Yes,8,68,Medium,Yes,1,Medium,High,Public,Positive,2,No,High School,Near,Male,70,0.3488372093023256,False,False,True
21,91,Medium,Yes,6,53,High,Yes,1,Medium,Medium,Public,Positive,3,No,Postgraduate,Near,Female,71,0.46511627906976744,True,False,False
30,97,High,Yes,6,66,High,Yes,1,Medium,Medium,Private,Neutral,2,No,College,Near,Male,74,0.6744186046511628,False,False,True
24,81,High,Yes,9,64,High,Yes,2,High,Low,Public,Positive,3,No,High School,Near,Male,70,0.5348837209302325,False,False,True
13,64,Low,No,6,88,Medium,Yes,1,Medium,Medium,Public,Neutral,2,No,College,Moderate,Female,59,0.27906976744186046,False,True,False
19,84,Medium,Yes,8,56,Medium,Yes,0,Low,Medium,Private,Neutral,3,Yes,High School,Near,Male,64,0.4186046511627907,False,True,False
15,91,Medium,No,10,78,Low,Yes,2,Medium,High,Public,Neutral,3,No,High School,Near,Female,67,0.32558139534883723,False,True,False
18,64,Medium,Yes,8,90,Medium,Yes,1,Low,Medium,Public,Neutral,3,No,High School,Near,Male,63,0.3953488372093023,False,False,True
18,67,High,Yes,7,87,Medium,Yes,5,Low,Low,Public,Positive,2,No,College,Near,Male,66,0.3953488372093023,False,True,False
17,60,Medium,Yes,5,97,Medium,Yes,1,Medium,Medium,Private,Negative,4,No,College,Far,Male,62,0.37209302325581395,False,False,True
12,84,Medium,No,7,50,Medium,Yes,3,High,High,Public,Neutral,3,No,High School,Near,Male,65,0.2558139534883721,False,True,False
19,95,High,Yes,9,68,Medium,Yes,3,High,Medium,Public,Positive,4,No,College,Far,Male,73,0.4186046511627907,True,False,False
17,87,High,Yes,7,68,High,Yes,1,Medium,High,Public,Positive,2,No,High School,Near,Male,70,0.37209302325581395,True,False,False
2,99,Low,Yes,9,52,Low,Yes,0,Medium,Medium,Public,Neutral,4,No,High School,Near,Male,62,0.023255813953488372,False,False,True
32,63,High,No,8,91,Medium,No,2,High,Low,Public,Positive,5,Yes,High School,Near,Female,68,0.7209302325581395,False,False,True
27,96,Low,Yes,7,84,Medium,Yes,1,High,Medium,Public,Neutral,3,No,College,Near,Male,74,0.6046511627906976,True,False,False
18,93,Medium,No,7,76,Low,Yes,2,Medium,Medium,Private,Neutral,4,No,High School,Near,Female,96,0.3953488372093023,False,False,True
20,73,High,No,5,70,High,Yes,1,Low,High,Public,Negative,2,No,High School,Moderate,Male,66,0.4418604651162791,True,False,False
13,99,High,Yes,6,95,Medium,No,0,Low,Medium,Public,Positive,4,No,Postgraduate,Near,Male,69,0.27906976744186046,False,True,False
30,72,High,Yes,6,63,Medium,Yes,1,Low,Medium,Public,Neutral,3,No,Postgraduate,Near,Female,70,0.6744186046511628,True,False,False
31,96,Low,Yes,8,67,Medium,Yes,2,Medium,Medium,Private,Neutral,3,No,College,Near,Male,73,0.6976744186046511,False,False,True
21,95,Low,No,7,98,Low,Yes,1,Low,High,Public,Positive,2,No,High School,Near,Male,69,0.46511627906976744,False,True,False
26,90,High,Yes,9,53,Medium,Yes,1,Low,Medium,Private,Neutral,4,No,High School,Far,Male,71,0.5813953488372092,True,False,False
21,83,Low,Yes,7,89,Low,No,0,Low,Low,Public,Neutral,2,No,College,Moderate,Female,65,0.46511627906976744,True,False,False
12,65,Low,Yes,6,86,Medium,Yes,1,Medium,Medium,Public,Positive,3,No,Postgraduate,Near,Female,62,0.2558139534883721,False,False,True
18,81,High,No,6,95,Low,Yes,1,Medium,Medium,Public,Positive,3,No,High School,Near,Male,69,0.3953488372093023,True,False,False
21,74,Medium,No,6,55,High,Yes,3,Low,Medium,Public,Positive,2,No,College,Near,Male,65,0.46511627906976744,False,True,False
17,92,Medium,No,7,99,Medium,Yes,1,Medium,Medium,Public,Neutral,2,No,College,Far,Female,68,0.37209302325581395,False,False,True
19,90,Low,Yes,6,51,High,Yes,1,Low,Medium,Public,Negative,3,Yes,Postgraduate,Near,Male,65,0.4186046511627907,False,True,False
19,96,High,Yes,5,67,Medium,Yes,4,High,Medium,Private,Neutral,1,No,High School,Moderate,Male,72,0.4186046511627907,False,False,True
20,61,High,Yes,9,54,Medium,Yes,2,High,Medium,Private,Positive,4,No,Postgraduate,Near,Male,67,0.4418604651162791,True,False,False
20,92,Low,No,7,53,Medium,Yes,2,Medium,High,Private,Positive,2,No,College,Far,Male,68,0.4418604651162791,False,False,True
14,98,Medium,No,7,98,Medium,No,0,Medium,High,Public,Positive,3,No,High School,Near,Male,68,0.3023255813953489,False,True,False
16,92,Medium,No,6,86,Low,No,2,Medium,Medium,Private,Neutral,3,Yes,College,Near,Female,66,0.3488372093023256,False,False,True
12,65,High,Yes,5,75,High,Yes,0,High,Medium,Private,Negative,2,No,High School,Moderate,Male,62,0.2558139534883721,False,False,True
26,63,Medium,Yes,7,55,Medium,Yes,2,Medium,High,Public,Neutral,4,No,High School,Far,Male,65,0.5813953488372092,False,False,True
7,61,High,Yes,4,76,High,Yes,1,Medium,Medium,Private,Positive,5,No,High School,Far,Female,60,0.13953488372093026,False,True,False
27,85,Medium,Yes,8,66,Medium,Yes,2,Low,High,Private,Neutral,4,Yes,High School,Moderate,Male,70,0.6046511627906976,True,False,False
28,85,Medium,Yes,6,64,Low,Yes,1,Low,Medium,Public,Neutral,1,No,High School,Moderate,Male,68,0.627906976744186,False,False,True
18,99,High,Yes,7,81,Low,Yes,1,Medium,Medium,Public,Neutral,3,No,Postgraduate,Near,Male,72,0.3953488372093023,False,False,True
4,76,Medium,Yes,8,90,Medium,Yes,2,High,Medium,Public,Positive,2,No,High School,Moderate,Female,63,0.06976744186046512,False,False,True
18,73,High,Yes,7,72,Low,Yes,1,Medium,Medium,Private,Neutral,1,Yes,High School,Moderate,Male,63,0.3953488372093023,False,False,True
20,85,Medium,Yes,5,75,Low,Yes,1,Medium,Medium,Public,Neutral,2,No,College,Near,Male,67,0.4418604651162791,False,True,False
14,93,Low,Yes,9,83,Low,Yes,4,Medium,Medium,Public,Neutral,2,No,Postgraduate,Near,Female,68,0.3023255813953489,False,False,True
17,97,Medium,No,5,56,Low,Yes,2,High,Medium,Public,Positive,3,No,High School,Near,Female,69,0.37209302325581395,False,False,True
29,92,Medium,Yes,4,91,Low,Yes,1,High,High,Public,Neutral,4,No,High School,Near,Female,75,0.6511627906976744,True,False,False
24,77,Medium,No,8,92,High,Yes,0,High,Medium,Public,Neutral,3,No,High School,Moderate,Male,67,0.5348837209302325,False,True,False
14,85,High,Yes,5,77,Medium,Yes,2,Low,High,Public,Positive,3,No,High School,Near,Male,69,0.3023255813953489,True,False,False
10,94,Medium,No,9,59,Low,Yes,0,Medium,Medium,Public,Positive,2,No,Postgraduate,Near,Male,65,0.20930232558139533,False,True,False
18,80,High,Yes,8,75,Medium,No,2,Medium,Medium,Public,Negative,4,No,High School,Near,Male,65,0.3953488372093023,False,True,False
19,69,Medium,Yes,7,55,Low,Yes,1,Low,Medium,Public,Positive,4,No,College,Near,Female,63,0.4186046511627907,False,False,True
23,67,Medium,No,6,88,Medium,Yes,2,Medium,Medium,Private,Neutral,4,No,High School,Near,Male,65,0.5116279069767441,False,True,False
17,60,Low,No,6,66,Medium,Yes,0,Low,Medium,Public,Positive,2,No,High School,Far,Female,58,0.37209302325581395,False,False,True
23,89,High,Yes,6,66,Low,Yes,0,Low,High,Private,Positive,3,No,High School,Moderate,Male,70,0.5116279069767441,True,False,False
32,64,Low,Yes,6,97,Medium,Yes,1,Medium,Low,Public,Neutral,5,No,College,Moderate,Male,66,0.7209302325581395,False,True,False
25,70,Low,No,9,71,Medium,No,2,Low,Medium,Public,Negative,2,No,College,Near,Female,63,0.5581395348837209,False,False,True
20,72,Low,Yes,6,89,Low,Yes,1,Low,Medium,Private,Negative,3,No,High School,Far,Male,62,0.4418604651162791,False,False,True
19,82,Medium,Yes,8,82,High,Yes,2,Medium,Medium,Private,Positive,3,No,College,Moderate,Female,69,0.4186046511627907,False,False,True
18,76,Medium,No,9,66,High,Yes,1,High,High,Public,Positive,3,No,High School,Near,Female,66,0.3953488372093023,False,False,True
27,87,Low,No,6,56,Medium,Yes,0,Low,High,Public,Neutral,2,No,High School,Moderate,Male,68,0.6046511627906976,True,False,False
16,62,Medium,Yes,8,90,Low,Yes,2,High,Medium,Public,Neutral,2,No,Postgraduate,Far,Male,62,0.3488372093023256,False,True,False
20,65,Medium,No,6,88,Medium,Yes,0,Medium,High,Public,Negative,4,Yes,High School,Near,Male,64,0.4418604651162791,True,False,False
20,80,High,Yes,7,58,Low,No,0,Medium,Medium,Public,Neutral,2,No,College,Near,Female,65,0.4418604651162791,False,False,True
17,73,High,Yes,6,62,Low,Yes,2,Low,Medium,Private,Negative,3,No,College,Far,Male,64,0.37209302325581395,False,False,True
12,72,Medium,No,6,88,High,Yes,2,High,Medium,Public,Positive,3,No,High School,Near,Female,65,0.2558139534883721,False,False,True
22,63,Medium,Yes,7,99,Low,Yes,3,Medium,Medium,Private,Neutral,4,No,High School,Moderate,Male,65,0.48837209302325585,False,False,True
20,96,Medium,Yes,5,92,Medium,Yes,0,Medium,Medium,Public,Neutral,3,No,College,Near,Female,70,0.4418604651162791,False,True,False
23,88,High,No,8,84,High,Yes,2,Medium,Medium,Private,Positive,3,Yes,Postgraduate,Near,Female,71,0.5116279069767441,False,True,False
17,65,Medium,Yes,5,96,Low,Yes,2,Medium,High,Public,Positive,3,No,College,Moderate,Male,65,0.37209302325581395,False,False,True
27,63,Medium,No,5,64,Medium,No,1,High,High,Public,Positive,4,No,Postgraduate,Near,Male,67,0.6046511627906976,True,False,False
15,99,High,Yes,7,50,High,No,4,Low,Medium,Public,Positive,2,No,High School,Moderate,Male,68,0.32558139534883723,False,True,False
30,87,High,Yes,6,66,Low,Yes,1,Medium,Medium,Public,Neutral,4,No,High School,Near,Male,73,0.6744186046511628,True,False,False
10,77,High,No,8,99,Medium,Yes,0,Medium,High,Public,Neutral,4,Yes,High School,Near,Male,64,0.20930232558139533,False,False,True
23,88,High,No,7,94,Low,No,3,Low,Medium,Private,Positive,1,No,High School,Near,Male,71,0.5116279069767441,True,False,False
23,90,High,No,5,53,Medium,Yes,2,Medium,High,Private,Positive,2,No,High School,Near,Female,70,0.5116279069767441,False,False,True
15,91,High,No,8,75,Medium,Yes,4,Medium,Medium,Public,Neutral,1,No,High School,Near,Female,68,0.32558139534883723,False,True,False
23,79,Medium,Yes,7,54,Medium,Yes,2,Low,Medium,Private,Neutral,4,No,College,Moderate,Female,68,0.5116279069767441,True,False,False
28,77,High,Yes,7,89,Medium,Yes,3,Low,Medium,Public,Positive,3,Yes,High School,Far,Male,68,0.627906976744186,False,True,False
7,60,High,Yes,10,69,Low,Yes,0,Low,Medium,Private,Positive,3,No,College,Moderate,Female,59,0.13953488372093026,False,False,True
23,97,Medium,Yes,9,96,Medium,Yes,2,Medium,High,Private,Neutral,4,No,College,Near,Male,74,0.5116279069767441,False,False,True
5,84,Medium,Yes,7,53,Low,No,1,Low,High,Public,Positive,3,No,Postgraduate,Moderate,Male,62,0.09302325581395349,False,False,True
14,68,Low,Yes,5,87,High,Yes,2,Medium,Medium,Public,Positive,3,No,High School,Far,Male,64,0.3023255813953489,True,False,False
30,97,High,No,5,70,Medium,Yes,0,High,Medium,Public,Positive,2,No,Postgraduate,Near,Male,76,0.6744186046511628,True,False,False
17,97,Medium,Yes,9,63,Medium,Yes,2,Low,Medium,Public,Positive,2,No,High School,Near,Male,70,0.37209302325581395,True,False,False
13,100,Medium,No,6,76,Medium,No,0,Low,Low,Public,Positive,5,No,Postgraduate,Near,Male,69,0.27906976744186046,True,False,False
19,95,Medium,Yes,7,74,High,No,0,Low,High,Public,Positive,2,No,High School,Near,Female,69,0.4186046511627907,False,False,True
32,100,High,Yes,5,67,Medium,No,4,Medium,Medium,Public,Positive,3,No,High School,Far,Male,74,0.7209302325581395,False,True,False
9,70,Medium,No,8,82,Low,No,2,High,High,Public,Negative,2,No,High School,Near,Female,62,0.18604651162790697,True,False,False
14,94,Medium,No,9,83,High,Yes,2,Low,High,Public,Positive,3,No,Postgraduate,Moderate,Male,70,0.3023255813953489,False,False,True
29,93,Medium,Yes,9,54,Medium,No,4,Low,High,Public,Positive,3,No,High School,Near,Male,71,0.6511627906976744,False,True,False
31,69,Low,Yes,6,80,Low,Yes,4,Medium,Medium,Public,Negative,2,No,College,Near,Male,68,0.6976744186046511,False,False,True
19,64,Low,Yes,8,86,Low,Yes,3,High,Medium,Private,Neutral,3,No,Postgraduate,Near,Female,66,0.4186046511627907,True,False,False
13,99,Medium,No,7,54,High,Yes,3,High,Medium,Public,Negative,3,No,High School,Far,Male,67,0.27906976744186046,False,True,False
33,72,Medium,No,8,83,Low,Yes,3,Low,High,Private,Neutral,4,No,High School,Near,Male,71,0.7441860465116279,True,False,False
30,95,Medium,Yes,7,90,Medium,Yes,3,Medium,Medium,Public,Neutral,1,No,High School,Moderate,Male,74,0.6744186046511628,False,False,True
24,60,Medium,Yes,6,92,Low,Yes,3,Medium,Medium,Public,Positive,2,No,College,Near,Male,65,0.5348837209302325,False,True,False
15,61,Low,Yes,9,52,Medium,Yes,1,Medium,Medium,Private,Neutral,3,No,High School,Moderate,Female,60,0.32558139534883723,True,False,False
20,79,High,Yes,7,85,Low,Yes,2,Medium,Medium,Public,Neutral,2,No,College,Moderate,Male,69,0.4418604651162791,True,False,False
19,70,Medium,Yes,6,90,Low,Yes,2,Low,Medium,Private,Positive,3,No,High School,Moderate,Male,65,0.4186046511627907,False,False,True
22,88,Low,Yes,7,70,Medium,Yes,3,Low,Medium,Public,Positive,2,No,High School,Near,Female,69,0.48837209302325585,False,False,True
29,83,Low,Yes,6,77,High,Yes,1,Medium,Medium,Public,Neutral,4,No,High School,Near,Male,70,0.6511627906976744,False,False,True
25,63,Low,Yes,8,63,Medium,Yes,0,Medium,High,Private,Positive,1,Yes,Postgraduate,Near,Female,65,0.5581395348837209,True,False,False
14,67,Low,Yes,7,66,Low,Yes,0,Low,Medium,Public,Neutral,4,No,High School,Far,Female,57,0.3023255813953489,False,True,False
28,76,Medium,Yes,6,75,Low,Yes,0,Medium,High,Public,Positive,2,No,High School,Near,Female,68,0.627906976744186,False,False,True
22,67,High,No,10,58,Medium,Yes,2,High,Low,Public,Neutral,3,No,Postgraduate,Near,Male,67,0.48837209302325585,True,False,False
24,92,Medium,No,5,69,Medium,Yes,2,Medium,Medium,Private,Negative,4,No,High School,Near,Female,70,0.5348837209302325,False,False,True
29,77,Medium,Yes,8,65,Medium,Yes,1,Medium,Medium,Public,Neutral,3,No,High School,Near,Male,68,0.6511627906976744,False,False,True
13,64,High,Yes,7,62,Medium,Yes,1,Low,Medium,Public,Neutral,1,No,College,Moderate,Female,62,0.27906976744186046,True,False,False
20,79,Medium,Yes,5,74,Medium,Yes,1,Low,Medium,Public,Neutral,5,No,High School,Far,Male,67,0.4418604651162791,True,False,False
17,64,High,Yes,6,92,Medium,Yes,0,Medium,Medium,Private,Positive,1,No,Postgraduate,Near,Male,66,0.37209302325581395,True,False,False
11,65,Low,Yes,5,62,Medium,Yes,2,Medium,High,Public,Neutral,2,No,College,Far,Female,60,0.23255813953488375,False,False,True
22,70,Low,No,10,83,Low,Yes,0,Medium,Medium,Public,Positive,2,No,College,Moderate,Male,65,0.48837209302325585,True,False,False
35,94,Medium,Yes,7,63,Medium,Yes,1,Low,High,Public,Positive,2,No,College,Near,Female,75,0.7906976744186046,True,False,False
9,97,Medium,Yes,7,57,Medium,Yes,4,Medium,High,Public,Neutral,5,No,High School,Far,Female,67,0.18604651162790697,False,True,False
20,93,High,No,10,97,Medium,Yes,1,Low,Medium,Public,Neutral,2,No,Postgraduate,Moderate,Male,71,0.4418604651162791,False,False,True
24,73,Low,Yes,6,82,Medium,Yes,0,Medium,Medium,Public,Negative,2,Yes,High School,Near,Male,63,0.5348837209302325,False,True,False
21,71,Medium,Yes,9,55,Low,Yes,2,High,High,Public,Positive,1,No,Postgraduate,Moderate,Male,67,0.46511627906976744,True,False,False
19,82,Medium,No,8,82,Low,Yes,2,Low,Medium,Private,Negative,4,No,Postgraduate,Near,Female,68,0.4186046511627907,True,False,False
12,89,Low,Yes,4,59,Low,Yes,2,Low,High,Public,Negative,4,No,High School,Near,Male,65,0.2558139534883721,True,False,False
21,100,High,No,6,94,Medium,No,1,High,Medium,Public,Positive,3,No,College,Moderate,Female,72,0.46511627906976744,False,True,False
15,65,Medium,No,8,62,Medium,Yes,1,Medium,Medium,Public,Neutral,4,No,High School,Moderate,Female,61,0.32558139534883723,False,False,True
7,62,High,No,7,90,Medium,Yes,1,Medium,Low,Public,Neutral,5,No,College,Moderate,Female,60,0.13953488372093026,False,True,False
27,88,High,Yes,7,60,Medium,Yes,2,Low,Medium,Public,Positive,2,No,High School,Near,Female,72,0.6046511627906976,True,False,False
26,93,Medium,Yes,6,78,Medium,Yes,2,Medium,Medium,Public,Neutral,3,No,Postgraduate,Far,Female,72,0.5813953488372092,False,False,True
20,94,Medium,Yes,6,96,Medium,Yes,2,Medium,Medium,Private,Negative,3,No,College,Near,Male,70,0.4418604651162791,False,True,False
21,87,Medium,No,7,65,High,Yes,2,Medium,Medium,Public,Negative,3,Yes,College,Near,Male,67,0.46511627906976744,False,True,False
26,98,Medium,No,10,54,Medium,Yes,0,Low,High,Private,Neutral,1,No,Postgraduate,Near,Male,71,0.5813953488372092,False,False,True
21,80,Low,Yes,6,78,Medium,Yes,0,Medium,Medium,Private,Negative,2,No,Postgraduate,Near,Female,66,0.46511627906976744,False,False,True
25,97,High,No,6,59,Low,Yes,0,Low,High,Public,Positive,2,No,High School,Near,Female,72,0.5581395348837209,True,False,False
18,99,Medium,Yes,7,86,Medium,No,1,High,Medium,Public,Neutral,4,No,High School,Moderate,Female,70,0.3953488372093023,False,False,True
28,94,Low,Yes,5,80,Medium,Yes,2,High,Medium,Public,Negative,2,No,High School,Moderate,Female,71,0.627906976744186,False,False,True
22,72,Low,Yes,8,67,High,Yes,2,Medium,Medium,Public,Negative,4,No,College,Far,Male,64,0.48837209302325585,False,True,False
21,68,Medium,Yes,5,85,Medium,No,3,High,Medium,Public,Positive,2,No,College,Moderate,Male,66,0.46511627906976744,False,False,True
12,82,Low,No,5,62,Low,Yes,2,Medium,Medium,Public,Positive,4,No,High School,Near,Male,64,0.2558139534883721,True,False,False
22,78,Medium,Yes,5,96,Medium,Yes,0,Low,Medium,Public,Neutral,3,No,High School,Moderate,Male,67,0.48837209302325585,False,False,True
15,95,Low,No,5,67,High,Yes,3,Medium,Medium,Public,Positive,3,No,High School,Moderate,Female,67,0.32558139534883723,False,True,False
16,64,Low,No,9,88,Medium,Yes,1,Medium,High,Public,Positive,3,No,High School,Near,Male,64,0.3488372093023256,True,False,False
15,70,Medium,No,8,63,Low,Yes,0,Medium,Medium,Private,Positive,4,No,High School,Moderate,Female,61,0.32558139534883723,False,True,False
14,90,High,Yes,8,86,Medium,Yes,4,Medium,Medium,Private,Negative,2,No,High School,Near,Female,99,0.3023255813953489,True,False,False
33,64,Medium,No,8,52,Low,No,3,High,Medium,Public,Positive,4,No,High School,Near,Male,67,0.7441860465116279,False,False,True
28,73,High,Yes,7,65,High,Yes,3,High,High,Public,Positive,3,No,Postgraduate,Near,Male,72,0.627906976744186,False,False,True
32,75,Low,No,7,55,Medium,Yes,1,Medium,Medium,Public,Neutral,4,No,High School,Moderate,Male,66,0.7209302325581395,False,True,False
13,85,High,Yes,9,73,High,Yes,3,Medium,High,Public,Positive,2,No,Postgraduate,Moderate,Male,68,0.27906976744186046,False,True,False
20,66,Low,No,9,72,Low,Yes,1,Medium,High,Public,Positive,1,No,College,Near,Female,64,0.4418604651162791,True,False,False
12,94,High,No,5,68,High,Yes,1,High,Medium,Public,Neutral,2,No,High School,Near,Male,69,0.2558139534883721,True,False,False
16,78,High,No,10,99,Low,Yes,0,Low,Medium,Public,Positive,4,No,High School,Far,Female,65,0.3488372093023256,False,False,True
14,97,High,No,5,62,Medium,No,1,Medium,Medium,Public,Neutral,4,Yes,Postgraduate,Far,Female,66,0.3023255813953489,False,True,False
27,79,High,Yes,6,90,Low,Yes,3,Medium,High,Public,Positive,4,No,High School,Near,Male,73,0.6046511627906976,True,False,False
18,71,Medium,Yes,7,72,Low,Yes,0,Low,Medium,Public,Neutral,4,No,High School,Near,Female,63,0.3953488372093023,False,False,True
26,66,Medium,Yes,7,67,High,Yes,3,Medium,Medium,Public,Negative,4,No,High School,Moderate,Female,66,0.5813953488372092,False,False,True
24,60,Medium,Yes,10,60,Low,Yes,3,Low,High,Private,Neutral,2,No,Postgraduate,Near,Female,65,0.5348837209302325,False,False,True
34,81,Medium,Yes,9,82,Low,Yes,1,Medium,High,Public,Negative,2,No,High School,Near,Male,71,0.7674418604651162,False,False,True
11,64,Low,Yes,8,67,High,No,1,Medium,Medium,Public,Neutral,2,Yes,College,Near,Male,58,0.23255813953488375,False,False,True
28,76,Medium,No,9,91,Medium,Yes,0,Low,High,Private,Neutral,3,No,High School,Moderate,Male,68,0.627906976744186,False,False,True
27,84,Medium,No,8,98,Medium,Yes,0,Low,Medium,Public,Neutral,4,No,High School,Moderate,Male,69,0.6046511627906976,False,False,True
14,71,Low,Yes,6,61,Low,Yes,0,Low,Medium,Public,Positive,3,No,Postgraduate,Near,Female,63,0.3023255813953489,True,False,False
26,67,Medium,Yes,8,56,Medium,Yes,1,Medium,Medium,Public,Negative,5,No,College,Near,Female,66,0.5813953488372092,False,False,True
22,91,Medium,Yes,7,66,Medium,No,0,High,High,Public,Negative,3,No,College,Near,Female,69,0.48837209302325585,False,False,True
19,98,Low,Yes,6,73,Medium,Yes,3,Low,Medium,Private,Negative,3,No,College,Near,Male,69,0.4186046511627907,False,False,True
15,64,Medium,No,9,65,Medium,Yes,2,Medium,Medium,Public,Neutral,2,No,High School,Near,Male,63,0.32558139534883723,True,False,False
16,66,High,Yes,7,99,Medium,Yes,1,Low,Medium,Public,Positive,3,No,College,Near,Female,65,0.3488372093023256,False,True,False
32,98,High,No,5,89,Medium,Yes,2,High,Low,Private,Positive,3,No,College,Near,Male,76,0.7209302325581395,False,True,False
20,62,Medium,Yes,6,98,High,Yes,0,High,High,Public,Neutral,3,No,Postgraduate,Near,Male,67,0.4418604651162791,True,False,False
25,99,Medium,No,8,69,Medium,No,1,Low,High,Public,Positive,3,No,Postgraduate,Moderate,Male,70,0.5581395348837209,False,True,False
15,60,Low,No,9,65,Medium,Yes,1,Medium,High,Public,Negative,5,No,College,Moderate,Male,60,0.32558139534883723,False,False,True
15,95,Low,No,8,70,Medium,Yes,2,High,High,Public,Neutral,3,Yes,High School,Near,Female,68,0.32558139534883723,True,False,False
26,72,Medium,Yes,8,76,Medium,Yes,1,Medium,Medium,Public,Negative,3,No,Postgraduate,Near,Male,68,0.5813953488372092,False,False,True
12,98,High,Yes,6,87,Medium,Yes,2,Low,Medium,Private,Neutral,3,No,Postgraduate,Near,Female,70,0.2558139534883721,False,True,False
18,73,High,Yes,7,94,High,Yes,1,High,Medium,Private,Neutral,3,No,Postgraduate,Moderate,Female,68,0.3953488372093023,False,False,True
20,86,High,No,7,73,Medium,Yes,3,Low,Low,Public,Neutral,3,Yes,High School,Near,Male,69,0.4418604651162791,True,False,False
21,63,Medium,Yes,7,64,Medium,Yes,0,Low,Medium,Public,Negative,3,No,High School,Near,Female,62,0.46511627906976744,False,False,True
19,70,Low,No,7,66,Medium,Yes,1,High,Low,Private,Neutral,4,No,College,Moderate,Male,64,0.4186046511627907,True,False,False
22,91,Medium,No,6,85,Low,Yes,2,Medium,Medium,Private,Positive,2,No,High School,Moderate,Female,71,0.48837209302325585,True,False,False
24,81,Medium,Yes,8,78,Medium,Yes,1,Low,Medium,Public,Positive,2,No,High School,Near,Male,68,0.5348837209302325,False,False,True
24,97,Medium,No,5,74,High,Yes,0,Medium,Low,Public,Neutral,5,No,High School,Near,Female,72,0.5348837209302325,True,False,False
14,77,Medium,Yes,5,60,Low,Yes,1,High,High,Private,Negative,3,No,Postgraduate,Far,Male,64,0.3023255813953489,False,False,True
18,95,High,Yes,6,94,Medium,Yes,6,Low,High,Public,Neutral,3,No,High School,Far,Female,73,0.3953488372093023,False,False,True
27,78,High,No,8,89,Low,Yes,0,Low,Medium,Public,Neutral,3,No,Postgraduate,Near,Female,69,0.6046511627906976,False,False,True
25,99,Medium,No,8,57,Medium,Yes,1,Medium,Low,Private,Positive,3,No,Postgraduate,Moderate,Male,70,0.5581395348837209,False,True,False
12,98,High,No,4,68,Medium,Yes,3,Low,High,Public,Neutral,2,No,High School,Near,Female,69,0.2558139534883721,False,False,True
22,73,Low,No,8,77,Medium,Yes,1,High,Medium,Public,Neutral,3,No,High School,Far,Male,64,0.48837209302325585,False,False,True
8,95,Medium,No,7,73,Low,Yes,2,Medium,Medium,Private,Neutral,2,No,College,Near,Male,66,0.16279069767441862,False,False,True
20,94,Medium,Yes,6,70,High,Yes,1,Medium,Medium,Public,Neutral,2,No,High School,Moderate,Female,69,0.4418604651162791,False,False,True
31,68,Medium,No,7,86,Low,Yes,1,Low,Medium,Private,Positive,3,No,High School,Moderate,Female,68,0.6976744186046511,True,False,False
14,85,Low,Yes,5,53,Medium,Yes,4,Medium,Medium,Public,Neutral,3,No,High School,Near,Male,65,0.3023255813953489,False,False,True
15,63,Low,Yes,7,74,Medium,Yes,4,Low,Medium,Public,Negative,2,No,High School,Moderate,Male,62,0.32558139534883723,True,False,False
25,93,High,Yes,5,63,Medium,Yes,2,High,Medium,Public,Positive,2,No,Postgraduate,Near,Female,75,0.5581395348837209,True,False,False
11,67,Medium,Yes,6,54,Low,Yes,0,Low,Medium,Public,Positive,3,No,High School,Near,Female,60,0.23255813953488375,False,False,True
16,63,High,Yes,6,73,Medium,Yes,0,Medium,Medium,Public,Neutral,4,No,College,Near,Male,63,0.3488372093023256,False,False,True
24,76,Low,Yes,8,59,Medium,Yes,2,Medium,Medium,Public,Positive,4,No,College,Far,Male,66,0.5348837209302325,False,False,True
16,83,Medium,Yes,7,63,Medium,Yes,0,Medium,Medium,Public,Neutral,3,No,Postgraduate,Near,Female,67,0.3488372093023256,True,False,False
19,94,Medium,Yes,8,75,Medium,Yes,1,Medium,Medium,Public,Negative,3,No,College,Moderate,Female,68,0.4186046511627907,False,True,False
24,99,Medium,Yes,5,99,Medium,Yes,0,Low,Medium,Public,Positive,3,No,High School,Moderate,Female,72,0.5348837209302325,False,False,True
23,78,Medium,No,7,84,High,Yes,0,Low,Medium,Private,Neutral,3,No,College,Near,Male,66,0.5116279069767441,False,True,False
22,62,Medium,Yes,8,64,Medium,Yes,0,Low,Medium,Public,Neutral,3,No,Postgraduate,Near,Female,63,0.48837209302325585,False,False,True
18,90,High,Yes,9,69,Medium,Yes,1,High,High,Private,Positive,3,No,College,Moderate,Female,71,0.3953488372093023,False,False,True
22,83,Medium,Yes,5,70,High,Yes,2,Low,Medium,Public,Positive,3,No,College,Far,Male,67,0.48837209302325585,False,True,False
19,78,Medium,Yes,6,58,Medium,Yes,1,Low,Medium,Public,Neutral,3,No,Postgraduate,Near,Male,66,0.4186046511627907,False,False,True
23,72,Medium,No,8,58,Medium,No,2,Low,High,Private,Positive,2,No,College,Near,Female,66,0.5116279069767441,True,False,False
17,80,High,No,9,57,Medium,Yes,4,Low,Medium,Public,Positive,2,No,College,Near,Male,68,0.37209302325581395,True,False,False
19,74,Medium,No,7,76,High,Yes,1,High,Medium,Public,Neutral,3,No,College,Near,Female,66,0.4186046511627907,False,False,True
14,90,Medium,Yes,5,84,Medium,Yes,0,Low,Medium,Public,Negative,3,No,Postgraduate,Near,Female,68,0.3023255813953489,True,False,False
20,82,Medium,Yes,5,80,Medium,Yes,3,Low,Medium,Public,Neutral,1,Yes,College,Near,Female,68,0.4418604651162791,True,False,False
15,95,Medium,Yes,7,99,Low,Yes,0,High,High,Public,Neutral,2,No,High School,Near,Female,68,0.32558139534883723,False,True,False
13,82,High,No,8,56,Low,Yes,2,Low,High,Private,Neutral,3,No,Postgraduate,Near,Male,66,0.27906976744186046,False,False,True
22,70,Low,No,7,99,Medium,Yes,1,Low,High,Private,Positive,2,No,High School,Moderate,Male,66,0.48837209302325585,True,False,False
21,94,High,No,5,73,Low,Yes,0,Medium,High,Public,Neutral,3,No,Postgraduate,Far,Female,70,0.46511627906976744,False,False,True
25,82,Medium,Yes,9,61,Low,Yes,1,High,Medium,Public,Negative,2,No,High School,Near,Male,68,0.5581395348837209,True,False,False
17,68,Medium,Yes,6,97,High,Yes,2,High,Low,Public,Negative,3,No,High School,Moderate,Male,65,0.37209302325581395,False,False,True
22,85,High,Yes,8,73,High,Yes,1,Medium,Medium,Private,Positive,3,No,College,Near,Male,70,0.48837209302325585,False,True,False
23,74,Medium,No,4,67,Medium,Yes,3,High,Medium,Private,Negative,5,No,High School,Far,Male,66,0.5116279069767441,False,False,True
23,94,High,Yes,9,61,Medium,No,0,Medium,Medium,Public,Negative,1,Yes,Postgraduate,Moderate,Female,68,0.5116279069767441,False,False,True
15,78,Medium,Yes,6,63,High,Yes,1,Medium,Medium,Private,Neutral,2,Yes,College,Moderate,Male,64,0.32558139534883723,False,False,True
21,89,Medium,No,9,99,Medium,Yes,0,Medium,Medium,Private,Negative,3,No,High School,Near,Male,69,0.46511627906976744,False,False,True
22,64,Medium,No,8,65,Low,Yes,2,Medium,Medium,Private,Neutral,4,No,Postgraduate,Near,Female,65,0.48837209302325585,False,False,True
20,76,High,Yes,5,99,Low,No,3,Medium,High,Public,Negative,3,No,Postgraduate,Near,Female,69,0.4418604651162791,False,False,True
7,99,High,Yes,7,67,Low,No,1,High,High,Private,Neutral,4,No,High School,Near,Female,66,0.13953488372093026,False,True,False
21,92,Low,No,9,62,Medium,Yes,1,Medium,Low,Public,Positive,2,No,High School,Near,Female,68,0.46511627906976744,True,False,False
33,66,Medium,Yes,6,59,Medium,Yes,3,High,Medium,Public,Positive,2,No,Postgraduate,Near,Female,70,0.7441860465116279,False,False,True
18,71,Medium,No,9,71,Medium,Yes,1,Medium,High,Public,Positive,3,No,High School,Moderate,Female,65,0.3953488372093023,True,False,False
16,73,Medium,Yes,8,62,Medium,Yes,0,High,High,Private,Neutral,2,No,High School,Near,Female,65,0.3488372093023256,True,False,False
22,86,Low,No,9,85,Medium,Yes,1,Medium,Medium,Public,Negative,3,No,Postgraduate,Near,Female,68,0.48837209302325585,False,False,True
22,90,Medium,No,7,62,Low,Yes,0,Medium,Medium,Public,Positive,3,No,College,Near,Male,67,0.48837209302325585,False,True,False
27,90,High,No,7,92,Medium,Yes,0,Low,Medium,Private,Neutral,3,No,High School,Near,Female,72,0.6046511627906976,True,False,False
12,80,High,Yes,10,92,High,Yes,1,High,High,Public,Positive,3,No,Postgraduate,Moderate,Male,70,0.2558139534883721,True,False,False
24,92,High,Yes,8,64,High,Yes,1,High,High,Private,Neutral,3,No,College,Near,Male,72,0.5348837209302325,False,True,False
24,77,High,Yes,7,88,Low,Yes,1,High,Medium,Public,Negative,5,No,College,Near,Male,71,0.5348837209302325,True,False,False
19,65,Medium,No,8,93,Low,Yes,1,Medium,High,Private,Neutral,4,No,College,Near,Male,64,0.4186046511627907,False,True,False
22,83,High,Yes,6,80,Medium,Yes,2,Medium,Medium,Public,Positive,5,No,High School,Moderate,Female,69,0.48837209302325585,False,True,False
26,98,Medium,Yes,7,68,Medium,Yes,4,Low,Medium,Public,Positive,1,No,High School,Near,Female,73,0.5813953488372092,False,False,True
25,92,High,Yes,9,72,Medium,Yes,1,Low,Medium,Public,Negative,5,No,Postgraduate,Far,Female,70,0.5581395348837209,False,True,False
13,83,Medium,No,7,89,Medium,Yes,1,Low,Medium,Public,Neutral,4,No,Postgraduate,Near,Female,68,0.27906976744186046,True,False,False
25,86,Medium,No,6,65,Medium,Yes,2,Medium,High,Public,Positive,5,No,High School,Moderate,Male,71,0.5581395348837209,True,False,False
20,97,High,No,6,67,Low,Yes,1,Low,High,Private,Positive,3,No,Postgraduate,Near,Female,71,0.4418604651162791,False,False,True
20,77,High,Yes,7,58,High,Yes,0,High,Medium,Public,Neutral,3,No,High School,Near,Male,66,0.4418604651162791,False,True,False
20,73,High,No,6,70,Low,Yes,3,High,High,Public,Neutral,4,No,High School,Near,Female,68,0.4418604651162791,False,False,True
19,99,High,Yes,5,54,Low,Yes,0,Medium,Medium,Public,Neutral,2,No,Postgraduate,Near,Male,70,0.4186046511627907,False,False,True
27,95,Medium,No,5,66,Low,Yes,3,Medium,Medium,Public,Neutral,4,No,High School,Near,Male,72,0.6046511627906976,False,False,True
19,73,High,Yes,9,69,High,Yes,1,Low,Low,Public,Positive,4,No,Postgraduate,Near,Female,66,0.4186046511627907,False,True,False
13,79,High,Yes,7,63,Low,No,3,High,Medium,Private,Neutral,2,No,High School,Near,Female,65,0.27906976744186046,False,False,True
18,77,High,Yes,7,55,High,No,3,High,Medium,Private,Neutral,3,Yes,High School,Near,Female,66,0.3953488372093023,False,False,True
21,66,Medium,Yes,6,76,Low,Yes,3,Low,Medium,Private,Neutral,1,No,High School,Moderate,Female,65,0.46511627906976744,True,False,False
27,98,Low,Yes,6,93,Low,Yes,0,Low,Medium,Private,Neutral,4,No,High School,Moderate,Male,72,0.6046511627906976,True,False,False
24,76,Medium,Yes,6,67,Medium,Yes,2,High,Medium,Public,Negative,3,No,College,Near,Female,68,0.5348837209302325,False,False,True
15,95,Medium,Yes,7,62,High,Yes,0,High,Medium,Public,Negative,3,No,College,Near,Female,68,0.32558139534883723,False,False,True
35,68,High,Yes,5,64,Medium,Yes,0,High,Low,Public,Positive,4,Yes,High School,Near,Male,67,0.7906976744186046,False,True,False
22,82,Medium,Yes,9,93,Low,Yes,2,Low,Medium,Public,Neutral,2,No,High School,Near,Male,68,0.48837209302325585,False,False,True
28,61,Medium,No,7,76,High,Yes,1,Medium,High,Public,Positive,4,No,High School,Moderate,Male,67,0.627906976744186,True,False,False
19,91,High,No,7,57,Low,Yes,3,High,High,Public,Negative,3,No,High School,Moderate,Female,69,0.4186046511627907,False,False,True
23,83,Low,No,8,85,Medium,Yes,2,Low,Medium,Private,Neutral,2,Yes,High School,Near,Male,65,0.5116279069767441,False,True,False
25,85,Medium,No,8,58,Medium,Yes,2,Medium,High,Public,Neutral,4,No,College,Near,Male,70,0.5581395348837209,False,False,True
27,62,Medium,No,6,53,Low,Yes,1,Medium,Medium,Public,Positive,2,No,High School,Moderate,Male,64,0.6046511627906976,True,False,False
26,68,Medium,No,8,63,Medium,Yes,2,Low,High,Public,Positive,3,No,High School,Near,Male,66,0.5813953488372092,False,False,True
25,63,Medium,No,8,58,Medium,Yes,1,High,Medium,Public,Positive,1,No,College,Near,Female,64,0.5581395348837209,False,True,False
18,72,High,Yes,7,80,High,Yes,1,High,High,Public,Negative,2,Yes,High School,Moderate,Female,66,0.3953488372093023,True,False,False
17,85,Medium,Yes,9,74,Medium,Yes,1,Medium,Medium,Private,Neutral,2,No,High School,Near,Male,67,0.37209302325581395,False,False,True
22,83,Low,Yes,8,86,Medium,Yes,3,Medium,Low,Public,Negative,4,No,High School,Near,Male,68,0.48837209302325585,False,False,True
26,84,Medium,No,8,76,Medium,Yes,5,Medium,High,Public,Neutral,2,No,High School,Moderate,Male,71,0.5813953488372092,False,False,True
19,82,Low,No,9,71,Medium,Yes,1,Low,High,Private,Neutral,3,No,College,Near,Female,67,0.4186046511627907,True,False,False
26,71,Medium,Yes,7,76,Medium,Yes,3,Low,Medium,Public,Positive,2,No,Postgraduate,Moderate,Male,69,0.5813953488372092,True,False,False
29,70,Low,Yes,7,72,Low,Yes,1,Medium,Medium,Public,Positive,4,No,College,Near,Male,67,0.6511627906976744,False,False,True
15,65,High,Yes,8,52,Medium,Yes,4,Low,Medium,Private,Neutral,3,Yes,High School,Moderate,Female,61,0.32558139534883723,False,True,False
15,94,Medium,No,7,84,Medium,Yes,0,Medium,High,Public,Positive,2,No,High School,Moderate,Male,68,0.32558139534883723,False,False,True
19,85,Low,Yes,8,98,Medium,Yes,2,Medium,Low,Private,Neutral,4,No,High School,Near,Female,67,0.4186046511627907,False,True,False
22,67,Medium,Yes,6,71,Low,Yes,1,Medium,High,Public,Neutral,4,No,College,Moderate,Male,64,0.48837209302325585,False,True,False
17,67,Medium,Yes,4,71,Medium,Yes,3,Medium,High,Public,Negative,2,No,High School,Moderate,Female,63,0.37209302325581395,False,False,True
28,95,Medium,No,8,52,High,Yes,3,High,High,Public,Negative,4,No,College,Near,Male,72,0.627906976744186,False,True,False
23,90,Medium,No,5,95,Low,Yes,2,Low,Medium,Public,Negative,2,No,High School,Moderate,Male,69,0.5116279069767441,True,False,False
20,86,High,No,6,96,Medium,Yes,1,High,Low,Public,Neutral,2,Yes,High School,Far,Male,66,0.4418604651162791,False,True,False
11,76,Medium,Yes,8,91,Low,Yes,1,High,High,Private,Neutral,3,Yes,College,Near,Female,64,0.23255813953488375,False,False,True
12,70,Medium,Yes,8,55,Medium,Yes,2,Medium,High,Public,Negative,4,No,High School,Near,Female,61,0.2558139534883721,False,True,False
22,99,High,Yes,9,95,Medium,Yes,2,Low,Low,Public,Negative,4,Yes,High School,Near,Male,71,0.48837209302325585,False,False,True
7,92,Medium,Yes,4,51,Medium,Yes,0,High,Medium,Public,Positive,1,No,High School,Near,Female,63,0.13953488372093026,False,True,False
26,72,Low,No,7,72,Low,Yes,2,Medium,Low,Public,Neutral,4,No,High School,Near,Female,65,0.5813953488372092,False,False,True
19,94,Low,Yes,7,75,Medium,Yes,2,High,Medium,Public,Negative,5,No,College,Near,Female,71,0.4186046511627907,True,False,False
39,90,High,No,8,92,High,Yes,2,Medium,High,Private,Neutral,1,No,High School,Near,Female,78,0.883720930232558,True,False,False
34,72,High,Yes,9,88,Low,Yes,1,High,Medium,Private,Positive,3,No,Postgraduate,Near,Male,73,0.7674418604651162,False,False,True
19,77,Medium,No,5,90,Low,Yes,1,Low,High,Private,Neutral,3,No,College,Near,Female,65,0.4186046511627907,False,True,False
19,67,Medium,Yes,7,93,High,Yes,0,Medium,Medium,Public,Positive,4,No,Postgraduate,Near,Male,66,0.4186046511627907,False,True,False
26,64,Low,Yes,8,74,Low,Yes,3,Medium,High,Public,Neutral,2,No,High School,Near,Male,66,0.5813953488372092,True,False,False
30,89,Medium,No,6,89,Medium,Yes,3,High,Medium,Public,Neutral,3,No,Postgraduate,Moderate,Male,74,0.6744186046511628,False,False,True
10,71,Low,No,10,53,Low,Yes,4,High,Medium,Private,Positive,3,No,High School,Near,Female,62,0.20930232558139533,False,False,True
9,93,Low,Yes,6,72,Low,Yes,1,Medium,Medium,Public,Positive,2,No,College,Near,Female,66,0.18604651162790697,True,False,False
16,100,High,No,7,52,Medium,Yes,4,Low,Medium,Public,Negative,4,No,High School,Near,Female,71,0.3488372093023256,True,False,False
23,63,Medium,Yes,5,96,Medium,Yes,2,High,Medium,Public,Neutral,2,No,High School,Near,Female,67,0.5116279069767441,True,False,False
23,79,Low,Yes,7,98,Low,Yes,0,Medium,High,Public,Neutral,4,No,College,Near,Female,69,0.5116279069767441,True,False,False
26,92,High,No,4,54,Medium,Yes,2,High,Medium,Public,Positive,4,No,High School,Moderate,Male,72,0.5813953488372092,False,False,True
13,92,High,Yes,7,77,Medium,Yes,2,High,Medium,Public,Positive,4,No,Postgraduate,Near,Male,72,0.27906976744186046,True,False,False
6,90,Medium,Yes,9,66,Medium,Yes,2,Medium,High,Public,Positive,2,No,High School,Far,Male,65,0.11627906976744186,False,False,True
25,74,High,No,5,67,High,Yes,1,Medium,Medium,Public,Positive,5,No,Postgraduate,Near,Male,71,0.5581395348837209,True,False,False
15,78,Medium,No,5,73,Medium,Yes,0,High,High,Private,Positive,1,Yes,College,Near,Male,64,0.32558139534883723,False,False,True
8,84,Low,Yes,9,56,Low,Yes,1,Low,Medium,Public,Positive,2,No,High School,Moderate,Male,61,0.16279069767441862,False,False,True
21,99,Low,Yes,9,59,Low,Yes,1,High,High,Public,Negative,2,No,College,Moderate,Female,69,0.46511627906976744,False,False,True
25,73,Medium,Yes,5,79,Medium,Yes,1,Low,Medium,Private,Neutral,5,No,High School,Moderate,Female,65,0.5581395348837209,False,True,False
19,97,Low,Yes,10,51,High,Yes,3,Low,High,Public,Neutral,4,No,College,Far,Female,69,0.4186046511627907,False,False,True
17,71,Medium,No,8,80,Low,Yes,2,High,Low,Public,Neutral,3,No,High School,Near,Female,64,0.37209302325581395,False,False,True
19,100,Low,Yes,9,66,High,Yes,1,High,Medium,Public,Negative,4,Yes,Postgraduate,Moderate,Male,69,0.4186046511627907,False,False,True
18,87,Medium,Yes,6,92,Low,Yes,1,Low,Medium,Private,Neutral,4,No,High School,Near,Female,68,0.3953488372093023,False,False,True
12,79,Low,No,9,80,Low,Yes,1,High,Medium,Public,Positive,2,No,College,Moderate,Male,63,0.2558139534883721,False,False,True
16,85,Medium,No,7,85,High,Yes,1,Medium,High,Public,Neutral,2,No,High School,Near,Male,66,0.3488372093023256,False,True,False
23,71,Medium,No,7,56,Low,Yes,1,Medium,Medium,Private,Positive,4,No,High School,Near,Female,65,0.5116279069767441,False,False,True
22,71,Medium,Yes,8,63,Medium,Yes,2,Medium,High,Public,Negative,2,No,High School,Moderate,Male,66,0.48837209302325585,True,False,False
21,65,Medium,No,6,100,Medium,Yes,3,Medium,Medium,Public,Neutral,4,No,Postgraduate,Near,Male,67,0.46511627906976744,False,False,True
14,65,High,Yes,5,72,Low,Yes,3,Low,High,Private,Negative,2,No,High School,Near,Male,62,0.3023255813953489,False,False,True
19,74,High,Yes,7,68,Medium,Yes,2,Low,High,Public,Negative,2,No,High School,Near,Female,66,0.4186046511627907,False,False,True
7,91,Medium,No,7,94,High,No,3,High,Medium,Public,Neutral,3,No,Postgraduate,Moderate,Female,68,0.13953488372093026,True,False,False
21,84,Medium,Yes,6,52,Medium,Yes,2,High,High,Public,Negative,5,No,High School,Moderate,Male,68,0.46511627906976744,False,False,True
29,64,Medium,No,9,77,Medium,Yes,0,Low,High,Public,Negative,2,No,High School,Moderate,Female,63,0.6511627906976744,False,True,False
11,94,Low,Yes,10,61,Medium,Yes,1,Medium,Low,Public,Neutral,3,No,College,Moderate,Male,66,0.23255813953488375,True,False,False
16,84,Low,No,6,68,Low,No,3,Medium,Medium,Private,Neutral,3,No,High School,Near,Male,65,0.3488372093023256,True,False,False
22,98,Medium,Yes,7,60,Medium,Yes,1,High,Medium,Public,Positive,1,No,High School,Near,Male,72,0.48837209302325585,True,False,False
28,87,Medium,No,6,52,Medium,Yes,4,Low,Low,Private,Neutral,3,No,Postgraduate,Near,Female,70,0.627906976744186,False,False,True
17,67,Low,No,10,71,Medium,Yes,1,Medium,Medium,Public,Positive,3,No,High School,Near,Male,63,0.37209302325581395,True,False,False
16,79,Medium,No,8,89,Medium,Yes,0,Low,High,Private,Neutral,4,No,High School,Near,Male,65,0.3488372093023256,False,False,True
8,86,Low,Yes,8,98,Low,Yes,1,Low,Medium,Private,Neutral,1,No,College,Near,Male,65,0.16279069767441862,True,False,False
21,61,High,No,9,81,Medium,Yes,1,Medium,Medium,Private,Neutral,3,No,Postgraduate,Near,Male,66,0.46511627906976744,True,False,False
32,61,Medium,Yes,7,69,High,Yes,0,High,Medium,Public,Positive,3,No,High School,Moderate,Female,68,0.7209302325581395,True,False,False
22,65,Low,Yes,7,88,Low,No,2,Medium,Medium,Public,Positive,4,No,College,Near,Male,64,0.48837209302325585,False,False,True
20,70,Medium,No,9,75,Low,Yes,3,Medium,Medium,Public,Neutral,4,No,College,Moderate,Male,66,0.4418604651162791,True,False,False
22,77,Medium,Yes,8,68,Medium,Yes,3,High,High,Public,Positive,4,No,High School,Moderate,Male,68,0.48837209302325585,False,True,False
20,79,Medium,Yes,6,59,Medium,Yes,0,Low,Medium,Public,Positive,2,No,High School,Moderate,Male,64,0.4418604651162791,False,True,False
15,66,Medium,No,6,90,Low,Yes,2,Medium,Medium,Public,Negative,3,No,College,Far,Female,62,0.32558139534883723,False,False,True
25,87,Medium,Yes,6,75,Medium,No,0,Low,Medium,Private,Neutral,2,Yes,High School,Near,Male,67,0.5581395348837209,False,False,True
21,84,High,No,9,98,Medium,Yes,1,Low,Medium,Public,Negative,3,No,High School,Moderate,Male,67,0.46511627906976744,False,True,False
20,72,Medium,No,9,90,Low,Yes,1,Medium,Medium,Private,Neutral,2,No,Postgraduate,Moderate,Male,65,0.4418604651162791,False,False,True
14,61,Medium,Yes,10,71,Medium,No,2,Low,Medium,Public,Neutral,4,No,High School,Near,Male,59,0.3023255813953489,False,True,False
28,63,High,Yes,6,87,Low,Yes,0,Low,Medium,Public,Positive,2,No,High School,Moderate,Female,66,0.627906976744186,False,False,True
24,76,Low,No,7,73,Medium,Yes,4,Medium,Medium,Public,Neutral,2,No,High School,Near,Female,68,0.5348837209302325,True,False,False
17,66,Medium,No,6,54,Medium,Yes,2,High,Low,Public,Positive,3,Yes,High School,Near,Female,63,0.37209302325581395,True,False,False
26,75,Low,Yes,7,76,Medium,Yes,2,Medium,Medium,Public,Neutral,3,No,College,Near,Male,68,0.5813953488372092,False,False,True
17,85,Low,Yes,8,93,Low,Yes,2,Medium,High,Public,Positive,3,No,College,Far,Female,68,0.37209302325581395,True,False,False
15,82,Medium,Yes,7,93,Medium,Yes,3,Low,High,Public,Negative,2,No,High School,Moderate,Female,66,0.32558139534883723,False,False,True
15,69,Low,No,9,79,Low,Yes,1,Medium,Medium,Private,Positive,2,No,High School,Moderate,Female,63,0.32558139534883723,True,False,False
9,74,Low,No,6,69,Low,Yes,3,Low,Medium,Private,Positive,2,No,High School,Moderate,Female,61,0.18604651162790697,False,False,True
23,85,Medium,Yes,8,51,Low,Yes,0,High,Low,Public,Negative,4,No,College,Near,Female,68,0.5116279069767441,True,False,False
9,94,Low,No,6,66,Low,Yes,0,Low,High,Public,Positive,3,No,College,Near,Male,66,0.18604651162790697,True,False,False
13,90,High,No,4,99,High,Yes,1,High,Medium,Public,Neutral,4,Yes,College,Moderate,Male,69,0.27906976744186046,False,False,True
8,82,High,Yes,5,86,Medium,No,0,Low,Medium,Public,Negative,3,No,Postgraduate,Near,Female,64,0.16279069767441862,False,False,True
19,74,Medium,No,7,86,High,Yes,1,High,Medium,Private,Positive,3,No,Postgraduate,Near,Male,68,0.4186046511627907,False,False,True
19,75,High,No,10,88,Low,Yes,0,Low,High,Public,Positive,2,No,High School,Near,Female,66,0.4186046511627907,False,False,True
18,95,Medium,No,6,81,Medium,Yes,0,Low,Medium,Public,Positive,3,Yes,High School,Near,Female,68,0.3953488372093023,False,False,True
14,62,High,Yes,7,79,Low,Yes,2,Medium,Medium,Private,Positive,2,No,High School,Moderate,Female,62,0.3023255813953489,False,False,True
13,100,Low,Yes,8,73,Low,Yes,1,Low,Medium,Public,Neutral,3,No,Postgraduate,Near,Male,68,0.27906976744186046,False,False,True
23,87,High,No,6,72,Medium,Yes,1,Low,High,Private,Negative,3,No,College,Moderate,Male,69,0.5116279069767441,False,False,True
17,87,High,Yes,6,94,Medium,Yes,2,Low,Medium,Private,Neutral,3,No,High School,Moderate,Male,70,0.37209302325581395,True,False,False
22,62,Medium,Yes,7,70,Low,Yes,4,Low,Medium,Public,Negative,2,No,College,Near,Female,65,0.48837209302325585,True,False,False
15,84,Medium,Yes,6,92,Medium,Yes,3,Medium,Medium,Public,Positive,3,No,College,Near,Female,68,0.32558139534883723,False,True,False
21,79,High,No,4,92,Low,Yes,0,Low,Medium,Public,Negative,2,No,Postgraduate,Near,Female,67,0.46511627906976744,False,False,True
28,64,Medium,Yes,6,89,Medium,Yes,0,Low,Low,Public,Neutral,4,No,College,Far,Male,64,0.627906976744186,False,True,False
24,71,Medium,No,8,52,Medium,No,2,Medium,Medium,Public,Negative,3,No,College,Near,Female,63,0.5348837209302325,False,True,False
18,96,Low,Yes,8,57,Medium,Yes,1,Medium,Medium,Public,Negative,2,No,High School,Near,Female,67,0.3953488372093023,False,False,True
22,82,Low,No,9,66,Medium,Yes,1,Low,High,Private,Negative,3,No,High School,Moderate,Male,66,0.48837209302325585,True,False,False
19,77,Low,Yes,9,92,Medium,Yes,2,Low,Medium,Public,Positive,4,No,High School,Near,Female,67,0.4186046511627907,True,False,False
20,63,Medium,Yes,6,94,Medium,No,2,Medium,Medium,Public,Neutral,3,No,High School,Far,Female,63,0.4418604651162791,False,False,True
18,89,Medium,Yes,6,52,Medium,Yes,3,High,High,Public,Positive,3,No,High School,Moderate,Female,69,0.3953488372093023,False,False,True
19,88,High,No,6,66,Medium,Yes,3,Medium,Medium,Public,Positive,2,No,High School,Near,Female,70,0.4186046511627907,True,False,False
21,85,Medium,Yes,7,93,Medium,Yes,0,High,Medium,Public,Neutral,4,No,High School,Moderate,Male,70,0.46511627906976744,True,False,False
14,80,Medium,No,6,62,Medium,Yes,0,High,Medium,Private,Negative,2,No,Postgraduate,Near,Male,65,0.3023255813953489,True,False,False
14,77,Low,No,7,99,Low,Yes,2,Medium,Medium,Public,Positive,2,No,Postgraduate,Moderate,Female,64,0.3023255813953489,False,True,False
12,84,High,Yes,6,74,High,Yes,1,Medium,High,Public,Negative,3,No,College,Moderate,Female,67,0.2558139534883721,False,False,True
10,69,Medium,No,8,97,Medium,Yes,1,Medium,Medium,Private,Negative,3,No,High School,Near,Female,61,0.20930232558139533,False,True,False
13,98,High,Yes,6,71,Medium,Yes,1,Low,High,Private,Positive,1,No,College,Near,Female,70,0.27906976744186046,False,False,True
21,84,Low,No,6,66,High,Yes,2,High,Medium,Private,Positive,4,Yes,College,Far,Male,68,0.46511627906976744,True,False,False
15,72,Medium,Yes,8,68,High,Yes,0,Medium,Medium,Public,Positive,2,No,High School,Near,Female,64,0.32558139534883723,False,False,True
23,78,Medium,No,8,94,Medium,Yes,1,High,Medium,Private,Neutral,2,Yes,High School,Moderate,Male,68,0.5116279069767441,True,False,False
20,92,Low,No,7,67,Low,Yes,1,Medium,Medium,Public,Positive,5,No,High School,Near,Male,68,0.4418604651162791,False,False,True
8,66,High,Yes,8,83,Medium,Yes,0,Low,Medium,Private,Positive,4,No,College,Near,Male,63,0.16279069767441862,True,False,False
24,72,Medium,Yes,8,73,Low,Yes,1,Low,Medium,Public,Positive,2,No,College,Moderate,Female,65,0.5348837209302325,False,True,False
25,87,Medium,Yes,10,97,Medium,Yes,4,Low,Low,Private,Neutral,3,Yes,High School,Near,Female,69,0.5581395348837209,False,True,False
14,73,High,No,8,58,Medium,Yes,2,Low,High,Public,Negative,2,No,College,Moderate,Male,63,0.3023255813953489,False,False,True
23,92,Medium,Yes,10,71,Medium,Yes,1,Low,Medium,Public,Neutral,3,No,College,Near,Male,69,0.5116279069767441,False,True,False
15,65,Low,Yes,7,56,Medium,No,3,High,Medium,Private,Positive,3,Yes,High School,Near,Female,61,0.32558139534883723,True,False,False
21,91,High,Yes,9,79,Medium,Yes,2,Low,Medium,Private,Neutral,3,No,College,Far,Female,69,0.46511627906976744,False,True,False
12,63,Medium,No,9,70,Low,Yes,1,High,Low,Public,Positive,3,No,College,Near,Female,62,0.2558139534883721,True,False,False
9,61,High,Yes,7,53,Medium,Yes,0,Medium,Medium,Public,Positive,2,Yes,Postgraduate,Far,Male,58,0.18604651162790697,False,True,False
18,96,High,Yes,6,92,Medium,Yes,2,Medium,Medium,Public,Positive,3,No,High School,Far,Male,71,0.3953488372093023,False,False,True
19,83,Low,No,6,69,Medium,Yes,5,Medium,Medium,Private,Positive,2,No,Postgraduate,Far,Male,69,0.4186046511627907,True,False,False
18,74,Medium,No,8,75,High,Yes,1,High,High,Public,Positive,3,No,Postgraduate,Moderate,Male,68,0.3953488372093023,True,False,False
13,69,Low,No,5,70,Medium,Yes,0,Medium,High,Private,Negative,2,No,College,Near,Male,61,0.27906976744186046,False,False,True
18,85,Medium,Yes,6,74,Medium,Yes,3,Low,Medium,Private,Negative,2,No,College,Far,Male,67,0.3953488372093023,True,False,False
22,80,High,Yes,9,51,Medium,Yes,2,Medium,Medium,Public,Negative,3,No,Postgraduate,Near,Male,68,0.48837209302325585,False,False,True
20,100,Medium,Yes,8,91,Medium,Yes,3,Low,Medium,Public,Positive,3,No,High School,Near,Male,72,0.4418604651162791,False,False,True
21,99,Low,Yes,4,67,Medium,Yes,1,Medium,Medium,Private,Negative,4,No,College,Near,Female,71,0.46511627906976744,True,False,False
16,85,Medium,Yes,5,86,Low,No,3,Medium,Medium,Public,Positive,2,No,High School,Near,Male,67,0.3488372093023256,False,False,True
27,78,Medium,No,10,53,Medium,Yes,3,Medium,Medium,Private,Neutral,4,Yes,Postgraduate,Moderate,Male,68,0.6046511627906976,False,False,True
13,80,Medium,No,9,76,Medium,Yes,0,High,Medium,Public,Neutral,2,No,High School,Near,Female,64,0.27906976744186046,False,False,True
23,87,High,No,6,95,High,Yes,3,High,Medium,Private,Positive,0,No,High School,Near,Female,73,0.5116279069767441,False,False,True
27,64,Medium,Yes,5,70,Medium,Yes,0,Low,High,Public,Positive,4,No,High School,Near,Female,65,0.6046511627906976,False,True,False
23,73,High,No,5,60,High,Yes,1,Medium,Medium,Private,Positive,2,No,Postgraduate,Near,Female,67,0.5116279069767441,False,True,False
19,63,Medium,Yes,8,55,Low,Yes,0,Medium,Medium,Private,Positive,4,No,College,Moderate,Female,63,0.4186046511627907,True,False,False
17,63,Medium,Yes,10,93,Medium,Yes,0,Low,Medium,Public,Positive,2,Yes,Postgraduate,Near,Female,63,0.37209302325581395,False,False,True
26,68,Medium,Yes,10,62,High,Yes,4,Medium,Medium,Public,Neutral,2,No,Postgraduate,Near,Female,69,0.5813953488372092,False,False,True
11,79,High,Yes,5,99,Medium,Yes,1,High,Low,Public,Positive,3,No,High School,Near,Female,68,0.23255813953488375,True,False,False
14,91,Medium,Yes,7,62,Medium,Yes,2,Low,High,Public,Neutral,2,No,College,Near,Male,68,0.3023255813953489,False,False,True
18,79,High,Yes,6,74,Medium,Yes,3,Low,Medium,Public,Positive,4,No,High School,Near,Male,69,0.3953488372093023,True,False,False
27,73,High,Yes,7,73,High,Yes,5,High,High,Public,Negative,3,No,High School,Near,Female,73,0.6046511627906976,True,False,False
22,63,High,Yes,5,53,High,Yes,3,Low,High,Public,Negative,2,No,High School,Near,Male,66,0.48837209302325585,True,False,False
14,82,Medium,Yes,6,77,Medium,Yes,3,Medium,Medium,Public,Positive,3,No,College,Near,Female,68,0.3023255813953489,False,False,True
18,71,Medium,No,6,84,Medium,Yes,2,Medium,Low,Public,Neutral,2,No,Postgraduate,Near,Male,65,0.3953488372093023,False,False,True
16,85,Medium,No,8,87,High,Yes,4,Low,Medium,Private,Negative,3,No,High School,Far,Male,67,0.3488372093023256,False,False,True
16,99,Medium,No,6,76,Low,Yes,2,Medium,Medium,Private,Positive,4,No,College,Near,Female,70,0.3488372093023256,False,False,True
26,64,High,No,6,91,Medium,Yes,1,Low,Medium,Private,Neutral,4,No,High School,Moderate,Male,66,0.5813953488372092,False,False,True
12,68,High,No,8,88,High,Yes,3,Low,Medium,Public,Negative,3,No,Postgraduate,Moderate,Female,64,0.2558139534883721,False,False,True
30,79,High,No,9,60,Medium,Yes,1,Low,Medium,Public,Neutral,3,No,High School,Near,Female,69,0.6744186046511628,False,False,True
25,99,Medium,No,10,70,Medium,Yes,1,Medium,Medium,Public,Positive,5,No,College,Far,Female,71,0.5581395348837209,False,True,False
27,91,Low,No,8,57,Medium,Yes,0,Low,Low,Private,Neutral,4,No,Postgraduate,Moderate,Male,68,0.6046511627906976,False,False,True
17,96,Medium,No,7,57,Low,Yes,2,Medium,Medium,Private,Negative,3,No,College,Moderate,Female,68,0.37209302325581395,True,False,False
19,73,Medium,Yes,9,86,High,Yes,0,Medium,High,Public,Positive,3,No,College,Near,Female,66,0.4186046511627907,False,True,False
11,100,High,No,9,77,Medium,Yes,2,Medium,High,Public,Positive,3,No,Postgraduate,Near,Female,70,0.23255813953488375,False,True,False
17,64,High,No,8,80,Medium,Yes,0,High,High,Public,Positive,2,No,Postgraduate,Near,Female,65,0.37209302325581395,False,False,True
23,62,Low,Yes,5,87,Medium,Yes,1,Medium,Medium,Public,Negative,4,No,High School,Near,Female,63,0.5116279069767441,False,False,True
28,94,Medium,Yes,9,64,Medium,Yes,0,Medium,Medium,Public,Neutral,3,No,High School,Moderate,Female,70,0.627906976744186,False,True,False
13,97,Medium,Yes,8,70,Medium,Yes,0,High,Medium,Private,Neutral,2,No,Postgraduate,Moderate,Female,67,0.27906976744186046,False,True,False
18,64,Medium,No,6,80,Medium,Yes,1,Medium,Medium,Public,Positive,5,Yes,High School,Near,Male,63,0.3953488372093023,False,False,True
19,65,Medium,No,6,55,Medium,Yes,1,Low,High,Public,Positive,3,No,Postgraduate,Moderate,Male,64,0.4186046511627907,True,False,False
12,61,Medium,Yes,8,92,Medium,Yes,2,High,Medium,Public,Neutral,4,Yes,High School,Moderate,Male,60,0.2558139534883721,False,True,False
24,64,Medium,Yes,4,67,Low,Yes,0,Low,Medium,Public,Neutral,1,No,High School,Near,Male,62,0.5348837209302325,False,False,True
16,68,High,No,7,83,High,Yes,2,Low,High,Public,Positive,2,No,High School,Near,Female,65,0.3488372093023256,False,False,True
19,99,Low,No,6,100,Medium,Yes,0,High,Low,Private,Negative,3,No,Postgraduate,Near,Male,69,0.4186046511627907,False,True,False
17,87,High,Yes,6,74,Low,Yes,1,Low,High,Private,Neutral,3,No,College,Moderate,Female,68,0.37209302325581395,False,False,True
15,91,Medium,No,6,61,Medium,No,1,Medium,High,Public,Positive,2,No,High School,Moderate,Male,66,0.32558139534883723,False,False,True
20,91,High,Yes,5,61,Low,Yes,4,Low,Medium,Public,Positive,2,No,Postgraduate,Near,Male,72,0.4418604651162791,True,False,False
19,81,High,Yes,9,53,Medium,Yes,2,High,Medium,Public,Positive,3,No,High School,Near,Male,68,0.4186046511627907,False,False,True
18,92,Medium,No,4,88,Medium,Yes,3,High,Medium,Public,Neutral,2,No,High School,Moderate,Male,69,0.3953488372093023,False,False,True
16,84,Medium,No,7,65,Low,Yes,1,High,High,Public,Negative,3,No,High School,Moderate,Male,65,0.3488372093023256,False,False,True
22,73,Medium,Yes,6,59,Low,Yes,0,Low,Medium,Public,Positive,1,No,High School,Near,Male,65,0.48837209302325585,True,False,False
30,82,Medium,Yes,10,86,Low,Yes,2,Low,High,Public,Neutral,4,No,High School,Near,Female,70,0.6744186046511628,False,True,False
21,81,Low,Yes,7,65,High,Yes,1,Medium,Medium,Public,Positive,2,No,College,Moderate,Male,67,0.46511627906976744,False,False,True
26,93,Medium,No,4,80,Medium,Yes,4,Low,Medium,Private,Positive,3,Yes,College,Near,Male,73,0.5813953488372092,True,False,False
12,99,High,No,8,71,Medium,Yes,2,Medium,Low,Public,Neutral,2,No,College,Near,Female,70,0.2558139534883721,True,False,False
21,76,Medium,Yes,5,67,Medium,Yes,1,High,Low,Private,Positive,3,No,High School,Moderate,Male,66,0.46511627906976744,False,False,True
13,91,Medium,Yes,8,74,Medium,Yes,1,Low,Medium,Private,Positive,1,No,Postgraduate,Near,Male,68,0.27906976744186046,False,False,True
11,64,Medium,Yes,8,66,Medium,Yes,2,Low,Medium,Public,Positive,2,No,College,Moderate,Male,61,0.23255813953488375,False,False,True
16,91,High,No,9,94,Low,Yes,0,High,Medium,Public,Positive,3,No,Postgraduate,Near,Male,70,0.3488372093023256,False,False,True
27,75,Low,Yes,7,54,Low,Yes,2,Medium,Medium,Public,Negative,3,No,Postgraduate,Near,Female,66,0.6046511627906976,False,False,True
26,62,Medium,Yes,8,52,Medium,Yes,4,Low,Medium,Public,Neutral,5,No,College,Near,Male,67,0.5813953488372092,True,False,False
21,75,High,No,7,70,High,Yes,1,Medium,High,Private,Neutral,3,No,Postgraduate,Near,Female,69,0.46511627906976744,True,False,False
11,84,Low,Yes,6,59,Low,Yes,2,Medium,Medium,Public,Positive,3,No,High School,Near,Female,64,0.23255813953488375,False,False,True
19,65,Medium,Yes,9,87,Low,Yes,0,High,High,Public,Positive,2,No,College,Moderate,Male,65,0.4186046511627907,True,False,False
22,97,Medium,Yes,5,68,Low,Yes,7,Medium,High,Private,Negative,5,No,College,Near,Female,75,0.48837209302325585,True,False,False
21,63,Medium,No,7,63,Medium,Yes,2,Medium,Medium,Public,Neutral,2,No,High School,Far,Male,63,0.46511627906976744,True,False,False
9,97,Medium,No,6,68,Low,Yes,5,Medium,Medium,Private,Neutral,3,No,College,Near,Male,69,0.18604651162790697,True,False,False
15,88,High,Yes,8,61,Low,Yes,2,Medium,High,Public,Positive,4,Yes,High School,Near,Male,68,0.32558139534883723,False,False,True
20,73,Low,Yes,6,65,Medium,Yes,2,High,High,Private,Positive,2,No,College,Near,Male,66,0.4418604651162791,False,False,True
23,76,Medium,Yes,6,78,Low,Yes,2,High,Medium,Public,Positive,2,No,High School,Moderate,Female,66,0.5116279069767441,False,True,False
7,90,Medium,Yes,7,93,Low,Yes,4,Medium,Medium,Public,Neutral,3,No,College,Near,Male,66,0.13953488372093026,False,True,False
19,84,Medium,Yes,9,69,Medium,Yes,2,Medium,Low,Public,Neutral,4,No,College,Near,Female,68,0.4186046511627907,False,False,True
21,87,Medium,Yes,6,66,Medium,Yes,1,Low,Low,Public,Negative,2,No,High School,Moderate,Female,65,0.46511627906976744,False,True,False
25,76,High,No,6,89,High,Yes,3,Low,Medium,Public,Neutral,3,No,College,Near,Male,70,0.5581395348837209,False,False,True
24,80,High,No,5,51,Medium,Yes,3,High,Low,Public,Positive,2,No,High School,Near,Female,68,0.5348837209302325,False,False,True
23,100,Medium,No,6,65,Low,Yes,1,Medium,High,Public,Neutral,2,Yes,High School,Near,Female,70,0.5116279069767441,False,False,True
15,69,Medium,No,8,73,Medium,Yes,2,Medium,Medium,Public,Neutral,2,No,High School,Moderate,Male,61,0.32558139534883723,False,True,False
9,77,Low,No,7,80,Medium,Yes,3,Medium,Medium,Public,Positive,3,Yes,High School,Near,Male,61,0.18604651162790697,False,True,False
18,72,High,No,7,58,Low,Yes,6,Low,Medium,Public,Positive,0,No,High School,Moderate,Male,64,0.3953488372093023,False,True,False
26,91,Medium,No,10,72,Low,Yes,4,High,Medium,Public,Neutral,3,No,College,Moderate,Male,71,0.5813953488372092,False,True,False
28,91,Medium,Yes,4,78,Low,Yes,1,Medium,Low,Public,Positive,3,No,High School,Moderate,Male,72,0.627906976744186,True,False,False
24,72,High,Yes,10,76,High,No,1,Low,Medium,Public,Negative,3,No,High School,Near,Male,66,0.5348837209302325,False,False,True
23,63,Medium,Yes,9,79,High,Yes,0,Low,Medium,Private,Negative,4,No,High School,Far,Female,63,0.5116279069767441,False,False,True
22,60,Low,No,7,83,Medium,No,3,Medium,Medium,Public,Positive,1,No,College,Near,Female,62,0.48837209302325585,False,True,False
17,77,Medium,Yes,8,69,Low,Yes,3,High,Medium,Public,Neutral,3,Yes,High School,Near,Male,65,0.37209302325581395,False,False,True
19,76,Medium,Yes,6,53,Medium,Yes,2,Medium,Medium,Public,Positive,5,No,High School,Near,Male,66,0.4186046511627907,False,False,True
30,100,High,No,7,53,Medium,Yes,2,Low,High,Private,Neutral,3,No,High School,Moderate,Male,72,0.6744186046511628,False,True,False
14,79,Medium,Yes,10,93,Medium,Yes,2,Medium,Medium,Public,Neutral,3,No,College,Near,Male,68,0.3023255813953489,True,False,False
30,70,Low,No,6,84,High,Yes,2,Medium,Medium,Public,Positive,3,No,Postgraduate,Near,Male,70,0.6744186046511628,True,False,False
18,96,Medium,Yes,7,88,Medium,Yes,1,Medium,High,Private,Negative,3,No,High School,Moderate,Female,70,0.3953488372093023,False,False,True
28,80,High,No,6,96,High,Yes,2,Low,Medium,Public,Positive,6,No,High School,Near,Male,73,0.627906976744186,False,False,True
12,84,High,No,6,88,High,No,2,High,High,Public,Positive,2,No,High School,Near,Male,67,0.2558139534883721,False,False,True
24,64,Low,No,6,85,Medium,Yes,3,Medium,Medium,Public,Positive,2,No,Postgraduate,Moderate,Male,65,0.5348837209302325,False,False,True
16,75,Low,Yes,5,83,Medium,Yes,1,Medium,High,Private,Negative,3,No,College,Moderate,Female,65,0.3488372093023256,True,False,False
12,98,Medium,No,7,63,Medium,Yes,0,High,Medium,Private,Neutral,3,Yes,High School,Near,Female,65,0.2558139534883721,False,True,False
21,84,Medium,Yes,7,98,Medium,Yes,0,Medium,Medium,Public,Neutral,4,No,College,Near,Male,70,0.46511627906976744,False,False,True
26,74,Low,Yes,6,77,Medium,Yes,3,Medium,Medium,Private,Negative,2,No,High School,Far,Male,66,0.5813953488372092,False,False,True
15,85,Medium,Yes,4,61,Medium,Yes,0,Medium,Low,Public,Neutral,1,No,College,Near,Male,65,0.32558139534883723,False,False,True
11,96,High,No,7,60,Medium,Yes,2,Low,Medium,Public,Neutral,1,No,High School,Near,Male,68,0.23255813953488375,True,False,False
19,71,Medium,Yes,7,91,Medium,Yes,3,High,Medium,Public,Negative,1,No,High School,Moderate,Female,66,0.4186046511627907,False,False,True
19,80,Medium,Yes,10,63,High,No,1,Medium,Medium,Public,Neutral,2,No,College,Near,Female,65,0.4186046511627907,False,True,False
23,98,High,Yes,7,52,Low,Yes,2,Low,High,Private,Positive,4,Yes,High School,Near,Female,71,0.5116279069767441,False,False,True
26,67,Medium,Yes,8,71,Medium,Yes,2,High,Medium,Private,Negative,3,No,High School,Near,Male,65,0.5813953488372092,False,True,False
20,89,Medium,Yes,6,91,High,Yes,0,Medium,Medium,Private,Positive,4,No,College,Near,Male,70,0.4418604651162791,False,True,False
31,85,Medium,Yes,9,71,Low,Yes,0,Medium,High,Public,Negative,2,Yes,College,Moderate,Female,69,0.6976744186046511,False,False,True
21,87,Medium,No,6,90,High,Yes,3,High,Medium,Public,Negative,4,No,High School,Near,Male,71,0.46511627906976744,False,False,True
18,74,High,Yes,8,91,Medium,Yes,0,Medium,High,Private,Positive,2,No,High School,Near,Female,67,0.3953488372093023,False,False,True
10,73,Medium,Yes,8,93,High,Yes,3,Low,Medium,Public,Positive,2,Yes,High School,Moderate,Male,64,0.20930232558139533,False,False,True
18,87,Low,No,8,79,High,Yes,1,Low,High,Public,Negative,4,No,College,Near,Male,82,0.3953488372093023,False,True,False
18,69,High,Yes,10,85,Medium,Yes,2,High,Medium,Private,Positive,0,No,College,Moderate,Female,66,0.3953488372093023,False,False,True
26,77,Medium,Yes,6,63,Low,Yes,1,Low,High,Public,Negative,4,No,High School,Near,Male,66,0.5813953488372092,False,True,False
23,68,Medium,Yes,9,55,Medium,Yes,1,Medium,Medium,Public,Positive,3,No,High School,Moderate,Male,65,0.5116279069767441,True,False,False
13,60,Medium,No,9,77,Low,Yes,2,Medium,High,Private,Positive,5,Yes,High School,Near,Male,61,0.27906976744186046,False,False,True
21,99,High,No,7,51,High,Yes,2,Medium,Low,Private,Neutral,2,No,Postgraduate,Near,Female,72,0.46511627906976744,False,False,True
24,77,Medium,Yes,10,73,Medium,Yes,3,Medium,Medium,Public,Positive,3,No,High School,Near,Male,70,0.5348837209302325,True,False,False
29,99,Medium,Yes,7,55,Low,Yes,0,Medium,Medium,Private,Positive,3,No,High School,Moderate,Male,71,0.6511627906976744,False,False,True
25,66,Medium,Yes,7,55,Medium,Yes,4,Medium,Medium,Public,Neutral,2,Yes,High School,Moderate,Female,84,0.5581395348837209,True,False,False
25,83,High,Yes,7,94,Low,Yes,2,Low,High,Public,Positive,3,Yes,College,Moderate,Male,72,0.5581395348837209,True,False,False
20,68,High,Yes,5,82,Medium,No,1,Low,High,Public,Positive,3,No,Postgraduate,Near,Female,67,0.4418604651162791,False,False,True
22,92,Low,No,8,82,Medium,Yes,2,Medium,Medium,Private,Neutral,5,No,Postgraduate,Near,Male,72,0.48837209302325585,True,False,False
27,91,High,Yes,8,70,Low,Yes,1,Medium,Low,Public,Neutral,6,No,High School,Moderate,Female,70,0.6046511627906976,False,True,False
12,65,High,No,7,71,Medium,Yes,1,Low,High,Public,Neutral,4,No,High School,Moderate,Male,62,0.2558139534883721,False,False,True
18,96,Medium,Yes,10,65,Low,Yes,3,Medium,Medium,Public,Positive,2,No,College,Moderate,Female,71,0.3953488372093023,True,False,False
15,68,Medium,No,6,72,Low,Yes,3,High,Low,Public,Neutral,3,No,High School,Near,Female,62,0.32558139534883723,False,True,False
22,85,Medium,Yes,4,79,Low,Yes,1,Low,Low,Public,Positive,3,No,High School,Near,Female,68,0.48837209302325585,False,False,True
27,99,Medium,No,10,59,High,Yes,2,Low,Medium,Public,Positive,3,No,High School,Near,Male,74,0.6046511627906976,True,False,False
16,95,High,No,9,63,Medium,No,0,Medium,Low,Private,Positive,3,No,High School,Near,Male,68,0.3488372093023256,True,False,False
6,98,Low,No,8,75,Medium,Yes,1,High,Medium,Public,Neutral,3,Yes,Postgraduate,Far,Female,64,0.11627906976744186,False,False,True
18,74,Medium,Yes,6,69,Medium,Yes,0,Low,Medium,Public,Positive,4,No,High School,Moderate,Male,65,0.3953488372093023,True,False,False
25,64,Low,Yes,8,91,Medium,Yes,1,Low,Low,Public,Positive,5,No,College,Near,Male,66,0.5581395348837209,False,False,True
23,68,High,No,5,91,Low,Yes,5,Low,Medium,Public,Neutral,1,No,College,Near,Female,68,0.5116279069767441,False,False,True
23,80,Medium,No,7,67,Low,Yes,2,Low,High,Public,Neutral,4,No,High School,Near,Male,67,0.5116279069767441,False,False,True
18,92,Medium,Yes,6,73,Low,Yes,1,Medium,High,Public,Neutral,5,Yes,High School,Moderate,Female,67,0.3953488372093023,False,False,True
12,66,High,Yes,7,99,Low,Yes,2,Medium,Low,Public,Neutral,3,No,High School,Moderate,Male,63,0.2558139534883721,False,False,True
23,86,High,Yes,8,91,Medium,Yes,2,Low,Medium,Public,Negative,1,No,College,Near,Female,71,0.5116279069767441,False,False,True
15,73,High,No,5,61,Low,No,1,Low,High,Private,Positive,2,No,Postgraduate,Moderate,Male,63,0.32558139534883723,False,False,True
33,74,Low,No,8,64,Medium,Yes,0,Medium,Medium,Public,Negative,3,Yes,High School,Near,Male,66,0.7441860465116279,False,False,True
23,86,Medium,No,7,54,Low,Yes,2,Medium,Medium,Public,Negative,2,Yes,High School,Near,Female,67,0.5116279069767441,True,False,False
17,79,High,Yes,8,84,Medium,Yes,0,Medium,Medium,Public,Neutral,2,No,High School,Moderate,Male,66,0.37209302325581395,False,False,True
16,92,Medium,Yes,7,66,High,Yes,2,Medium,Medium,Public,Positive,4,No,Postgraduate,Moderate,Female,70,0.3488372093023256,False,False,True
19,66,Medium,No,8,77,Low,No,3,Medium,Medium,Public,Negative,4,No,College,Moderate,Female,64,0.4186046511627907,True,False,False
19,92,Medium,Yes,6,88,Low,Yes,1,High,Medium,Public,Positive,2,No,Postgraduate,Near,Male,71,0.4186046511627907,False,False,True
27,63,High,Yes,4,92,Medium,Yes,0,Low,Medium,Public,Neutral,3,No,College,Near,Female,68,0.6046511627906976,True,False,False
21,68,Medium,Yes,5,66,Low,Yes,2,High,Medium,Private,Neutral,3,No,High School,Near,Male,64,0.46511627906976744,False,True,False
16,86,Medium,Yes,6,62,Low,Yes,1,Low,High,Public,Positive,4,No,High School,Near,Female,66,0.3488372093023256,False,False,True
31,94,Medium,No,5,92,Low,Yes,1,High,Low,Private,Neutral,4,No,High School,Near,Male,72,0.6976744186046511,False,True,False
20,70,Medium,Yes,9,69,High,Yes,2,Medium,High,Public,Neutral,3,No,Postgraduate,Near,Female,66,0.4418604651162791,False,True,False
25,73,High,Yes,7,91,Medium,Yes,0,Medium,High,Public,Neutral,4,No,High School,Near,Female,70,0.5581395348837209,False,False,True
16,81,Medium,Yes,8,57,High,Yes,1,Medium,Medium,Private,Positive,2,No,High School,Near,Male,66,0.3488372093023256,False,False,True
22,68,Medium,No,8,96,Medium,Yes,1,Medium,Medium,Public,Positive,3,No,Postgraduate,Moderate,Female,68,0.48837209302325585,True,False,False
22,92,Low,Yes,7,74,High,Yes,2,Medium,Low,Public,Positive,4,No,College,Moderate,Male,70,0.48837209302325585,False,False,True
9,91,Medium,No,10,59,High,Yes,0,Low,Medium,Private,Positive,2,No,College,Moderate,Male,64,0.18604651162790697,False,False,True
32,66,High,Yes,10,77,High,Yes,3,Medium,Medium,Public,Neutral,1,No,College,Near,Male,71,0.7209302325581395,True,False,False
28,79,High,Yes,9,94,Low,Yes,2,Low,Medium,Private,Positive,5,No,College,Near,Male,72,0.627906976744186,False,False,True
18,91,Medium,Yes,6,69,Medium,Yes,5,Low,High,Public,Positive,2,No,High School,Near,Male,71,0.3953488372093023,True,False,False
13,73,Low,No,9,59,Medium,Yes,0,Medium,High,Public,Neutral,4,No,Postgraduate,Near,Male,63,0.27906976744186046,False,False,True
22,85,Medium,Yes,4,79,Medium,Yes,1,High,Low,Public,Positive,2,No,College,Near,Male,68,0.48837209302325585,False,True,False
21,62,Medium,No,9,92,Medium,Yes,1,Medium,Medium,Private,Positive,4,Yes,High School,Near,Male,63,0.46511627906976744,False,False,True
22,84,Medium,No,4,56,Medium,Yes,0,High,Low,Private,Positive,2,No,High School,Moderate,Male,66,0.48837209302325585,False,False,True
21,66,Medium,Yes,7,52,High,Yes,1,Medium,Medium,Public,Neutral,3,No,High School,Far,Female,63,0.46511627906976744,False,False,True
23,93,High,No,9,53,High,Yes,1,Low,Medium,Private,Neutral,4,No,College,Near,Female,72,0.5116279069767441,True,False,False
29,74,High,Yes,8,62,High,Yes,3,Low,High,Public,Positive,3,Yes,Postgraduate,Moderate,Male,70,0.6511627906976744,False,False,True
23,71,Medium,Yes,5,50,Medium,Yes,1,Low,High,Public,Positive,1,No,College,Near,Female,65,0.5116279069767441,False,False,True
14,94,High,Yes,7,71,Medium,Yes,0,Medium,Medium,Private,Negative,3,Yes,College,Moderate,Female,67,0.3023255813953489,False,False,True
28,62,High,No,8,85,Medium,Yes,2,Low,High,Public,Positive,3,No,High School,Moderate,Female,66,0.627906976744186,False,True,False
30,76,Medium,Yes,7,86,Medium,Yes,1,Medium,High,Public,Neutral,2,Yes,Postgraduate,Far,Male,69,0.6744186046511628,False,False,True
39,75,High,Yes,6,82,High,Yes,1,High,Low,Public,Negative,3,No,College,Near,Male,73,0.883720930232558,False,False,True
13,71,High,Yes,8,65,High,Yes,2,Medium,Medium,Public,Neutral,4,No,Postgraduate,Near,Female,66,0.27906976744186046,False,False,True
21,96,Medium,Yes,9,87,Medium,Yes,0,Medium,Medium,Public,Neutral,6,Yes,High School,Near,Female,70,0.46511627906976744,False,False,True
8,90,High,No,7,79,High,Yes,2,Low,Medium,Public,Negative,4,No,College,Near,Male,68,0.16279069767441862,True,False,False
23,63,Medium,Yes,9,93,Medium,Yes,2,Medium,High,Private,Positive,2,No,High School,Far,Male,65,0.5116279069767441,False,True,False
17,89,Medium,No,7,74,Medium,Yes,1,Low,Medium,Private,Positive,2,No,Postgraduate,Moderate,Female,67,0.37209302325581395,False,False,True
32,81,Medium,No,6,59,High,Yes,2,High,Medium,Public,Neutral,2,No,High School,Moderate,Female,71,0.7209302325581395,True,False,False
15,96,High,No,9,82,Medium,Yes,2,Low,Low,Private,Neutral,3,No,High School,Near,Female,70,0.32558139534883723,True,False,False
10,73,Low,Yes,9,58,Low,Yes,5,Low,Medium,Private,Negative,3,No,High School,Moderate,Male,61,0.20930232558139533,False,False,True
17,83,Medium,Yes,6,98,Medium,Yes,0,Medium,Medium,Public,Positive,3,No,High School,Near,Male,69,0.37209302325581395,True,False,False
8,80,Medium,Yes,6,85,Medium,Yes,1,Low,High,Public,Negative,3,No,Postgraduate,Near,Male,63,0.16279069767441862,False,True,False
25,80,Medium,Yes,10,88,Low,Yes,0,Low,High,Private,Negative,2,No,College,Moderate,Male,67,0.5581395348837209,False,False,True
8,78,Medium,Yes,7,84,Medium,Yes,0,Medium,Medium,Public,Positive,2,No,College,Near,Male,65,0.16279069767441862,True,False,False
20,68,Medium,Yes,7,55,High,Yes,0,Low,Low,Public,Positive,3,Yes,High School,Near,Female,63,0.4418604651162791,True,False,False
8,90,Medium,No,7,73,High,Yes,3,High,Low,Private,Negative,4,No,Postgraduate,Near,Male,67,0.16279069767441862,False,False,True
18,78,High,Yes,9,83,Medium,Yes,2,Low,Medium,Private,Negative,2,No,Postgraduate,Moderate,Female,66,0.3953488372093023,False,True,False
30,98,Medium,Yes,10,61,Medium,Yes,0,Low,Medium,Public,Positive,3,No,Postgraduate,Moderate,Male,72,0.6744186046511628,False,True,False
22,70,High,No,7,84,Low,Yes,3,Low,High,Public,Positive,5,No,High School,Near,Male,68,0.48837209302325585,False,False,True
15,87,Medium,Yes,10,91,Medium,Yes,1,Low,Low,Public,Neutral,4,No,High School,Moderate,Male,67,0.32558139534883723,True,False,False
20,98,Medium,Yes,6,64,Medium,Yes,1,High,High,Private,Positive,3,No,Postgraduate,Moderate,Male,72,0.4418604651162791,False,False,True
20,87,High,Yes,7,60,Medium,Yes,0,Low,Medium,Public,Positive,2,Yes,High School,Far,Female,66,0.4418604651162791,False,False,True
23,95,Medium,Yes,8,94,Medium,Yes,1,Medium,Medium,Public,Positive,4,No,High School,Near,Male,73,0.5116279069767441,False,False,True
12,93,High,Yes,6,50,Low,Yes,4,High,High,Public,Positive,3,No,Postgraduate,Moderate,Male,71,0.2558139534883721,True,False,False
24,74,Low,Yes,8,63,High,Yes,1,Low,High,Public,Positive,3,No,High School,Moderate,Male,65,0.5348837209302325,False,True,False
4,84,Medium,Yes,6,70,Medium,Yes,5,Medium,High,Private,Neutral,4,No,High School,Near,Male,65,0.06976744186046512,False,False,True
16,66,Medium,Yes,5,84,Medium,Yes,2,Medium,Medium,Private,Neutral,3,No,High School,Near,Female,65,0.3488372093023256,True,False,False
17,81,Medium,Yes,4,100,Low,Yes,2,Medium,High,Private,Neutral,2,No,College,Near,Male,68,0.37209302325581395,False,False,True
24,69,Medium,No,7,69,Medium,No,7,High,Medium,Public,Positive,3,No,College,Near,Female,70,0.5348837209302325,True,False,False
20,90,Low,Yes,8,97,Low,Yes,1,Medium,Low,Private,Neutral,2,No,High School,Near,Female,68,0.4418604651162791,False,False,True
12,81,Medium,Yes,5,68,High,Yes,0,Low,High,Private,Negative,2,No,High School,Near,Male,62,0.2558139534883721,False,True,False
14,76,Medium,No,7,85,High,Yes,3,Low,Medium,Private,Neutral,3,No,College,Near,Male,66,0.3023255813953489,False,False,True
21,71,Medium,No,7,58,Low,Yes,3,Low,Medium,Public,Negative,5,No,College,Near,Female,65,0.46511627906976744,False,False,True
20,100,Medium,Yes,7,73,Medium,Yes,1,Low,Medium,Public,Neutral,4,No,College,Near,Female,71,0.4418604651162791,False,False,True
17,63,Medium,No,6,94,Low,Yes,0,Medium,Medium,Public,Negative,2,No,High School,Moderate,Male,61,0.37209302325581395,False,False,True
17,62,Medium,No,7,66,High,Yes,2,High,Medium,Public,Neutral,4,No,High School,Moderate,Male,63,0.37209302325581395,False,False,True
24,69,High,Yes,7,55,Low,Yes,3,Medium,High,Public,Neutral,4,No,High School,Near,Male,67,0.5348837209302325,False,False,True
17,99,Medium,No,8,76,Low,No,2,High,Medium,Public,Positive,4,No,Postgraduate,Near,Male,70,0.37209302325581395,False,False,True
19,99,Medium,Yes,5,72,Low,Yes,3,Medium,High,Private,Neutral,4,No,Postgraduate,Near,Male,73,0.4186046511627907,False,False,True
33,86,Medium,No,7,61,Medium,Yes,1,High,Medium,Public,Positive,3,No,High School,Near,Male,72,0.7441860465116279,False,False,True
11,95,Medium,Yes,5,95,Low,Yes,1,Low,High,Public,Positive,3,No,Postgraduate,Near,Male,69,0.23255813953488375,False,False,True
9,69,Medium,Yes,7,80,Medium,Yes,1,Medium,Medium,Private,Neutral,3,No,College,Moderate,Male,61,0.18604651162790697,False,True,False
25,99,Medium,No,5,67,Medium,Yes,1,Low,High,Public,Neutral,3,No,High School,Near,Male,71,0.5581395348837209,False,False,True
16,66,Medium,Yes,6,100,Medium,Yes,1,Medium,Medium,Public,Neutral,3,No,High School,Moderate,Female,64,0.3488372093023256,False,False,True
18,64,Medium,Yes,7,57,Medium,Yes,1,High,Medium,Public,Neutral,3,No,High School,Moderate,Male,61,0.3953488372093023,False,True,False
15,64,Medium,No,6,92,Low,Yes,3,Low,Medium,Public,Negative,4,No,College,Near,Female,63,0.32558139534883723,False,False,True
18,83,Low,Yes,9,62,High,Yes,2,Low,Medium,Public,Negative,2,No,High School,Near,Male,65,0.3953488372093023,False,False,True
30,91,Medium,No,9,62,Low,Yes,3,Low,High,Public,Negative,4,No,Postgraduate,Near,Female,73,0.6744186046511628,True,False,False
25,75,Low,Yes,8,75,High,Yes,2,High,High,Private,Negative,4,Yes,Postgraduate,Near,Male,68,0.5581395348837209,False,False,True
25,99,Medium,No,8,83,Medium,Yes,1,Medium,Medium,Public,Neutral,2,No,College,Near,Female,72,0.5581395348837209,False,False,True
12,77,Low,Yes,7,85,Medium,Yes,1,Medium,Medium,Public,Positive,3,No,College,Far,Male,62,0.2558139534883721,False,True,False
13,66,Medium,Yes,9,51,Low,Yes,3,Medium,Medium,Private,Positive,2,No,Postgraduate,Moderate,Male,63,0.27906976744186046,True,False,False
3,79,Medium,Yes,7,64,Low,Yes,0,Medium,Medium,Public,Negative,3,No,Postgraduate,Far,Female,58,0.046511627906976744,False,True,False
15,87,Medium,No,10,83,Medium,Yes,1,High,High,Private,Positive,3,No,High School,Near,Male,68,0.32558139534883723,False,False,True
26,93,High,Yes,6,94,Low,Yes,1,Medium,High,Public,Negative,2,No,High School,Near,Female,74,0.5813953488372092,True,False,False
23,78,Medium,Yes,5,83,Medium,Yes,1,Medium,Medium,Public,Positive,3,No,High School,Near,Male,68,0.5116279069767441,False,False,True
19,84,Medium,Yes,5,63,Medium,Yes,1,High,Medium,Private,Positive,2,No,High School,Near,Male,67,0.4186046511627907,False,False,True
20,71,Medium,Yes,5,75,Low,Yes,0,Medium,Medium,Private,Positive,4,No,High School,Near,Male,65,0.4418604651162791,False,False,True
16,86,Low,Yes,5,82,Low,Yes,0,Low,Medium,Public,Neutral,4,No,High School,Moderate,Female,63,0.3488372093023256,False,True,False
21,99,Low,No,7,57,High,Yes,2,Medium,Medium,Public,Neutral,2,No,Postgraduate,Near,Male,71,0.46511627906976744,False,False,True
25,62,Low,Yes,8,77,Medium,Yes,0,Medium,Low,Public,Negative,4,No,College,Far,Female,62,0.5581395348837209,False,False,True
10,95,Low,Yes,7,74,High,Yes,2,Low,Medium,Public,Negative,3,No,High School,Far,Male,66,0.20930232558139533,True,False,False
22,82,Medium,No,5,67,Low,Yes,1,Low,High,Private,Neutral,1,Yes,Postgraduate,Near,Female,65,0.48837209302325585,False,True,False
26,70,Medium,No,6,81,Low,Yes,0,Low,High,Public,Neutral,3,No,High School,Moderate,Male,66,0.5813953488372092,True,False,False
18,98,Low,No,8,82,Medium,Yes,3,Medium,High,Public,Negative,3,No,College,Near,Male,71,0.3953488372093023,True,False,False
24,79,High,No,6,99,High,No,2,Low,High,Public,Negative,3,No,High School,Near,Male,68,0.5348837209302325,False,True,False
37,73,High,Yes,6,71,Medium,Yes,0,High,High,Public,Positive,5,No,High School,Moderate,Male,72,0.8372093023255813,False,False,True
19,67,High,No,5,77,Medium,Yes,1,Medium,High,Private,Negative,4,No,Postgraduate,Near,Male,66,0.4186046511627907,False,False,True
22,70,Low,Yes,6,58,Low,Yes,4,High,Medium,Public,Positive,2,No,Postgraduate,Moderate,Male,66,0.48837209302325585,False,False,True
16,93,High,No,6,77,High,Yes,2,Low,Medium,Public,Negative,1,No,High School,Moderate,Male,67,0.3488372093023256,False,True,False
21,85,High,Yes,7,52,Medium,Yes,5,High,High,Public,Positive,3,No,Postgraduate,Moderate,Male,71,0.46511627906976744,False,True,False
23,97,High,Yes,8,57,Low,No,2,High,Medium,Public,Positive,1,No,Postgraduate,Far,Male,72,0.5116279069767441,True,False,False
21,69,Medium,No,7,59,Medium,Yes,3,Low,Medium,Public,Neutral,3,No,Postgraduate,Near,Male,64,0.46511627906976744,False,True,False
14,65,High,No,7,82,Low,Yes,1,Low,Low,Public,Negative,3,No,High School,Near,Male,60,0.3023255813953489,False,True,False
21,60,Low,No,8,78,Medium,Yes,2,Medium,High,Public,Positive,2,No,High School,Near,Female,64,0.46511627906976744,True,False,False
29,80,Low,Yes,5,90,Medium,Yes,2,Medium,Low,Public,Positive,1,No,College,Near,Female,70,0.6511627906976744,False,False,True
23,100,Low,Yes,10,73,Medium,Yes,3,Medium,Medium,Private,Neutral,2,No,College,Near,Male,72,0.5116279069767441,False,False,True
26,88,High,No,6,74,Medium,Yes,0,Low,Medium,Public,Negative,2,No,High School,Moderate,Female,68,0.5813953488372092,False,False,True
19,72,Low,Yes,8,58,Medium,Yes,0,Medium,Low,Public,Neutral,3,No,High School,Near,Female,62,0.4186046511627907,False,False,True
24,95,Low,No,5,87,Medium,Yes,0,Low,Medium,Public,Neutral,2,No,High School,Far,Male,68,0.5348837209302325,False,False,True
22,91,High,Yes,7,50,Medium,Yes,2,Low,Medium,Public,Positive,5,No,Postgraduate,Moderate,Male,72,0.48837209302325585,True,False,False
14,61,Low,Yes,7,71,Medium,Yes,0,Medium,Low,Private,Neutral,1,No,Postgraduate,Near,Female,60,0.3023255813953489,False,False,True
22,93,High,No,9,59,Low,Yes,3,Low,High,Public,Positive,4,No,Postgraduate,Near,Female,72,0.48837209302325585,False,False,True
14,72,High,No,7,89,Medium,Yes,2,Medium,Medium,Public,Positive,3,No,High School,Near,Female,65,0.3023255813953489,False,True,False
16,66,Low,No,9,84,High,Yes,3,Low,Low,Public,Positive,4,No,High School,Near,Female,63,0.3488372093023256,False,False,True
21,69,Low,Yes,7,85,Medium,Yes,2,Medium,Medium,Private,Positive,0,No,Postgraduate,Near,Male,66,0.46511627906976744,False,False,True
22,79,Medium,No,10,57,Low,Yes,1,Medium,High,Public,Positive,2,No,High School,Near,Male,65,0.48837209302325585,False,True,False
13,77,High,No,4,83,Medium,Yes,1,Medium,High,Public,Negative,2,No,Postgraduate,Moderate,Male,65,0.27906976744186046,False,False,True
26,72,High,No,8,85,Medium,Yes,2,Low,Medium,Public,Negative,3,No,High School,Near,Male,67,0.5813953488372092,False,True,False
23,67,Medium,No,4,50,Low,Yes,4,Low,Medium,Private,Positive,3,No,College,Moderate,Male,65,0.5116279069767441,False,False,True
16,90,Medium,No,7,66,Medium,Yes,0,High,High,Public,Negative,3,No,High School,Moderate,Male,67,0.3488372093023256,True,False,False
11,100,Medium,Yes,9,54,Low,Yes,1,Low,Medium,Public,Negative,3,No,Postgraduate,Near,Male,66,0.23255813953488375,False,False,True
19,91,High,Yes,9,84,High,Yes,2,High,High,Public,Positive,3,Yes,High School,Near,Male,71,0.4186046511627907,False,True,False
17,72,Medium,No,8,61,Medium,Yes,1,Medium,Medium,Public,Neutral,4,No,Postgraduate,Moderate,Male,64,0.37209302325581395,False,False,True
21,70,Low,No,7,63,Medium,Yes,0,Medium,Medium,Public,Positive,2,No,High School,Far,Male,61,0.46511627906976744,False,True,False
18,69,High,Yes,8,54,Low,Yes,1,High,High,Private,Neutral,2,No,High School,Near,Male,65,0.3953488372093023,True,False,False
8,65,Medium,No,10,74,Medium,Yes,1,Medium,High,Private,Positive,5,No,High School,Near,Male,61,0.16279069767441862,False,False,True
18,82,Low,No,7,52,Low,Yes,1,Low,Medium,Public,Negative,4,No,High School,Near,Female,64,0.3953488372093023,True,False,False
18,84,High,Yes,8,92,Low,Yes,0,Low,High,Public,Negative,3,No,College,Near,Female,69,0.3953488372093023,True,False,False
24,88,Medium,Yes,6,51,High,Yes,4,Medium,Low,Public,Positive,4,No,High School,Near,Male,71,0.5348837209302325,False,False,True
16,87,Medium,No,9,53,High,Yes,3,Medium,High,Private,Neutral,5,No,College,Near,Male,70,0.3488372093023256,True,False,False
30,72,Medium,Yes,8,82,High,Yes,1,Low,Medium,Public,Positive,1,No,College,Moderate,Female,70,0.6744186046511628,True,False,False
9,73,Medium,Yes,6,96,Low,Yes,0,Low,High,Public,Positive,2,No,High School,Near,Male,62,0.18604651162790697,False,False,True
28,87,Medium,No,8,95,Medium,Yes,2,Medium,Low,Private,Positive,3,No,Postgraduate,Near,Female,73,0.627906976744186,False,False,True
19,74,High,No,8,54,High,Yes,0,Medium,Medium,Public,Positive,3,No,College,Near,Male,66,0.4186046511627907,False,False,True
25,69,Medium,Yes,8,64,Medium,Yes,1,High,Low,Public,Negative,3,No,Postgraduate,Moderate,Female,66,0.5581395348837209,False,False,True
20,75,Medium,No,7,76,Medium,Yes,3,High,High,Private,Negative,3,No,College,Near,Female,66,0.4418604651162791,False,True,False
27,71,Medium,Yes,9,51,Medium,No,3,High,Medium,Public,Neutral,1,No,College,Far,Female,66,0.6046511627906976,False,False,True
18,64,Medium,Yes,6,76,Medium,Yes,2,Medium,High,Public,Positive,4,No,High School,Near,Male,65,0.3953488372093023,False,False,True
13,93,Low,No,7,72,High,Yes,2,Medium,Medium,Private,Positive,2,No,Postgraduate,Near,Female,67,0.27906976744186046,False,True,False
29,94,Medium,No,7,79,Medium,Yes,6,Low,High,Private,Neutral,4,No,College,Near,Female,76,0.6511627906976744,True,False,False
19,69,Medium,Yes,9,96,Medium,Yes,0,High,High,Private,Positive,3,No,High School,Moderate,Female,66,0.4186046511627907,False,False,True
21,63,Medium,Yes,6,64,Low,Yes,1,High,High,Public,Negative,3,No,High School,Near,Male,63,0.46511627906976744,False,False,True
27,90,Medium,No,7,82,Medium,Yes,0,Medium,Medium,Public,Positive,3,No,College,Moderate,Female,71,0.6046511627906976,False,False,True
14,68,High,No,6,71,Low,Yes,1,Medium,Medium,Public,Positive,3,No,College,Moderate,Male,63,0.3023255813953489,False,False,True
24,76,Low,Yes,7,72,Low,Yes,1,High,Medium,Public,Positive,2,No,College,Moderate,Male,67,0.5348837209302325,True,False,False
16,63,Medium,Yes,8,82,Medium,Yes,0,High,Medium,Public,Neutral,3,No,High School,Near,Male,63,0.3488372093023256,False,False,True
19,69,Medium,Yes,5,98,Medium,Yes,0,High,Medium,Public,Neutral,4,No,High School,Moderate,Male,66,0.4186046511627907,True,False,False
20,92,Medium,Yes,9,93,Low,Yes,3,High,Medium,Public,Positive,2,No,College,Near,Female,72,0.4418604651162791,False,False,True
11,92,Medium,Yes,8,82,High,Yes,4,Medium,Medium,Private,Negative,2,No,Postgraduate,Near,Female,70,0.23255813953488375,True,False,False
15,68,Low,Yes,6,73,Medium,No,0,Medium,Medium,Public,Positive,3,No,College,Near,Male,62,0.32558139534883723,True,False,False
28,73,Medium,Yes,6,71,Medium,Yes,0,Medium,High,Private,Positive,2,No,College,Moderate,Female,69,0.627906976744186,True,False,False
25,65,Medium,Yes,9,89,Medium,Yes,2,Medium,High,Public,Neutral,3,No,High School,Near,Female,66,0.5581395348837209,False,True,False
20,63,Medium,Yes,8,61,Medium,Yes,2,High,Medium,Public,Neutral,3,No,High School,Near,Male,64,0.4418604651162791,False,False,True
21,100,Medium,Yes,6,79,Medium,Yes,2,Low,Medium,Public,Neutral,1,No,High School,Near,Female,70,0.46511627906976744,False,True,False
18,86,Medium,No,6,75,High,Yes,0,Low,High,Public,Neutral,4,No,High School,Near,Male,67,0.3953488372093023,False,False,True
28,82,High,Yes,8,82,Low,Yes,1,Medium,Medium,Private,Negative,2,No,Postgraduate,Near,Male,71,0.627906976744186,False,False,True
19,91,Medium,No,8,59,High,Yes,1,High,Medium,Public,Neutral,2,No,Postgraduate,Near,Male,69,0.4186046511627907,False,False,True
21,94,Low,No,8,85,Medium,Yes,1,Medium,Medium,Public,Negative,4,No,College,Near,Male,70,0.46511627906976744,True,False,False
27,92,Medium,Yes,7,81,Medium,Yes,0,Low,Medium,Public,Negative,1,No,College,Near,Male,70,0.6046511627906976,False,False,True
15,61,Low,Yes,8,59,Medium,Yes,1,Medium,Medium,Public,Neutral,2,No,Postgraduate,Moderate,Female,61,0.32558139534883723,True,False,False
29,67,High,No,7,72,Medium,No,0,Medium,High,Public,Neutral,3,No,High School,Near,Female,65,0.6511627906976744,False,True,False
11,86,High,Yes,6,84,Medium,Yes,0,High,High,Private,Neutral,3,No,High School,Near,Male,67,0.23255813953488375,False,False,True
30,75,Low,Yes,9,95,Low,Yes,1,High,Medium,Public,Negative,5,No,Postgraduate,Near,Male,70,0.6744186046511628,False,False,True
18,99,Medium,No,8,56,Medium,No,2,Low,High,Private,Negative,3,No,High School,Near,Male,67,0.3953488372093023,False,False,True
19,87,High,Yes,6,50,Medium,Yes,3,Low,Medium,Public,Neutral,2,No,Postgraduate,Near,Male,68,0.4186046511627907,False,True,False
9,98,High,No,7,58,Medium,Yes,2,Medium,Medium,Public,Negative,4,No,College,Near,Male,69,0.18604651162790697,True,False,False
17,68,Medium,No,7,99,Medium,Yes,1,Medium,Low,Private,Neutral,1,No,Postgraduate,Near,Male,65,0.37209302325581395,False,False,True
14,95,Medium,Yes,6,88,Medium,Yes,2,Low,Low,Public,Neutral,2,No,High School,Far,Male,68,0.3023255813953489,True,False,False
16,73,Medium,Yes,7,81,Medium,Yes,1,High,High,Public,Negative,4,No,Postgraduate,Near,Male,67,0.3488372093023256,True,False,False
19,100,High,Yes,6,57,Medium,Yes,1,High,Medium,Private,Positive,2,Yes,High School,Near,Male,70,0.4186046511627907,False,False,True
26,66,High,No,8,71,High,Yes,2,Medium,Medium,Public,Neutral,3,No,High School,Near,Female,68,0.5813953488372092,True,False,False
21,81,Medium,Yes,7,86,Medium,Yes,1,Low,Medium,Public,Neutral,4,No,College,Near,Male,69,0.46511627906976744,True,False,False
22,92,Low,Yes,5,95,Low,Yes,0,Low,Low,Public,Positive,3,No,Postgraduate,Near,Male,70,0.48837209302325585,True,False,False
13,77,High,Yes,7,69,Medium,Yes,2,Low,High,Private,Neutral,5,No,College,Moderate,Male,67,0.27906976744186046,True,False,False
15,79,High,Yes,6,100,Medium,Yes,4,Low,Medium,Public,Neutral,3,No,College,Near,Female,70,0.32558139534883723,True,False,False
31,99,Low,Yes,4,57,High,Yes,1,High,High,Public,Neutral,2,No,Postgraduate,Moderate,Female,74,0.6976744186046511,False,False,True
16,77,Low,Yes,7,69,Low,Yes,1,Low,High,Public,Neutral,4,No,High School,Near,Female,63,0.3488372093023256,False,False,True
30,84,Medium,Yes,9,94,Medium,Yes,1,Low,High,Private,Positive,2,Yes,High School,Near,Female,72,0.6744186046511628,True,False,False
19,62,Medium,No,7,82,Low,Yes,0,Low,Low,Private,Neutral,5,Yes,Postgraduate,Near,Male,62,0.4186046511627907,True,False,False
20,94,Medium,No,8,91,Medium,Yes,1,Low,Medium,Public,Positive,2,No,Postgraduate,Near,Female,71,0.4418604651162791,False,False,True
26,86,Low,No,7,95,Medium,Yes,0,Low,High,Public,Negative,5,No,High School,Moderate,Male,68,0.5813953488372092,False,False,True
28,76,High,Yes,6,75,High,Yes,3,High,Medium,Public,Positive,3,No,High School,Near,Male,72,0.627906976744186,False,False,True
19,61,High,Yes,6,62,High,Yes,1,High,Medium,Public,Neutral,2,No,Postgraduate,Moderate,Female,64,0.4186046511627907,False,False,True
18,84,Low,No,5,85,Medium,Yes,0,Medium,Medium,Public,Neutral,4,No,High School,Moderate,Male,64,0.3953488372093023,False,True,False
20,61,High,Yes,8,78,Medium,Yes,0,Low,Medium,Private,Positive,5,No,High School,Near,Female,63,0.4418604651162791,False,True,False
22,60,Medium,Yes,8,89,Medium,Yes,2,Medium,High,Private,Neutral,4,No,College,Moderate,Male,66,0.48837209302325585,True,False,False
25,85,Medium,Yes,7,76,Medium,Yes,2,High,Medium,Public,Positive,2,No,College,Near,Female,71,0.5581395348837209,False,False,True
20,68,High,Yes,4,91,High,Yes,4,High,Medium,Private,Positive,4,No,College,Near,Male,70,0.4418604651162791,False,False,True
24,68,Medium,Yes,8,95,Low,Yes,3,Medium,Medium,Public,Positive,0,No,High School,Moderate,Male,67,0.5348837209302325,True,False,False
30,86,High,Yes,6,87,Medium,Yes,0,Low,Low,Private,Positive,4,No,College,Near,Female,73,0.6744186046511628,True,False,False
22,62,Medium,Yes,7,87,Medium,Yes,2,High,Low,Public,Neutral,3,No,High School,Near,Female,64,0.48837209302325585,False,True,False
22,73,Medium,No,5,79,Medium,Yes,4,Medium,Low,Public,Negative,1,No,Postgraduate,Moderate,Female,65,0.48837209302325585,False,True,False
11,66,Medium,Yes,7,74,Medium,Yes,3,Medium,High,Private,Neutral,3,No,High School,Far,Female,62,0.23255813953488375,False,False,True
4,83,Medium,No,7,99,Low,Yes,1,Low,Low,Private,Neutral,3,No,College,Near,Female,64,0.06976744186046512,True,False,False
22,86,Medium,No,4,82,Low,Yes,1,Low,Low,Private,Positive,5,No,College,Moderate,Male,67,0.48837209302325585,False,True,False
19,89,High,No,9,92,High,Yes,5,Medium,Medium,Private,Positive,3,No,Postgraduate,Near,Male,74,0.4186046511627907,False,False,True
17,70,Medium,No,7,75,Medium,Yes,1,Low,Medium,Private,Neutral,4,Yes,College,Far,Male,63,0.37209302325581395,True,False,False
21,64,Low,Yes,7,78,Low,Yes,1,Medium,Medium,Public,Positive,4,No,High School,Near,Male,64,0.46511627906976744,True,False,False
20,63,Low,No,8,83,Low,Yes,4,Medium,Medium,Public,Neutral,3,No,Postgraduate,Moderate,Female,64,0.4418604651162791,False,False,True
27,77,High,No,7,86,High,Yes,1,High,High,Public,Negative,3,No,College,Near,Male,70,0.6046511627906976,False,True,False
21,98,Medium,Yes,8,72,Medium,Yes,3,Low,Low,Public,Positive,3,No,High School,Moderate,Female,71,0.46511627906976744,False,False,True
16,69,Medium,Yes,5,68,Medium,Yes,0,Medium,High,Public,Neutral,4,No,College,Moderate,Male,63,0.3488372093023256,False,False,True
26,70,High,Yes,7,62,Medium,Yes,0,Low,Medium,Private,Negative,1,No,College,Near,Female,66,0.5813953488372092,False,False,True
19,64,High,Yes,4,71,Medium,Yes,1,High,Medium,Public,Neutral,3,No,High School,Near,Male,65,0.4186046511627907,False,False,True
23,84,High,No,7,61,Medium,Yes,2,Medium,High,Public,Neutral,5,No,College,Moderate,Male,70,0.5116279069767441,False,False,True
17,87,Low,Yes,9,71,Medium,Yes,2,Low,Medium,Public,Neutral,3,No,College,Moderate,Female,65,0.37209302325581395,False,True,False
16,86,Medium,Yes,5,94,High,Yes,0,Medium,Medium,Public,Negative,2,No,High School,Near,Male,68,0.3488372093023256,True,False,False
21,94,High,No,6,99,Medium,Yes,1,Medium,High,Private,Neutral,2,No,High School,Near,Male,72,0.46511627906976744,False,False,True
20,79,High,Yes,4,79,Low,Yes,0,Medium,High,Private,Neutral,4,No,High School,Moderate,Male,67,0.4418604651162791,False,False,True
23,65,High,No,7,57,Low,No,1,High,Medium,Public,Neutral,4,No,High School,Near,Male,65,0.5116279069767441,True,False,False
18,72,Medium,No,8,71,Low,Yes,2,High,Medium,Public,Positive,4,No,Postgraduate,Near,Male,66,0.3953488372093023,False,False,True
9,86,High,No,8,80,Medium,Yes,1,Low,Medium,Public,Positive,5,No,College,Far,Female,67,0.18604651162790697,True,False,False
17,85,Low,No,6,69,Medium,Yes,1,Medium,Medium,Private,Neutral,3,Yes,Postgraduate,Near,Male,65,0.37209302325581395,False,False,True
25,81,Medium,No,4,60,Medium,Yes,2,Medium,Medium,Private,Neutral,3,No,High School,Near,Male,68,0.5581395348837209,False,False,True
18,87,Medium,No,5,61,High,Yes,2,Medium,Medium,Public,Positive,1,No,High School,Near,Male,68,0.3953488372093023,False,False,True
19,85,High,Yes,9,74,Medium,Yes,1,High,Medium,Public,Neutral,3,No,College,Moderate,Female,69,0.4186046511627907,False,False,True
26,95,Low,Yes,8,61,Medium,Yes,2,Medium,Medium,Private,Neutral,2,No,Postgraduate,Near,Female,71,0.5813953488372092,False,False,True
16,83,Medium,Yes,7,62,Medium,Yes,0,Low,Medium,Private,Neutral,1,Yes,Postgraduate,Moderate,Male,64,0.3488372093023256,False,False,True
11,91,High,No,7,94,Medium,Yes,1,Medium,Medium,Public,Neutral,3,Yes,High School,Moderate,Male,65,0.23255813953488375,False,True,False
19,70,Medium,No,5,89,Medium,Yes,1,Low,High,Private,Neutral,2,No,High School,Near,Male,64,0.4186046511627907,False,False,True
17,87,Medium,Yes,9,53,Low,Yes,3,Low,Medium,Public,Positive,3,No,Postgraduate,Moderate,Female,67,0.37209302325581395,False,False,True
14,96,High,No,6,66,Medium,Yes,3,Medium,Medium,Public,Positive,2,No,College,Near,Female,70,0.3023255813953489,False,False,True
19,75,High,No,8,77,Medium,Yes,1,Low,Low,Public,Positive,4,No,High School,Moderate,Female,66,0.4186046511627907,False,False,True
23,91,Medium,No,5,53,Low,Yes,3,Medium,High,Private,Negative,3,No,High School,Near,Male,70,0.5116279069767441,True,False,False
20,89,High,Yes,7,84,Low,Yes,1,High,High,Public,Neutral,4,No,High School,Moderate,Male,70,0.4418604651162791,False,False,True
22,62,Medium,Yes,9,69,Low,Yes,1,High,Low,Private,Negative,3,No,College,Near,Male,64,0.48837209302325585,True,False,False
31,83,High,Yes,6,70,Medium,Yes,3,Low,Medium,Private,Negative,3,No,College,Near,Male,71,0.6976744186046511,False,True,False
18,65,High,Yes,8,63,Medium,Yes,1,Medium,Medium,Public,Positive,3,No,High School,Far,Male,63,0.3953488372093023,False,False,True
22,99,Medium,Yes,5,67,High,Yes,1,Medium,High,Private,Negative,3,No,College,Near,Male,72,0.48837209302325585,False,False,True
17,92,High,No,6,93,Medium,Yes,4,Medium,Low,Private,Neutral,4,No,College,Moderate,Female,72,0.37209302325581395,True,False,False
15,64,Low,Yes,7,89,Low,Yes,0,Low,Medium,Public,Negative,2,No,High School,Near,Male,61,0.32558139534883723,True,False,False
16,65,Low,Yes,8,97,High,Yes,2,Low,Medium,Public,Negative,4,Yes,High School,Near,Female,63,0.3488372093023256,True,False,False
17,84,High,No,7,85,High,Yes,0,Medium,Medium,Private,Positive,2,No,College,Moderate,Male,67,0.37209302325581395,False,True,False
22,74,Low,Yes,8,79,Low,Yes,3,Medium,Medium,Public,Neutral,1,No,High School,Near,Female,67,0.48837209302325585,True,False,False
34,61,Low,No,9,63,Low,Yes,2,Medium,Medium,Public,Neutral,5,No,High School,Moderate,Female,65,0.7674418604651162,False,False,True
16,82,Medium,No,6,83,Medium,Yes,0,Medium,Medium,Public,Negative,2,No,High School,Near,Female,64,0.3488372093023256,False,True,False
18,76,Low,No,5,95,High,Yes,2,High,High,Public,Positive,6,No,Postgraduate,Near,Female,69,0.3953488372093023,False,False,True
20,64,High,No,6,53,High,No,4,High,Medium,Private,Neutral,4,No,College,Moderate,Female,65,0.4418604651162791,False,False,True
22,92,High,No,9,72,Low,Yes,1,Low,High,Public,Neutral,4,Yes,Postgraduate,Near,Male,71,0.48837209302325585,True,False,False
22,97,Medium,Yes,6,57,Medium,Yes,0,Medium,High,Private,Positive,2,No,High School,Near,Male,70,0.48837209302325585,False,False,True
28,90,Medium,Yes,9,91,Medium,Yes,0,Medium,Medium,Public,Positive,2,No,College,Moderate,Female,98,0.627906976744186,False,True,False
5,93,Medium,Yes,7,81,Medium,No,1,Low,High,Public,Neutral,2,No,College,Near,Female,65,0.09302325581395349,False,False,True
6,69,Medium,Yes,10,94,Medium,No,1,Medium,Medium,Private,Neutral,4,No,Postgraduate,Near,Female,63,0.11627906976744186,True,False,False
17,71,Medium,Yes,10,53,Low,Yes,0,Low,Low,Public,Positive,3,No,High School,Moderate,Male,61,0.37209302325581395,False,False,True
27,68,Low,Yes,9,95,Medium,Yes,1,Low,Medium,Public,Positive,3,No,College,Moderate,Male,67,0.6046511627906976,False,False,True
11,91,Medium,No,5,53,Medium,Yes,0,Low,Medium,Private,Neutral,2,No,Postgraduate,Near,Female,64,0.23255813953488375,False,False,True
2,98,Medium,No,4,64,Medium,Yes,1,Low,High,Private,Neutral,2,No,High School,Near,Female,65,0.023255813953488372,True,False,False
23,89,High,Yes,7,58,Medium,Yes,2,Medium,High,Private,Positive,3,No,Postgraduate,Moderate,Male,73,0.5116279069767441,True,False,False
21,95,High,Yes,8,57,Low,No,1,Low,Medium,Public,Positive,3,No,High School,Near,Male,69,0.46511627906976744,False,False,True
13,86,High,No,8,59,Medium,Yes,3,Medium,Medium,Public,Neutral,3,No,High School,Near,Male,67,0.27906976744186046,False,False,True
14,76,Medium,No,6,74,Low,Yes,0,High,Medium,Private,Positive,2,Yes,College,Far,Male,63,0.3023255813953489,True,False,False
14,77,High,Yes,5,89,Low,Yes,0,Medium,Medium,Private,Positive,2,No,College,Near,Male,67,0.3023255813953489,True,False,False
21,63,High,Yes,8,95,Medium,Yes,2,High,Medium,Public,Neutral,5,No,High School,Near,Male,66,0.46511627906976744,False,True,False
16,61,High,Yes,10,78,Medium,Yes,2,Low,High,Public,Positive,2,No,College,Moderate,Female,64,0.3488372093023256,False,False,True
23,88,Low,Yes,6,58,Medium,Yes,2,Low,Medium,Public,Neutral,2,No,High School,Moderate,Male,68,0.5116279069767441,True,False,False
3,78,Medium,No,8,54,High,Yes,2,High,Medium,Public,Positive,4,No,High School,Moderate,Male,61,0.046511627906976744,False,False,True
15,82,Medium,Yes,10,75,Medium,Yes,1,High,Medium,Public,Negative,1,No,College,Near,Female,66,0.32558139534883723,False,False,True
13,82,Medium,Yes,7,88,Medium,Yes,0,Low,Medium,Public,Neutral,2,No,High School,Near,Female,65,0.27906976744186046,False,False,True
18,71,High,Yes,7,81,Medium,Yes,0,Medium,Medium,Public,Negative,4,No,College,Moderate,Female,65,0.3953488372093023,False,False,True
17,79,Medium,No,8,79,Medium,Yes,3,Medium,High,Private,Neutral,5,Yes,Postgraduate,Near,Male,67,0.37209302325581395,False,False,True
25,79,Medium,Yes,7,52,Medium,Yes,1,Medium,Medium,Public,Negative,2,No,Postgraduate,Moderate,Female,68,0.5581395348837209,True,False,False
9,76,Medium,Yes,9,71,Medium,Yes,1,Medium,High,Public,Neutral,3,No,College,Near,Male,63,0.18604651162790697,False,False,True
20,93,Medium,No,6,78,Low,Yes,1,Low,Medium,Public,Positive,3,No,College,Moderate,Female,70,0.4418604651162791,True,False,False
23,78,High,No,7,80,Medium,Yes,0,Low,Medium,Private,Neutral,2,No,High School,Near,Female,68,0.5116279069767441,True,False,False
31,84,Medium,No,5,50,Medium,No,2,Low,High,Private,Positive,3,No,High School,Near,Male,69,0.6976744186046511,False,False,True
17,96,Medium,Yes,7,60,Low,Yes,0,Low,Medium,Private,Neutral,2,Yes,College,Near,Male,67,0.37209302325581395,True,False,False
22,95,Medium,No,5,97,Medium,Yes,0,Low,Low,Public,Neutral,3,No,High School,Moderate,Male,69,0.48837209302325585,False,False,True
9,96,Low,Yes,8,75,Low,Yes,1,Low,High,Private,Positive,4,Yes,High School,Near,Female,65,0.18604651162790697,False,False,True
6,71,High,Yes,5,85,Medium,Yes,1,Low,Medium,Public,Positive,2,No,High School,Moderate,Male,61,0.11627906976744186,False,False,True
25,61,High,Yes,8,65,Low,Yes,3,Low,Low,Public,Neutral,3,No,College,Near,Female,65,0.5581395348837209,False,False,True
20,70,Medium,Yes,6,79,Low,Yes,4,Medium,Medium,Public,Positive,4,No,Postgraduate,Near,Male,67,0.4418604651162791,False,True,False
27,71,High,Yes,10,68,Medium,Yes,1,Low,Medium,Public,Negative,2,No,High School,Moderate,Male,66,0.6046511627906976,False,False,True
12,96,Medium,No,9,65,Medium,Yes,2,High,High,Private,Neutral,4,Yes,Postgraduate,Near,Female,69,0.2558139534883721,False,False,True
23,86,Medium,Yes,8,71,High,Yes,3,Medium,Medium,Public,Neutral,4,No,College,Near,Female,71,0.5116279069767441,False,False,True
31,63,High,No,5,73,Medium,Yes,1,High,Low,Public,Positive,2,No,High School,Near,Female,68,0.6976744186046511,True,False,False
23,65,Medium,No,6,67,High,No,3,Medium,Medium,Private,Negative,5,No,High School,Moderate,Male,65,0.5116279069767441,True,False,False
22,66,Medium,No,6,63,High,Yes,1,Low,Medium,Private,Neutral,5,No,Postgraduate,Far,Male,64,0.48837209302325585,False,False,True
20,85,Low,No,6,81,Low,Yes,1,High,High,Private,Positive,3,No,College,Near,Male,68,0.4418604651162791,False,False,True
11,89,High,No,9,69,Low,Yes,1,Low,Low,Public,Neutral,3,No,High School,Near,Male,64,0.23255813953488375,False,True,False
28,94,High,No,7,60,Low,Yes,1,Low,Medium,Public,Positive,3,No,High School,Near,Male,71,0.627906976744186,False,False,True
16,98,Medium,No,6,88,Medium,Yes,1,Low,Medium,Public,Neutral,3,No,Postgraduate,Moderate,Female,70,0.3488372093023256,True,False,False
23,68,Medium,Yes,6,86,Medium,Yes,0,Medium,Medium,Public,Positive,2,No,Postgraduate,Near,Male,68,0.5116279069767441,True,False,False
11,72,Medium,Yes,6,94,Low,Yes,2,Medium,Medium,Public,Positive,3,No,High School,Moderate,Male,63,0.23255813953488375,False,False,True
13,70,High,Yes,8,78,Medium,Yes,0,Low,Medium,Private,Negative,3,Yes,High School,Near,Male,61,0.27906976744186046,False,False,True
29,74,Low,No,5,64,Medium,Yes,2,Medium,Medium,Public,Neutral,1,No,College,Moderate,Male,66,0.6511627906976744,False,False,True
18,97,High,Yes,7,93,Medium,Yes,5,High,Medium,Public,Positive,4,No,College,Near,Female,75,0.3953488372093023,False,False,True
29,83,High,Yes,8,64,Medium,Yes,2,Medium,High,Public,Neutral,1,No,High School,Far,Male,71,0.6511627906976744,True,False,False
20,90,Medium,Yes,4,83,High,Yes,1,Low,Low,Public,Positive,3,No,College,Near,Male,69,0.4418604651162791,False,False,True
9,80,Low,No,5,60,Medium,Yes,2,Low,Medium,Private,Neutral,3,No,High School,Near,Male,62,0.18604651162790697,True,False,False
25,61,Medium,No,7,81,High,Yes,0,Medium,Medium,Public,Positive,4,No,High School,Moderate,Female,65,0.5581395348837209,False,False,True
16,63,Low,No,9,92,Medium,Yes,0,Low,Medium,Private,Positive,3,No,College,Moderate,Female,61,0.3488372093023256,False,False,True
24,82,Medium,No,9,77,Medium,Yes,3,Medium,Medium,Public,Positive,2,No,High School,Near,Female,69,0.5348837209302325,False,False,True
20,89,Low,Yes,6,74,Low,Yes,1,Medium,Low,Private,Positive,3,No,Postgraduate,Far,Male,66,0.4418604651162791,False,True,False
11,69,Medium,Yes,9,100,Low,Yes,1,Low,Medium,Public,Neutral,5,No,High School,Near,Male,64,0.23255813953488375,True,False,False
21,89,Medium,Yes,7,51,Low,Yes,1,Medium,Medium,Public,Positive,4,No,High School,Near,Female,69,0.46511627906976744,True,False,False
33,92,High,Yes,7,67,Low,Yes,6,High,Medium,Public,Positive,5,No,High School,Near,Female,78,0.7441860465116279,True,False,False
23,76,High,Yes,7,96,Low,Yes,2,Medium,Medium,Private,Neutral,4,No,High School,Near,Female,68,0.5116279069767441,False,True,False
20,90,High,No,8,82,Medium,Yes,2,High,Medium,Private,Negative,4,Yes,High School,Moderate,Female,70,0.4418604651162791,True,False,False
26,76,Medium,Yes,6,77,Medium,Yes,1,Medium,Medium,Private,Neutral,5,No,High School,Near,Male,68,0.5813953488372092,False,True,False
21,87,Low,Yes,6,82,Medium,Yes,0,Medium,High,Public,Neutral,5,No,Postgraduate,Near,Female,68,0.46511627906976744,False,True,False
21,91,Medium,No,5,66,Low,Yes,1,High,Medium,Public,Positive,3,No,College,Near,Female,69,0.46511627906976744,False,False,True
13,100,Low,Yes,8,54,Medium,Yes,0,Medium,High,Public,Positive,3,No,College,Near,Female,68,0.27906976744186046,False,False,True
21,74,Low,Yes,8,64,Medium,Yes,3,Low,Low,Public,Neutral,1,No,College,Far,Male,80,0.46511627906976744,True,False,False
26,76,Medium,Yes,8,67,High,Yes,1,Low,Medium,Public,Negative,3,No,High School,Moderate,Male,67,0.5813953488372092,False,False,True
15,67,Medium,Yes,5,74,Medium,Yes,1,High,High,Public,Positive,2,No,Postgraduate,Near,Male,64,0.32558139534883723,False,True,False
29,68,Low,No,6,70,Low,Yes,0,Medium,Medium,Public,Negative,2,No,Postgraduate,Near,Male,64,0.6511627906976744,False,False,True
19,88,Medium,Yes,9,76,Low,Yes,1,Medium,High,Public,Positive,3,No,High School,Far,Male,68,0.4186046511627907,False,False,True
15,97,Medium,No,7,60,Low,Yes,4,Medium,Medium,Public,Negative,3,No,High School,Near,Female,67,0.32558139534883723,False,True,False
26,76,Medium,No,7,59,Low,Yes,0,Medium,Medium,Public,Neutral,1,Yes,Postgraduate,Near,Male,65,0.5813953488372092,False,False,True
18,67,High,Yes,7,68,Medium,Yes,0,Medium,Medium,Public,Positive,4,No,High School,Near,Male,66,0.3953488372093023,True,False,False
25,71,Low,Yes,8,74,Low,Yes,4,Medium,Medium,Public,Positive,4,Yes,Postgraduate,Near,Male,67,0.5581395348837209,False,False,True
18,78,Medium,No,7,67,Low,No,0,High,Medium,Public,Negative,3,No,College,Moderate,Male,64,0.3953488372093023,True,False,False
20,72,Low,Yes,6,79,Medium,Yes,1,Low,Medium,Private,Positive,4,No,Postgraduate,Near,Female,66,0.4418604651162791,False,False,True
23,69,Low,Yes,8,66,Low,No,1,Medium,Medium,Public,Positive,3,No,College,Far,Male,63,0.5116279069767441,False,False,True
22,89,High,No,5,59,High,Yes,5,Medium,Medium,Private,Positive,4,Yes,High School,Near,Male,71,0.48837209302325585,False,False,True
8,60,Medium,Yes,9,93,High,Yes,0,Low,High,Public,Neutral,3,No,Postgraduate,Near,Female,62,0.16279069767441862,True,False,False
13,82,High,No,6,60,Medium,Yes,1,Low,Low,Public,Positive,4,No,College,Far,Female,64,0.27906976744186046,False,False,True
26,92,Medium,Yes,8,98,Medium,Yes,2,Medium,Medium,Public,Neutral,3,No,Postgraduate,Moderate,Male,72,0.5813953488372092,False,True,False
19,71,Medium,Yes,7,99,Low,Yes,0,Low,High,Public,Negative,4,No,High School,Moderate,Female,65,0.4186046511627907,True,False,False
17,84,High,No,6,85,Medium,Yes,1,Medium,Low,Public,Positive,2,No,College,Near,Female,67,0.37209302325581395,False,True,False
12,87,High,Yes,9,75,Medium,No,1,Low,Medium,Private,Neutral,3,Yes,College,Moderate,Female,65,0.2558139534883721,True,False,False
14,86,Low,Yes,8,90,Low,Yes,0,Low,Medium,Private,Neutral,1,No,High School,Near,Male,63,0.3023255813953489,False,True,False
8,78,High,No,7,94,Low,Yes,1,High,High,Public,Neutral,3,Yes,High School,Near,Female,65,0.16279069767441862,True,False,False
19,74,Medium,Yes,10,85,Medium,Yes,1,Low,Medium,Public,Positive,5,No,Postgraduate,Moderate,Male,67,0.4186046511627907,False,False,True
16,93,Medium,Yes,8,55,Low,Yes,0,High,Medium,Public,Neutral,4,No,High School,Moderate,Male,67,0.3488372093023256,False,False,True
14,90,Medium,Yes,6,50,Medium,Yes,0,Medium,High,Private,Positive,3,No,College,Moderate,Male,65,0.3023255813953489,False,True,False
20,73,High,Yes,4,60,Medium,Yes,1,Low,Medium,Private,Positive,3,Yes,High School,Moderate,Male,64,0.4418604651162791,False,False,True
22,64,Low,No,7,59,High,Yes,0,Medium,High,Private,Positive,5,Yes,High School,Near,Female,64,0.48837209302325585,True,False,False
33,63,High,Yes,9,59,Medium,Yes,1,Medium,Medium,Public,Positive,4,No,High School,Near,Male,69,0.7441860465116279,True,False,False
11,64,Medium,No,8,75,Low,Yes,1,High,Medium,Private,Positive,3,No,High School,Moderate,Male,60,0.23255813953488375,False,False,True
27,83,Medium,Yes,9,76,Medium,Yes,1,Low,High,Public,Positive,4,No,High School,Near,Male,70,0.6046511627906976,False,False,True
26,62,High,No,6,86,Medium,Yes,2,Medium,Medium,Public,Positive,3,No,High School,Near,Male,66,0.5813953488372092,False,True,False
15,73,Medium,Yes,7,60,High,Yes,3,Medium,Medium,Public,Neutral,4,No,College,Near,Female,66,0.32558139534883723,False,False,True
21,90,Low,No,7,55,Medium,Yes,2,Medium,Medium,Public,Neutral,2,No,College,Near,Female,68,0.46511627906976744,False,False,True
17,72,Medium,No,7,83,Low,Yes,3,Medium,High,Public,Negative,3,Yes,High School,Far,Female,62,0.37209302325581395,False,True,False
21,91,High,Yes,8,74,Low,Yes,0,Medium,Medium,Public,Negative,2,No,Postgraduate,Near,Female,70,0.46511627906976744,False,False,True
29,90,Medium,Yes,9,83,Medium,Yes,0,Medium,High,Private,Positive,3,No,High School,Near,Female,72,0.6511627906976744,False,False,True
24,70,Low,Yes,10,69,High,Yes,1,High,Medium,Public,Negative,2,No,High School,Moderate,Female,64,0.5348837209302325,False,True,False
23,89,Medium,No,9,88,High,Yes,1,High,Medium,Public,Neutral,5,No,Postgraduate,Near,Male,71,0.5116279069767441,False,True,False
17,90,High,No,8,84,Medium,Yes,1,Low,Low,Public,Negative,4,No,High School,Far,Female,67,0.37209302325581395,False,False,True
11,76,Medium,No,6,83,High,Yes,3,Medium,Medium,Public,Positive,1,No,High School,Near,Female,64,0.23255813953488375,False,True,False
19,68,High,No,7,51,Medium,No,1,High,Medium,Public,Positive,1,No,High School,Moderate,Female,64,0.4186046511627907,True,False,False
27,81,High,Yes,8,93,Medium,Yes,0,High,High,Public,Neutral,3,No,College,Near,Female,72,0.6046511627906976,False,False,True
11,97,Low,Yes,7,69,Medium,Yes,3,Low,Medium,Public,Positive,2,No,High School,Near,Female,66,0.23255813953488375,False,True,False
14,86,Medium,No,6,57,Medium,Yes,3,High,High,Private,Neutral,2,No,College,Near,Female,68,0.3023255813953489,True,False,False
21,67,Medium,Yes,6,88,Medium,Yes,1,Low,Medium,Private,Positive,5,No,Postgraduate,Near,Female,95,0.46511627906976744,False,False,True
14,87,Low,Yes,8,74,Medium,Yes,0,Medium,High,Public,Neutral,3,Yes,College,Moderate,Male,64,0.3023255813953489,False,False,True
15,77,Medium,Yes,7,52,Medium,Yes,1,Medium,Medium,Public,Neutral,2,No,College,Near,Male,64,0.32558139534883723,False,False,True
17,84,High,Yes,7,89,Medium,Yes,2,High,Medium,Public,Positive,2,No,High School,Moderate,Male,68,0.37209302325581395,False,True,False
12,89,Low,Yes,7,72,Medium,Yes,1,High,High,Public,Neutral,5,No,College,Near,Male,67,0.2558139534883721,False,False,True
14,81,Medium,No,6,88,Medium,Yes,1,High,Medium,Public,Positive,3,No,Postgraduate,Moderate,Female,67,0.3023255813953489,False,False,True
24,93,Medium,Yes,7,88,Low,Yes,1,Medium,High,Public,Negative,3,No,High School,Moderate,Female,71,0.5348837209302325,True,False,False
12,89,Low,Yes,6,55,Low,Yes,1,Low,High,Public,Negative,3,No,High School,Near,Female,63,0.2558139534883721,False,False,True
10,85,Medium,Yes,6,81,Medium,Yes,3,Low,Medium,Public,Neutral,3,No,High School,Near,Female,66,0.20930232558139533,False,False,True
16,66,High,No,5,68,High,No,2,Low,Medium,Public,Positive,5,No,Postgraduate,Moderate,Male,65,0.3488372093023256,True,False,False
24,93,Low,Yes,7,77,Medium,Yes,0,Low,Medium,Private,Negative,3,No,High School,Near,Female,68,0.5348837209302325,False,False,True
19,97,Low,Yes,8,54,Medium,Yes,0,High,Medium,Public,Neutral,2,No,High School,Near,Male,68,0.4186046511627907,False,False,True
17,65,High,No,9,79,Medium,Yes,0,Medium,Medium,Public,Positive,2,Yes,High School,Moderate,Male,62,0.37209302325581395,False,False,True
20,80,Medium,Yes,5,89,Medium,Yes,0,High,High,Public,Neutral,3,No,Postgraduate,Far,Male,67,0.4418604651162791,False,True,False
10,70,High,Yes,9,99,Medium,Yes,1,Medium,Medium,Public,Neutral,4,No,High School,Moderate,Female,65,0.20930232558139533,True,False,False
23,90,Medium,Yes,7,66,Low,Yes,2,High,High,Public,Neutral,3,No,High School,Near,Female,71,0.5116279069767441,True,False,False
22,89,High,Yes,5,58,Medium,Yes,4,High,High,Public,Neutral,2,Yes,College,Near,Female,71,0.48837209302325585,False,False,True
18,66,Medium,Yes,6,68,Low,No,1,Medium,High,Public,Positive,3,Yes,High School,Far,Male,61,0.3953488372093023,True,False,False
26,95,Medium,No,4,51,Medium,Yes,1,Low,Medium,Public,Positive,2,No,High School,Near,Male,70,0.5813953488372092,False,False,True
13,67,Low,Yes,5,70,Medium,Yes,0,Low,High,Private,Negative,2,No,High School,Near,Male,60,0.27906976744186046,False,False,True
27,92,Medium,No,10,96,Medium,Yes,0,Low,Medium,Public,Neutral,2,No,Postgraduate,Far,Male,70,0.6046511627906976,False,True,False
21,78,High,No,6,60,High,Yes,1,Low,High,Private,Neutral,2,No,College,Near,Female,67,0.46511627906976744,False,False,True
18,73,Medium,Yes,8,74,Low,No,3,Medium,High,Private,Neutral,2,No,Postgraduate,Near,Male,66,0.3953488372093023,False,False,True
20,66,Low,Yes,7,79,Medium,Yes,2,Medium,Medium,Private,Positive,2,No,High School,Moderate,Female,63,0.4418604651162791,False,True,False
19,67,Medium,No,7,59,Low,Yes,3,Low,High,Private,Positive,3,No,Postgraduate,Near,Female,65,0.4186046511627907,False,False,True
27,86,Medium,Yes,8,67,High,Yes,5,High,High,Public,Positive,2,Yes,Postgraduate,Near,Female,75,0.6046511627906976,True,False,False
14,82,Medium,No,4,96,Low,Yes,2,High,Medium,Private,Negative,4,Yes,High School,Near,Male,66,0.3023255813953489,True,False,False
15,65,Medium,No,9,65,Medium,Yes,1,Low,Medium,Public,Neutral,2,No,College,Near,Female,61,0.32558139534883723,False,False,True
26,65,Medium,Yes,7,82,Low,Yes,1,Low,Medium,Public,Positive,1,No,Postgraduate,Far,Male,65,0.5813953488372092,False,False,True
16,63,Medium,Yes,6,57,Medium,Yes,2,Low,Low,Public,Neutral,3,No,Postgraduate,Near,Male,61,0.3488372093023256,False,True,False
25,90,High,Yes,8,83,Medium,Yes,2,Medium,Medium,Public,Negative,3,No,College,Near,Male,73,0.5581395348837209,True,False,False
30,88,Medium,Yes,6,64,Medium,Yes,1,High,Medium,Public,Neutral,2,No,College,Near,Female,73,0.6744186046511628,True,False,False
18,62,Medium,Yes,7,62,Medium,Yes,1,Medium,Medium,Public,Positive,5,No,College,Moderate,Male,63,0.3953488372093023,False,False,True
24,82,Medium,No,7,56,Medium,Yes,1,Medium,Medium,Public,Positive,3,No,Postgraduate,Moderate,Male,67,0.5348837209302325,False,True,False
13,63,High,Yes,8,52,Medium,Yes,2,Low,Medium,Public,Positive,4,No,High School,Near,Male,62,0.27906976744186046,False,False,True
25,96,Low,No,7,98,Medium,Yes,1,Medium,Medium,Private,Neutral,3,No,College,Near,Male,71,0.5581395348837209,False,True,False
21,96,Medium,Yes,5,71,Medium,Yes,2,Low,High,Public,Negative,4,No,High School,Moderate,Male,70,0.46511627906976744,False,False,True
23,88,Medium,No,8,89,Medium,Yes,0,Medium,High,Private,Positive,5,No,High School,Near,Female,70,0.5116279069767441,False,False,True
16,97,Medium,No,7,96,Low,No,4,Low,High,Private,Neutral,2,No,High School,Near,Female,69,0.3488372093023256,False,False,True
10,92,Medium,No,4,60,High,Yes,3,Low,Low,Public,Positive,2,No,College,Near,Female,66,0.20930232558139533,False,False,True
23,93,High,Yes,7,93,High,Yes,1,Medium,High,Public,Negative,3,No,High School,Near,Female,72,0.5116279069767441,False,True,False
8,83,Low,Yes,6,85,Low,Yes,1,Low,High,Public,Neutral,3,No,High School,Far,Female,63,0.16279069767441862,True,False,False
18,72,Medium,Yes,8,79,Medium,Yes,1,Medium,High,Public,Positive,4,No,High School,Moderate,Male,65,0.3953488372093023,False,True,False
26,69,High,Yes,6,90,Medium,Yes,3,Medium,Medium,Public,Positive,3,No,College,Moderate,Female,71,0.5813953488372092,True,False,False
21,73,Medium,No,5,56,Medium,Yes,5,High,Medium,Private,Neutral,3,No,High School,Moderate,Male,66,0.46511627906976744,False,False,True
32,85,Low,Yes,9,63,Low,No,2,High,Medium,Public,Neutral,3,No,High School,Moderate,Male,69,0.7209302325581395,False,False,True
26,67,Medium,No,8,57,Medium,Yes,0,Medium,Medium,Public,Negative,4,No,College,Far,Female,62,0.5813953488372092,False,True,False
16,70,High,No,7,95,High,No,1,Medium,Medium,Public,Neutral,3,No,High School,Near,Female,66,0.3488372093023256,True,False,False
20,79,Low,Yes,8,55,Low,Yes,3,Low,Medium,Private,Positive,4,No,High School,Near,Female,66,0.4418604651162791,False,False,True
20,69,Low,Yes,8,99,High,Yes,1,Medium,High,Public,Negative,3,Yes,High School,Moderate,Female,64,0.4418604651162791,False,False,True
11,84,Medium,Yes,7,55,High,Yes,0,Medium,High,Public,Negative,3,No,High School,Near,Male,63,0.23255813953488375,False,True,False
14,97,Medium,Yes,5,83,Medium,Yes,0,Low,Medium,Public,Positive,2,No,High School,Near,Female,68,0.3023255813953489,False,False,True
17,90,Medium,No,7,83,Low,Yes,5,Medium,High,Public,Negative,3,Yes,High School,Near,Male,68,0.37209302325581395,False,False,True
8,87,High,No,9,97,Low,Yes,2,Low,Medium,Public,Positive,3,No,High School,Near,Male,67,0.16279069767441862,True,False,False
20,83,Low,Yes,8,66,Medium,Yes,1,High,Medium,Private,Neutral,3,Yes,College,Near,Female,67,0.4418604651162791,True,False,False
19,80,High,Yes,7,67,Medium,Yes,2,Low,High,Public,Neutral,2,Yes,Postgraduate,Near,Female,68,0.4186046511627907,True,False,False
10,67,Medium,Yes,8,92,Medium,Yes,1,Medium,High,Public,Negative,4,No,Postgraduate,Near,Male,65,0.20930232558139533,True,False,False
22,96,High,Yes,7,99,High,Yes,4,Low,Medium,Public,Positive,4,No,College,Moderate,Male,74,0.48837209302325585,False,True,False
24,70,High,Yes,9,52,High,Yes,1,Low,Medium,Public,Positive,2,No,Postgraduate,Moderate,Male,85,0.5348837209302325,False,False,True
21,64,Medium,No,9,82,Medium,Yes,2,Low,Medium,Public,Neutral,3,No,College,Moderate,Male,64,0.46511627906976744,False,False,True
18,90,Medium,Yes,5,62,High,Yes,3,Medium,Medium,Private,Neutral,2,No,High School,Moderate,Female,67,0.3953488372093023,False,True,False
24,67,High,Yes,9,86,Medium,Yes,2,Medium,Medium,Public,Negative,2,No,College,Near,Female,68,0.5348837209302325,True,False,False
24,75,Medium,Yes,10,89,Low,Yes,0,Medium,High,Private,Positive,3,No,College,Near,Female,67,0.5348837209302325,False,True,False
22,61,Medium,No,8,88,Low,Yes,1,Medium,High,Public,Neutral,4,No,High School,Near,Female,65,0.48837209302325585,True,False,False
15,65,High,Yes,8,72,Low,Yes,2,Low,Medium,Private,Neutral,2,Yes,Postgraduate,Far,Male,63,0.32558139534883723,True,False,False
22,67,Medium,Yes,6,58,Medium,Yes,1,Low,Medium,Public,Neutral,2,No,Postgraduate,Near,Male,64,0.48837209302325585,False,False,True
27,62,Low,Yes,6,79,Medium,Yes,0,Low,Medium,Private,Negative,3,No,College,Moderate,Male,62,0.6046511627906976,False,True,False
16,86,High,Yes,7,89,Low,Yes,1,Medium,Low,Public,Positive,2,No,Postgraduate,Near,Female,68,0.3488372093023256,False,True,False
33,93,Medium,Yes,6,96,High,Yes,0,Low,Medium,Private,Positive,4,No,Postgraduate,Far,Female,75,0.7441860465116279,False,False,True
17,75,Low,No,5,73,High,Yes,0,Low,Medium,Private,Neutral,4,No,High School,Near,Female,63,0.37209302325581395,False,False,True
20,95,Low,Yes,7,62,Low,Yes,2,Low,Medium,Public,Neutral,4,No,College,Moderate,Male,68,0.4418604651162791,False,False,True
16,69,Medium,No,8,56,Low,Yes,2,Medium,Medium,Private,Neutral,3,No,Postgraduate,Near,Male,63,0.3488372093023256,False,False,True
21,73,High,No,5,90,Medium,Yes,0,Medium,Medium,Public,Neutral,2,No,College,Near,Female,68,0.46511627906976744,True,False,False
10,66,High,No,7,77,Medium,Yes,0,Medium,High,Public,Positive,2,No,High School,Near,Male,62,0.20930232558139533,False,False,True
17,85,Medium,Yes,7,84,Medium,Yes,3,Medium,Medium,Public,Positive,2,No,College,Far,Female,67,0.37209302325581395,False,True,False
13,77,High,No,7,58,Medium,Yes,2,Low,Medium,Public,Positive,3,No,High School,Near,Male,66,0.27906976744186046,True,False,False
21,85,Medium,No,8,50,Low,Yes,1,Medium,High,Private,Neutral,2,No,High School,Far,Male,65,0.46511627906976744,False,False,True
26,90,Medium,Yes,8,98,Medium,Yes,0,Low,Low,Private,Negative,3,Yes,Postgraduate,Moderate,Female,69,0.5813953488372092,False,False,True
24,82,Medium,No,6,91,Medium,Yes,2,High,Medium,Public,Positive,1,No,High School,Near,Male,70,0.5348837209302325,True,False,False
6,85,Medium,Yes,9,70,High,Yes,0,Low,Medium,Public,Positive,3,Yes,Postgraduate,Near,Female,64,0.11627906976744186,True,False,False
32,97,Medium,Yes,8,73,Medium,Yes,0,High,Medium,Public,Negative,3,No,College,Near,Female,75,0.7209302325581395,True,False,False
22,72,Low,Yes,9,96,High,Yes,1,Low,Medium,Private,Positive,3,No,College,Near,Male,66,0.48837209302325585,False,True,False
15,74,Low,No,7,60,Low,Yes,2,Medium,Medium,Public,Positive,3,No,High School,Far,Female,62,0.32558139534883723,False,False,True
21,89,Medium,No,7,90,Low,Yes,4,High,Medium,Public,Neutral,5,No,Postgraduate,Far,Male,70,0.46511627906976744,False,True,False
21,84,High,No,7,51,Medium,Yes,0,Medium,Medium,Public,Positive,3,No,High School,Moderate,Male,68,0.46511627906976744,True,False,False
16,67,High,Yes,9,94,High,Yes,1,Medium,Medium,Private,Neutral,2,No,Postgraduate,Near,Female,66,0.3488372093023256,False,False,True
21,75,High,Yes,7,79,Medium,Yes,0,Low,Medium,Public,Neutral,2,No,High School,Near,Male,65,0.46511627906976744,False,True,False
16,79,Medium,Yes,7,74,High,Yes,3,Medium,Medium,Private,Positive,2,No,Postgraduate,Far,Male,68,0.3488372093023256,True,False,False
18,77,Medium,No,10,85,Low,Yes,2,Medium,Medium,Public,Positive,3,No,Postgraduate,Near,Female,68,0.3953488372093023,True,False,False
16,67,Medium,Yes,5,53,Low,Yes,2,Medium,Medium,Private,Positive,3,No,High School,Moderate,Male,62,0.3488372093023256,False,False,True
11,97,Medium,Yes,8,60,Low,Yes,2,Low,Medium,Public,Positive,3,No,College,Near,Female,66,0.23255813953488375,False,True,False
21,90,Low,No,7,70,Medium,Yes,2,Low,Medium,Public,Negative,2,No,Postgraduate,Near,Female,68,0.46511627906976744,False,False,True
24,79,Medium,No,7,81,High,Yes,0,High,Medium,Public,Positive,2,No,High School,Moderate,Male,69,0.5348837209302325,True,False,False
23,87,Low,No,6,57,Medium,Yes,2,High,Medium,Public,Positive,3,Yes,High School,Near,Male,67,0.5116279069767441,False,False,True
25,96,High,Yes,6,69,Low,Yes,3,High,Medium,Public,Positive,2,No,Postgraduate,Near,Male,74,0.5581395348837209,False,True,False
22,65,Medium,No,6,63,Medium,No,2,Medium,Medium,Public,Neutral,3,No,High School,Far,Male,61,0.48837209302325585,False,True,False
17,70,Medium,No,8,82,Low,Yes,2,High,High,Public,Negative,2,Yes,High School,Moderate,Female,64,0.37209302325581395,True,False,False
25,82,Medium,No,8,96,Medium,Yes,1,Low,Medium,Private,Positive,2,No,High School,Moderate,Female,69,0.5581395348837209,False,False,True
12,92,Medium,No,4,58,Low,Yes,2,Medium,Medium,Public,Positive,2,Yes,College,Moderate,Male,66,0.2558139534883721,True,False,False
15,61,Medium,No,5,59,High,Yes,0,Low,High,Public,Neutral,4,No,High School,Near,Female,61,0.32558139534883723,False,False,True
14,99,Medium,Yes,8,80,High,Yes,3,Medium,Low,Private,Neutral,4,No,College,Near,Female,71,0.3023255813953489,False,False,True
26,78,High,Yes,8,73,Medium,No,2,Low,Medium,Private,Positive,4,No,College,Near,Female,71,0.5813953488372092,True,False,False
26,74,Medium,No,5,86,Low,Yes,2,Low,High,Public,Positive,4,No,College,Near,Female,69,0.5813953488372092,False,False,True
23,72,Medium,Yes,8,64,Low,Yes,1,Low,Medium,Public,Neutral,4,No,Postgraduate,Near,Female,66,0.5116279069767441,False,False,True
26,67,Medium,Yes,7,77,Low,Yes,2,Low,High,Private,Neutral,3,Yes,High School,Moderate,Male,64,0.5813953488372092,False,True,False
15,92,Medium,No,8,69,Medium,Yes,1,High,Medium,Private,Neutral,4,No,Postgraduate,Near,Male,68,0.32558139534883723,False,True,False
22,98,Medium,Yes,6,64,Low,Yes,0,Medium,High,Public,Positive,3,No,High School,Moderate,Female,71,0.48837209302325585,True,False,False
19,77,Medium,Yes,5,86,High,Yes,0,Medium,Low,Public,Negative,4,Yes,High School,Near,Male,66,0.4186046511627907,True,False,False
25,98,Medium,Yes,7,90,High,Yes,1,High,Low,Public,Neutral,4,No,Postgraduate,Near,Male,94,0.5581395348837209,False,False,True
19,93,High,Yes,7,66,Low,Yes,1,Medium,Medium,Private,Neutral,3,No,High School,Near,Female,68,0.4186046511627907,False,True,False
18,79,Medium,No,7,81,Medium,No,1,Medium,High,Private,Positive,4,No,College,Moderate,Female,66,0.3953488372093023,False,False,True
23,87,Low,No,6,59,Medium,Yes,4,Medium,High,Public,Neutral,2,No,High School,Near,Male,70,0.5116279069767441,True,False,False
25,77,Medium,No,10,90,Medium,Yes,1,Low,Medium,Public,Neutral,3,No,High School,Near,Male,68,0.5581395348837209,False,False,True
16,82,Low,No,4,64,Low,Yes,1,Medium,Medium,Private,Neutral,2,No,Postgraduate,Moderate,Male,65,0.3488372093023256,True,False,False
20,62,Medium,Yes,6,59,Low,Yes,3,Medium,Medium,Public,Positive,4,No,High School,Near,Male,64,0.4418604651162791,False,False,True
14,88,Medium,Yes,6,97,Medium,Yes,0,Low,Medium,Public,Positive,3,No,College,Near,Male,69,0.3023255813953489,True,False,False
5,62,High,No,7,71,Low,Yes,1,Low,Medium,Private,Positive,4,No,College,Far,Male,59,0.09302325581395349,True,False,False
21,93,Medium,No,8,82,Medium,Yes,2,Medium,High,Private,Neutral,4,No,College,Near,Male,70,0.46511627906976744,False,True,False
24,93,Low,Yes,8,90,High,Yes,0,High,Medium,Private,Negative,2,No,College,Near,Male,72,0.5348837209302325,True,False,False
22,69,Medium,No,9,84,Medium,Yes,0,Medium,Medium,Public,Neutral,3,No,College,Moderate,Male,64,0.48837209302325585,False,True,False
8,73,High,No,8,78,High,Yes,0,Medium,High,Private,Negative,3,No,High School,Near,Male,63,0.16279069767441862,False,False,True
18,79,Medium,Yes,4,69,Medium,Yes,2,High,Low,Private,Positive,3,No,College,Near,Male,67,0.3953488372093023,False,False,True
7,84,Medium,Yes,5,96,Medium,No,1,Low,Low,Public,Positive,3,Yes,High School,Near,Male,62,0.13953488372093026,False,False,True
28,71,Medium,Yes,9,57,High,Yes,1,Low,High,Public,Neutral,4,No,Postgraduate,Near,Female,69,0.627906976744186,False,False,True
13,84,Medium,Yes,9,94,Medium,Yes,3,Medium,Medium,Public,Negative,2,Yes,High School,Near,Male,66,0.27906976744186046,False,False,True
28,72,Low,No,8,85,High,Yes,4,Low,Medium,Private,Negative,2,No,High School,Near,Female,66,0.627906976744186,False,True,False
26,62,Medium,No,6,79,Medium,Yes,1,Low,Medium,Public,Positive,3,Yes,College,Near,Female,63,0.5813953488372092,False,True,False
15,60,Medium,No,7,66,High,Yes,2,High,Medium,Public,Neutral,4,No,High School,Near,Male,62,0.32558139534883723,False,False,True
13,64,High,No,6,57,Low,Yes,1,Low,Low,Public,Neutral,3,Yes,High School,Moderate,Female,58,0.27906976744186046,False,False,True
22,92,Low,No,5,72,Low,Yes,0,Medium,Medium,Private,Negative,4,No,College,Moderate,Male,67,0.48837209302325585,False,False,True
15,98,Medium,Yes,7,89,Low,No,2,Low,Low,Public,Neutral,3,No,College,Moderate,Male,68,0.32558139534883723,False,False,True
21,77,Medium,No,10,87,Low,Yes,1,Low,Medium,Public,Neutral,3,No,College,Near,Male,67,0.46511627906976744,True,False,False
17,81,Medium,No,6,82,Medium,Yes,3,Low,Medium,Private,Neutral,4,No,College,Near,Male,67,0.37209302325581395,False,False,True
9,66,Medium,No,9,100,Low,Yes,3,Medium,Medium,Public,Neutral,3,No,College,Near,Male,62,0.18604651162790697,False,True,False
7,82,High,Yes,6,99,Medium,Yes,2,Medium,High,Public,Negative,2,No,Postgraduate,Moderate,Male,66,0.13953488372093026,False,False,True
21,66,Medium,Yes,5,70,Medium,Yes,1,Low,High,Private,Positive,5,No,High School,Near,Female,65,0.46511627906976744,False,False,True
17,84,High,Yes,8,60,Medium,Yes,0,Low,Low,Private,Positive,5,No,College,Near,Female,67,0.37209302325581395,False,False,True
17,97,Low,No,7,73,High,No,1,Medium,High,Private,Neutral,4,No,College,Near,Male,69,0.37209302325581395,False,False,True
24,68,High,Yes,9,92,Low,Yes,1,Low,High,Public,Positive,2,No,High School,Near,Male,67,0.5348837209302325,False,False,True
27,91,Medium,Yes,9,73,Low,Yes,0,Low,Medium,Private,Neutral,3,No,College,Near,Male,69,0.6046511627906976,False,True,False
18,61,Low,No,7,67,Low,Yes,2,High,Medium,Public,Positive,4,No,High School,Near,Male,62,0.3953488372093023,False,False,True
18,75,Medium,Yes,9,87,Low,Yes,3,Low,Medium,Public,Negative,3,No,Postgraduate,Near,Female,67,0.3953488372093023,False,False,True
23,64,Low,Yes,6,83,Medium,Yes,0,Medium,Medium,Public,Neutral,3,No,High School,Moderate,Male,63,0.5116279069767441,False,False,True
12,74,Medium,No,6,98,High,Yes,2,Low,Medium,Public,Neutral,3,No,College,Near,Male,65,0.2558139534883721,False,False,True
21,67,Medium,Yes,9,77,Medium,Yes,3,High,Low,Public,Neutral,3,No,College,Moderate,Female,66,0.46511627906976744,False,False,True
23,75,High,Yes,5,98,Medium,Yes,3,Medium,High,Public,Positive,1,No,College,Near,Female,71,0.5116279069767441,False,False,True
24,77,High,Yes,7,65,High,Yes,1,Medium,High,Private,Positive,4,No,Postgraduate,Near,Male,70,0.5348837209302325,False,True,False
8,72,High,Yes,9,93,High,Yes,4,Medium,Medium,Public,Positive,4,No,High School,Near,Male,68,0.16279069767441862,True,False,False
15,86,Medium,Yes,9,68,High,Yes,0,Medium,Low,Public,Neutral,3,No,High School,Near,Male,67,0.32558139534883723,True,False,False
15,97,High,No,6,90,High,Yes,2,High,High,Private,Neutral,0,No,High School,Near,Male,71,0.32558139534883723,False,False,True
21,76,Medium,Yes,9,96,Medium,Yes,1,Low,Low,Public,Negative,5,No,High School,Near,Male,65,0.46511627906976744,False,True,False
23,68,Medium,Yes,5,81,Low,Yes,1,Low,Low,Public,Neutral,2,No,Postgraduate,Near,Male,64,0.5116279069767441,False,True,False
29,71,Medium,Yes,6,86,Medium,Yes,1,Low,Medium,Public,Positive,2,No,College,Near,Female,69,0.6511627906976744,False,False,True
17,94,Low,Yes,7,98,Low,Yes,1,Medium,High,Public,Negative,2,No,High School,Near,Male,68,0.37209302325581395,False,False,True
17,83,Low,Yes,8,69,Low,Yes,4,Low,High,Public,Neutral,3,No,College,Near,Male,67,0.37209302325581395,False,False,True
27,78,Medium,Yes,5,76,High,Yes,1,Medium,Medium,Private,Positive,4,No,Postgraduate,Near,Male,71,0.6046511627906976,False,False,True
22,66,Low,Yes,10,95,Medium,Yes,1,Medium,Medium,Private,Negative,3,No,High School,Near,Male,64,0.48837209302325585,False,False,True
28,78,High,Yes,4,84,Medium,Yes,2,Low,Low,Public,Negative,3,No,College,Far,Female,69,0.627906976744186,False,False,True
22,71,High,Yes,7,94,Medium,Yes,1,Medium,Medium,Public,Neutral,4,No,High School,Near,Male,68,0.48837209302325585,False,False,True
13,98,Low,Yes,7,81,Medium,Yes,1,Medium,Low,Private,Negative,3,No,Postgraduate,Near,Male,69,0.27906976744186046,True,False,False
12,95,Medium,No,4,87,Medium,Yes,0,Low,Medium,Public,Positive,3,No,High School,Moderate,Male,67,0.2558139534883721,False,False,True
11,63,High,Yes,9,51,High,Yes,0,Low,Low,Public,Negative,3,Yes,College,Moderate,Male,58,0.23255813953488375,False,False,True
24,81,Medium,Yes,6,67,High,Yes,0,Medium,High,Public,Negative,2,No,High School,Far,Male,66,0.5348837209302325,False,True,False
27,69,High,Yes,7,89,Low,Yes,2,High,High,Private,Neutral,1,No,High School,Moderate,Male,69,0.6046511627906976,False,False,True
31,76,High,Yes,7,70,Low,Yes,3,Low,Medium,Public,Neutral,3,No,College,Moderate,Male,70,0.6976744186046511,False,False,True
25,95,Low,Yes,5,68,Medium,Yes,1,Medium,High,Public,Positive,3,No,High School,Far,Male,70,0.5581395348837209,False,False,True
27,81,Low,Yes,5,98,Medium,Yes,0,High,Medium,Public,Positive,3,No,High School,Near,Male,70,0.6046511627906976,False,False,True
17,73,High,No,9,78,Medium,Yes,0,Low,High,Public,Negative,3,No,Postgraduate,Moderate,Female,66,0.37209302325581395,True,False,False
13,68,High,No,7,60,Medium,Yes,1,Medium,Low,Private,Positive,3,No,College,Moderate,Female,61,0.27906976744186046,False,True,False
25,92,Medium,Yes,4,74,Medium,Yes,3,Low,High,Public,Positive,2,Yes,High School,Moderate,Female,71,0.5581395348837209,False,False,True
23,85,Low,Yes,7,76,High,Yes,2,Low,Medium,Public,Neutral,3,No,College,Near,Female,69,0.5116279069767441,True,False,False
21,79,Medium,Yes,7,99,Medium,Yes,2,Low,Medium,Public,Positive,2,No,Postgraduate,Near,Male,69,0.46511627906976744,False,False,True
22,69,Medium,No,7,86,Low,Yes,0,Medium,Medium,Public,Neutral,1,No,High School,Near,Female,65,0.48837209302325585,True,False,False
22,73,High,Yes,4,76,High,Yes,3,Medium,Medium,Public,Negative,4,No,College,Far,Male,69,0.48837209302325585,True,False,False
28,98,High,Yes,7,72,Medium,Yes,1,Low,High,Private,Positive,2,No,College,Near,Male,74,0.627906976744186,False,False,True
28,81,Medium,Yes,6,96,High,Yes,2,Low,Medium,Private,Positive,5,No,High School,Moderate,Male,71,0.627906976744186,False,False,True
23,76,Medium,No,7,82,High,Yes,0,Medium,High,Private,Neutral,1,No,College,Near,Male,68,0.5116279069767441,True,False,False
25,81,High,Yes,8,68,Low,Yes,0,Low,High,Public,Neutral,3,No,College,Moderate,Female,69,0.5581395348837209,True,False,False
23,91,Medium,Yes,8,73,Medium,No,3,Medium,Medium,Public,Negative,5,No,High School,Far,Male,68,0.5116279069767441,False,True,False
17,74,Low,No,9,64,Medium,Yes,2,Medium,Medium,Public,Neutral,3,No,High School,Near,Male,63,0.37209302325581395,False,False,True
25,67,Medium,Yes,10,98,High,Yes,0,High,Medium,Public,Positive,2,No,High School,Near,Male,68,0.5581395348837209,False,False,True
12,83,Medium,Yes,5,85,Medium,Yes,2,Low,High,Private,Negative,2,No,College,Near,Male,67,0.2558139534883721,True,False,False
26,87,High,No,6,70,Low,Yes,3,Medium,Medium,Public,Neutral,3,No,College,Moderate,Male,71,0.5813953488372092,False,False,True
13,89,High,No,8,59,Low,Yes,0,Low,High,Public,Neutral,2,No,Postgraduate,Moderate,Male,66,0.27906976744186046,True,False,False
22,95,Medium,No,7,59,Medium,Yes,2,Low,Medium,Public,Negative,3,Yes,High School,Near,Male,69,0.48837209302325585,True,False,False
15,75,Medium,Yes,4,74,Medium,Yes,3,Medium,High,Public,Positive,4,No,College,Near,Female,68,0.32558139534883723,True,False,False
23,63,Medium,No,7,73,Low,Yes,1,Low,Medium,Public,Neutral,3,No,College,Moderate,Male,63,0.5116279069767441,False,False,True
20,98,Medium,No,9,71,Medium,Yes,0,Low,Medium,Public,Negative,4,No,College,Moderate,Male,69,0.4418604651162791,False,False,True
10,77,High,Yes,5,93,Medium,Yes,3,Low,Medium,Public,Positive,3,No,College,Near,Female,66,0.20930232558139533,False,True,False
23,85,Medium,Yes,7,99,High,Yes,1,Low,High,Public,Neutral,5,No,College,Near,Female,71,0.5116279069767441,False,False,True
17,87,High,No,4,68,Medium,Yes,2,Low,Low,Public,Positive,4,No,Postgraduate,Moderate,Male,68,0.37209302325581395,False,False,True
25,82,Medium,Yes,8,65,Medium,Yes,0,High,Medium,Private,Neutral,4,No,High School,Near,Male,69,0.5581395348837209,False,False,True
20,68,Medium,Yes,7,89,Medium,Yes,0,Medium,High,Private,Positive,3,No,High School,Far,Female,65,0.4418604651162791,False,False,True
22,90,Low,Yes,6,72,Medium,Yes,0,Low,Medium,Public,Neutral,4,No,College,Near,Male,68,0.48837209302325585,False,False,True
14,92,Medium,Yes,6,61,High,Yes,0,Low,Medium,Private,Neutral,2,No,College,Moderate,Male,67,0.3023255813953489,True,False,False
16,82,Medium,No,5,59,Medium,Yes,1,Medium,Medium,Public,Positive,3,No,High School,Near,Male,65,0.3488372093023256,False,False,True
17,80,Medium,Yes,9,64,Medium,Yes,1,Low,Medium,Private,Positive,4,No,Postgraduate,Far,Female,65,0.37209302325581395,False,True,False
25,65,Low,Yes,6,50,Medium,Yes,2,Low,Medium,Public,Positive,2,No,College,Near,Female,64,0.5581395348837209,False,False,True
30,63,High,No,8,97,Medium,Yes,1,Low,High,Public,Neutral,3,No,High School,Near,Female,69,0.6744186046511628,True,False,False
15,74,Low,No,6,72,Low,Yes,2,Low,Medium,Public,Positive,3,No,High School,Near,Male,64,0.32558139534883723,True,False,False
26,72,Medium,No,10,54,Medium,No,2,High,High,Public,Neutral,2,No,College,Moderate,Male,66,0.5813953488372092,False,False,True
7,98,Low,Yes,9,58,Medium,Yes,2,Medium,Medium,Private,Neutral,5,Yes,College,Near,Male,65,0.13953488372093026,False,False,True
13,91,Medium,Yes,10,66,Medium,Yes,2,Medium,Medium,Public,Positive,4,No,High School,Near,Female,69,0.27906976744186046,True,False,False
14,86,Medium,Yes,10,78,Medium,Yes,3,Medium,High,Private,Negative,4,Yes,High School,Near,Female,66,0.3023255813953489,False,True,False
12,81,Medium,Yes,6,85,High,Yes,0,Low,Medium,Private,Positive,2,Yes,High School,Near,Male,64,0.2558139534883721,False,False,True
10,67,Medium,Yes,6,65,Medium,Yes,1,Medium,High,Public,Negative,4,No,High School,Near,Female,61,0.20930232558139533,False,False,True
22,99,Medium,No,10,98,Low,Yes,1,Medium,Medium,Private,Neutral,1,No,College,Near,Male,72,0.48837209302325585,False,False,True
19,75,Medium,Yes,7,88,Low,Yes,1,Medium,Medium,Private,Positive,3,No,Postgraduate,Moderate,Male,67,0.4186046511627907,False,False,True
22,64,Medium,Yes,8,91,Low,Yes,0,Low,Medium,Public,Neutral,4,No,College,Moderate,Female,63,0.48837209302325585,False,True,False
24,80,High,No,6,66,High,Yes,1,Medium,Medium,Public,Neutral,3,No,College,Moderate,Male,69,0.5348837209302325,False,False,True
22,95,High,Yes,6,69,High,Yes,3,Medium,Medium,Public,Neutral,2,Yes,Postgraduate,Far,Male,70,0.48837209302325585,False,True,False
24,95,High,Yes,8,77,Low,Yes,1,Low,Medium,Public,Positive,3,Yes,High School,Near,Male,71,0.5348837209302325,False,False,True
20,60,Low,Yes,4,73,Medium,Yes,0,Low,Low,Public,Neutral,1,No,Postgraduate,Moderate,Female,60,0.4418604651162791,False,False,True
13,95,High,Yes,8,63,Medium,Yes,3,Medium,Medium,Private,Neutral,2,No,Postgraduate,Near,Female,70,0.27906976744186046,False,False,True
26,71,High,No,8,100,Low,Yes,1,Low,High,Private,Positive,4,No,College,Near,Female,69,0.5813953488372092,False,True,False
16,62,High,No,6,92,Medium,No,0,Medium,Medium,Private,Positive,4,No,High School,Near,Female,63,0.3488372093023256,False,False,True
14,94,Medium,Yes,7,62,High,Yes,2,Medium,High,Private,Negative,1,No,Postgraduate,Near,Male,69,0.3023255813953489,False,False,True
19,95,Medium,Yes,7,95,High,Yes,0,Medium,High,Private,Negative,2,No,College,Near,Male,71,0.4186046511627907,False,False,True
15,84,High,Yes,7,79,Medium,Yes,1,Medium,High,Public,Neutral,4,No,High School,Near,Female,68,0.32558139534883723,False,False,True
17,83,High,No,8,51,Low,Yes,0,Low,Medium,Public,Negative,4,No,High School,Moderate,Male,64,0.37209302325581395,False,False,True
22,93,Medium,No,6,67,Medium,Yes,0,Medium,Medium,Public,Neutral,3,No,College,Near,Female,68,0.48837209302325585,False,True,False
22,91,Medium,Yes,10,51,High,Yes,2,High,Medium,Public,Neutral,3,No,High School,Near,Female,69,0.48837209302325585,False,True,False
15,96,Low,No,7,54,Low,Yes,0,Low,Medium,Public,Neutral,3,No,College,Near,Female,65,0.32558139534883723,False,False,True
17,82,Medium,Yes,7,59,Medium,Yes,3,Medium,Medium,Public,Positive,4,No,College,Near,Male,68,0.37209302325581395,False,False,True
26,99,High,Yes,10,74,Medium,Yes,1,Medium,Medium,Private,Neutral,2,No,College,Near,Male,74,0.5813953488372092,False,False,True
23,100,Low,Yes,4,69,Low,Yes,0,Low,High,Public,Positive,4,No,Postgraduate,Near,Female,72,0.5116279069767441,True,False,False
32,65,Medium,No,10,57,Medium,Yes,1,High,Medium,Private,Negative,2,No,High School,Near,Female,67,0.7209302325581395,True,False,False
27,94,High,Yes,7,70,Low,Yes,1,Medium,High,Public,Neutral,2,No,High School,Moderate,Female,73,0.6046511627906976,True,False,False
27,80,Medium,No,6,65,High,No,1,High,Medium,Private,Neutral,4,No,College,Moderate,Male,68,0.6046511627906976,False,False,True
12,76,Low,Yes,5,71,Low,Yes,0,Medium,Medium,Public,Negative,4,No,High School,Near,Male,61,0.2558139534883721,False,False,True
25,85,High,No,5,59,Medium,Yes,3,Low,Medium,Public,Neutral,4,No,High School,Near,Female,70,0.5581395348837209,True,False,False
20,62,Low,Yes,6,80,High,No,1,Medium,High,Public,Neutral,3,No,College,Moderate,Female,62,0.4418604651162791,False,False,True
17,80,Medium,Yes,7,52,High,Yes,2,Medium,Medium,Private,Neutral,3,No,Postgraduate,Near,Female,67,0.37209302325581395,False,False,True
21,95,High,Yes,8,69,Medium,No,0,Low,High,Public,Negative,3,No,Postgraduate,Near,Male,69,0.46511627906976744,False,True,False
26,69,High,No,7,95,Low,No,0,Medium,Medium,Public,Negative,3,No,Postgraduate,Near,Female,93,0.5813953488372092,True,False,False
23,77,High,No,6,71,Low,Yes,3,Medium,Low,Private,Positive,4,No,High School,Moderate,Male,68,0.5116279069767441,False,False,True
15,98,Medium,Yes,9,72,Medium,Yes,1,Low,High,Public,Neutral,2,No,College,Near,Female,69,0.32558139534883723,False,False,True
24,77,Medium,Yes,10,53,High,Yes,2,High,Medium,Public,Neutral,4,No,College,Moderate,Male,68,0.5348837209302325,False,False,True
16,74,High,No,9,80,Low,Yes,0,Medium,Medium,Public,Negative,5,No,High School,Near,Male,64,0.3488372093023256,False,False,True
21,78,Medium,Yes,6,97,Medium,Yes,0,Medium,Medium,Public,Positive,2,No,High School,Near,Female,69,0.46511627906976744,True,False,False
18,81,Medium,No,8,65,Low,Yes,2,Low,Medium,Public,Neutral,4,No,Postgraduate,Near,Male,66,0.3953488372093023,False,False,True
19,85,Medium,No,8,70,Low,Yes,4,High,Medium,Public,Neutral,3,No,High School,Moderate,Male,68,0.4186046511627907,False,False,True
25,92,Medium,Yes,9,79,Medium,Yes,3,Medium,High,Public,Negative,4,No,College,Moderate,Male,72,0.5581395348837209,False,False,True
14,78,Medium,No,6,55,Low,Yes,2,Low,Medium,Private,Neutral,2,No,High School,Near,Female,63,0.3023255813953489,True,False,False
32,93,Medium,No,6,98,Medium,Yes,0,Medium,Medium,Public,Neutral,4,Yes,High School,Near,Male,73,0.7209302325581395,True,False,False
9,81,Medium,Yes,9,73,Medium,Yes,1,Medium,Medium,Public,Negative,1,No,Postgraduate,Near,Male,65,0.18604651162790697,True,False,False
16,74,High,Yes,8,56,Low,Yes,1,Low,Medium,Private,Positive,2,No,High School,Near,Female,65,0.3488372093023256,True,False,False
22,86,Medium,Yes,5,67,Medium,Yes,0,High,Medium,Public,Positive,2,No,College,Near,Male,68,0.48837209302325585,False,True,False
24,89,Medium,No,8,69,Low,No,3,High,Medium,Public,Neutral,2,No,College,Near,Male,70,0.5348837209302325,True,False,False
19,82,Medium,No,10,67,Medium,Yes,0,Low,Low,Public,Positive,2,No,Postgraduate,Far,Male,65,0.4186046511627907,False,False,True
20,62,Medium,Yes,6,85,Medium,Yes,2,Medium,Medium,Public,Neutral,3,No,College,Near,Female,66,0.4418604651162791,True,False,False
22,67,High,Yes,6,67,High,Yes,1,Low,Medium,Private,Neutral,1,No,College,Near,Male,66,0.48837209302325585,False,False,True
19,71,High,Yes,7,66,Low,Yes,2,Low,Medium,Public,Neutral,3,No,High School,Near,Female,65,0.4186046511627907,False,False,True
28,71,High,No,8,66,Medium,Yes,2,Low,Medium,Private,Positive,3,No,College,Near,Male,69,0.627906976744186,False,False,True
25,87,High,Yes,7,89,Medium,Yes,1,Low,Medium,Public,Neutral,4,Yes,High School,Near,Female,69,0.5581395348837209,False,True,False
25,61,High,No,9,65,Medium,Yes,2,Medium,Medium,Private,Neutral,4,Yes,High School,Moderate,Female,64,0.5581395348837209,False,False,True
14,90,Medium,Yes,7,51,Medium,Yes,1,Medium,Medium,Public,Positive,4,Yes,High School,Near,Female,66,0.3023255813953489,False,False,True
20,71,Medium,Yes,9,68,Medium,Yes,1,Low,Medium,Private,Positive,3,No,High School,Far,Male,63,0.4418604651162791,False,True,False
18,72,Medium,Yes,6,64,Medium,Yes,4,Low,Medium,Public,Positive,3,No,Postgraduate,Near,Female,68,0.3953488372093023,True,False,False
14,81,Medium,Yes,5,95,Low,Yes,2,Low,High,Public,Positive,3,No,High School,Near,Male,68,0.3023255813953489,True,False,False
22,69,Medium,No,6,74,High,Yes,1,Medium,Low,Public,Negative,3,Yes,College,Near,Female,65,0.48837209302325585,True,False,False
17,95,Medium,No,5,62,High,Yes,1,Medium,Medium,Private,Positive,3,No,High School,Moderate,Male,69,0.37209302325581395,True,False,False
24,63,Medium,No,8,99,Low,Yes,2,Low,High,Public,Neutral,1,No,Postgraduate,Near,Female,66,0.5348837209302325,False,False,True
14,78,Medium,No,4,62,Medium,Yes,1,Low,Medium,Public,Neutral,4,No,College,Near,Male,63,0.3023255813953489,False,False,True
30,94,Medium,Yes,6,88,Low,Yes,2,Low,Medium,Private,Neutral,3,Yes,College,Near,Female,72,0.6744186046511628,False,True,False
15,85,Medium,No,7,82,High,Yes,2,Medium,Medium,Public,Negative,4,No,High School,Far,Male,67,0.32558139534883723,True,False,False
21,72,High,No,5,73,Medium,Yes,1,Medium,Medium,Public,Neutral,3,No,High School,Near,Male,67,0.46511627906976744,True,False,False
25,77,Medium,Yes,7,70,Medium,Yes,0,Medium,Medium,Public,Neutral,5,No,High School,Near,Male,68,0.5581395348837209,True,False,False
17,88,High,Yes,7,94,Medium,No,2,Medium,High,Public,Positive,3,No,High School,Near,Male,71,0.37209302325581395,True,False,False
25,99,High,No,9,74,Medium,Yes,1,Medium,High,Private,Negative,3,No,High School,Near,Male,73,0.5581395348837209,False,False,True
13,96,Medium,No,5,69,Medium,Yes,2,Medium,Low,Public,Positive,3,No,High School,Near,Male,68,0.27906976744186046,False,False,True
29,74,Medium,No,8,68,Medium,Yes,0,Medium,High,Public,Positive,4,No,High School,Near,Female,69,0.6511627906976744,True,False,False
20,100,Medium,Yes,8,64,Medium,Yes,0,Low,Medium,Public,Neutral,2,No,High School,Moderate,Male,69,0.4418604651162791,False,False,True
16,60,High,No,7,70,Low,Yes,3,High,High,Private,Negative,4,No,High School,Near,Female,63,0.3488372093023256,False,False,True
18,61,Medium,Yes,6,56,Medium,Yes,3,Low,Medium,Public,Neutral,3,No,High School,Moderate,Male,62,0.3953488372093023,False,False,True
25,93,Medium,Yes,5,53,Medium,Yes,0,High,Medium,Private,Neutral,5,No,College,Moderate,Female,70,0.5581395348837209,False,False,True
16,68,Medium,No,10,77,Medium,Yes,1,High,Medium,Public,Positive,3,No,Postgraduate,Near,Male,66,0.3488372093023256,True,False,False
16,62,Medium,No,7,73,Low,Yes,3,High,Medium,Public,Negative,3,No,High School,Near,Female,62,0.3488372093023256,False,False,True
19,69,High,Yes,7,59,Low,Yes,2,Low,Low,Private,Neutral,2,No,Postgraduate,Moderate,Female,64,0.4186046511627907,False,False,True
13,77,Medium,Yes,10,55,Low,Yes,2,Low,Medium,Private,Positive,3,No,College,Moderate,Male,63,0.27906976744186046,False,False,True
31,89,Medium,Yes,7,57,Medium,Yes,1,High,Low,Public,Positive,2,No,College,Moderate,Female,71,0.6976744186046511,False,False,True
17,85,Medium,Yes,10,66,Medium,Yes,1,High,Medium,Public,Neutral,1,Yes,Postgraduate,Moderate,Male,67,0.37209302325581395,True,False,False
25,70,High,Yes,5,73,Medium,Yes,2,Medium,Medium,Private,Neutral,1,No,Postgraduate,Near,Male,67,0.5581395348837209,False,True,False
21,80,High,Yes,7,60,Medium,Yes,1,Medium,High,Public,Positive,2,No,College,Moderate,Male,67,0.46511627906976744,False,True,False
14,97,Medium,Yes,5,88,Medium,Yes,2,High,Medium,Public,Positive,3,No,Postgraduate,Near,Male,71,0.3023255813953489,False,True,False
20,93,Medium,No,7,60,High,Yes,0,Low,High,Public,Neutral,3,No,High School,Near,Male,69,0.4418604651162791,True,False,False
25,73,Medium,Yes,7,56,Medium,Yes,2,High,Medium,Public,Neutral,4,No,High School,Near,Female,93,0.5581395348837209,False,False,True
19,99,Medium,Yes,6,100,Medium,Yes,1,Low,Medium,Private,Positive,1,No,High School,Moderate,Male,72,0.4186046511627907,True,False,False
27,88,High,No,7,72,Medium,Yes,1,Low,High,Public,Positive,1,No,High School,Near,Female,71,0.6046511627906976,False,False,True
26,62,Medium,No,6,59,Medium,Yes,1,Medium,Medium,Public,Neutral,3,No,High School,Moderate,Male,63,0.5813953488372092,False,False,True
26,61,Low,Yes,7,95,Low,No,0,Medium,High,Public,Neutral,3,No,Postgraduate,Moderate,Male,65,0.5813953488372092,True,False,False
17,67,Medium,Yes,6,62,Medium,Yes,0,Medium,Medium,Public,Neutral,3,No,College,Moderate,Female,61,0.37209302325581395,False,True,False
14,89,Low,No,9,96,Low,Yes,2,Low,High,Private,Neutral,3,No,College,Moderate,Female,66,0.3023255813953489,False,False,True
16,67,Medium,Yes,5,56,Low,Yes,1,Low,Medium,Public,Negative,2,No,College,Near,Female,61,0.3488372093023256,False,False,True
21,80,Medium,No,7,92,Low,Yes,1,Medium,Medium,Public,Positive,3,No,High School,Moderate,Male,67,0.46511627906976744,False,False,True
23,64,Low,Yes,5,59,Medium,Yes,3,Low,Medium,Public,Positive,5,No,High School,Moderate,Female,64,0.5116279069767441,False,False,True
7,97,High,No,6,97,Medium,Yes,3,Medium,High,Private,Positive,2,No,College,Moderate,Female,69,0.13953488372093026,False,True,False
20,74,Medium,No,6,79,Medium,Yes,1,High,Medium,Public,Neutral,2,Yes,College,Far,Male,64,0.4418604651162791,False,True,False
21,96,Medium,Yes,7,59,Low,Yes,2,High,Medium,Public,Negative,2,No,College,Near,Male,70,0.46511627906976744,False,False,True
18,98,Medium,Yes,7,92,Medium,Yes,2,Low,High,Private,Neutral,4,No,High School,Near,Male,73,0.3953488372093023,True,False,False
28,60,Medium,Yes,5,70,Low,Yes,0,Low,Medium,Private,Neutral,5,No,High School,Near,Male,63,0.627906976744186,False,True,False
23,79,Medium,Yes,6,87,Medium,No,2,Low,High,Public,Neutral,4,No,College,Moderate,Male,68,0.5116279069767441,False,False,True
28,61,Low,Yes,6,82,Low,Yes,0,Medium,High,Public,Positive,3,No,College,Near,Female,64,0.627906976744186,False,True,False
19,96,Low,Yes,5,86,Medium,No,3,Medium,Medium,Public,Positive,3,No,High School,Moderate,Male,69,0.4186046511627907,False,False,True
26,81,Medium,Yes,9,67,Medium,Yes,3,Low,Medium,Public,Neutral,2,No,College,Near,Female,69,0.5813953488372092,False,False,True
30,63,Low,No,5,97,High,Yes,2,Low,High,Public,Positive,2,Yes,College,Moderate,Female,67,0.6744186046511628,True,False,False
28,64,Low,Yes,7,78,Medium,Yes,3,Medium,High,Private,Positive,4,No,Postgraduate,Moderate,Male,69,0.627906976744186,True,False,False
13,75,High,No,10,54,Medium,Yes,1,Low,Medium,Private,Negative,3,Yes,College,Near,Male,62,0.27906976744186046,False,False,True
18,98,Medium,No,9,53,Medium,Yes,0,High,Medium,Public,Neutral,1,No,High School,Moderate,Male,66,0.3953488372093023,False,True,False
18,88,Medium,No,8,87,Medium,Yes,2,Medium,High,Public,Neutral,2,No,Postgraduate,Moderate,Female,68,0.3953488372093023,False,True,False
23,95,Low,No,7,92,High,Yes,1,Low,Medium,Public,Positive,1,No,High School,Near,Female,71,0.5116279069767441,True,False,False
24,75,Low,No,8,85,Medium,Yes,1,Low,Medium,Public,Positive,2,Yes,Postgraduate,Near,Male,66,0.5348837209302325,False,False,True
15,62,High,No,8,64,High,Yes,2,Low,Medium,Public,Neutral,4,No,College,Near,Female,62,0.32558139534883723,False,True,False
20,99,Low,Yes,9,61,Low,Yes,1,High,Medium,Private,Neutral,4,No,High School,Moderate,Male,68,0.4418604651162791,False,True,False
8,61,Low,Yes,7,78,Medium,Yes,0,Medium,Medium,Private,Positive,3,No,High School,Near,Female,59,0.16279069767441862,False,False,True
29,98,Medium,Yes,9,60,Low,Yes,0,Low,Medium,Private,Negative,4,No,High School,Near,Female,70,0.6511627906976744,False,False,True
17,75,Low,Yes,7,69,Medium,Yes,1,High,Medium,Public,Positive,4,No,High School,Near,Male,66,0.37209302325581395,True,False,False
20,60,Medium,Yes,10,81,Medium,Yes,3,Low,Medium,Public,Positive,3,No,College,Near,Male,65,0.4418604651162791,False,False,True
18,88,Medium,No,7,64,Low,Yes,0,Medium,Low,Public,Positive,4,No,College,Moderate,Male,66,0.3953488372093023,False,False,True
27,99,Medium,Yes,5,69,Medium,Yes,2,Medium,Low,Public,Positive,2,No,Postgraduate,Moderate,Male,73,0.6046511627906976,False,False,True
3,99,Low,Yes,7,68,Medium,Yes,2,High,Medium,Private,Neutral,3,No,High School,Near,Female,65,0.046511627906976744,False,False,True
20,66,High,Yes,8,73,Medium,Yes,0,High,Low,Public,Positive,3,No,High School,Moderate,Male,65,0.4418604651162791,False,False,True
19,67,Medium,No,9,84,Low,Yes,0,Medium,Medium,Public,Positive,3,No,High School,Moderate,Female,64,0.4186046511627907,True,False,False
17,83,Medium,Yes,6,89,High,Yes,0,Low,Medium,Public,Positive,4,No,Postgraduate,Near,Male,69,0.37209302325581395,False,False,True
30,85,Medium,No,4,83,Low,Yes,2,High,High,Public,Positive,3,No,Postgraduate,Near,Female,74,0.6744186046511628,False,False,True
15,90,High,Yes,8,51,High,Yes,2,High,Medium,Public,Negative,2,No,High School,Moderate,Female,68,0.32558139534883723,True,False,False
25,67,Medium,No,8,95,Medium,Yes,0,Medium,Medium,Public,Neutral,4,No,Postgraduate,Moderate,Female,65,0.5581395348837209,False,True,False
22,98,High,Yes,5,79,Medium,No,2,High,Medium,Public,Neutral,5,No,High School,Moderate,Male,72,0.48837209302325585,False,False,True
28,86,Medium,Yes,7,96,Medium,Yes,2,Medium,Low,Public,Neutral,4,No,High School,Near,Male,71,0.627906976744186,False,False,True
16,94,Medium,No,7,98,Medium,Yes,0,Low,Medium,Public,Neutral,4,No,High School,Moderate,Female,69,0.3488372093023256,True,False,False
16,82,High,Yes,8,73,Low,Yes,3,Low,High,Public,Positive,1,No,College,Near,Male,67,0.3488372093023256,False,True,False
27,77,High,Yes,6,96,Low,Yes,0,Medium,High,Public,Positive,3,No,Postgraduate,Moderate,Male,71,0.6046511627906976,False,False,True
23,99,Low,Yes,6,68,High,Yes,1,Medium,Medium,Public,Neutral,3,Yes,College,Far,Male,68,0.5116279069767441,False,True,False
11,83,Medium,No,7,63,High,Yes,3,High,Medium,Public,Negative,2,No,High School,Far,Female,63,0.23255813953488375,False,True,False
17,95,Medium,No,5,54,Low,Yes,2,High,High,Public,Neutral,2,No,College,Moderate,Female,69,0.37209302325581395,True,False,False
22,98,Low,No,10,73,Medium,Yes,1,Low,Low,Public,Negative,4,Yes,College,Near,Female,68,0.48837209302325585,False,False,True
25,87,High,Yes,8,84,Low,Yes,2,High,Medium,Public,Positive,4,No,College,Moderate,Male,73,0.5581395348837209,True,False,False
16,82,Medium,Yes,6,99,Medium,Yes,3,High,Medium,Public,Positive,2,No,High School,Near,Male,69,0.3488372093023256,False,False,True
3,60,Medium,Yes,5,76,Medium,Yes,0,Medium,High,Private,Neutral,4,No,High School,Moderate,Female,58,0.046511627906976744,False,False,True
23,62,Low,No,5,87,Medium,Yes,1,High,Low,Private,Positive,3,No,High School,Near,Male,65,0.5116279069767441,True,False,False
13,68,Medium,Yes,8,95,Medium,Yes,2,Low,Low,Private,Positive,4,No,High School,Moderate,Male,63,0.27906976744186046,False,False,True
8,67,Low,No,5,77,Low,Yes,1,Medium,High,Public,Positive,2,No,College,Near,Male,59,0.16279069767441862,False,True,False
3,70,Medium,Yes,7,58,Medium,Yes,0,Medium,Medium,Private,Neutral,2,No,High School,Moderate,Male,58,0.046511627906976744,False,False,True
25,72,Medium,Yes,4,92,High,Yes,1,Low,Medium,Private,Negative,2,Yes,High School,Near,Male,66,0.5581395348837209,False,False,True
21,74,High,Yes,8,79,Medium,Yes,0,Low,High,Private,Positive,4,No,High School,Near,Male,67,0.46511627906976744,False,False,True
19,77,Medium,Yes,8,88,Medium,No,3,Low,Medium,Public,Positive,3,No,College,Moderate,Male,67,0.4186046511627907,True,False,False
28,64,Medium,No,7,83,Low,Yes,2,High,Medium,Private,Neutral,4,No,High School,Moderate,Male,67,0.627906976744186,True,False,False
24,62,Low,Yes,7,53,Medium,Yes,0,Medium,Medium,Public,Positive,6,No,Postgraduate,Near,Female,65,0.5348837209302325,True,False,False
30,87,Medium,Yes,8,58,High,Yes,1,Low,Medium,Public,Negative,1,No,College,Near,Male,71,0.6744186046511628,True,False,False
12,81,Medium,Yes,7,64,High,Yes,2,High,Medium,Public,Neutral,3,No,High School,Near,Male,66,0.2558139534883721,False,False,True
20,78,High,Yes,8,64,Medium,Yes,2,High,Medium,Private,Positive,2,No,High School,Moderate,Female,68,0.4418604651162791,False,False,True
10,85,High,Yes,5,92,Medium,Yes,0,Low,High,Private,Positive,4,Yes,High School,Far,Female,65,0.20930232558139533,False,False,True
19,93,High,No,8,80,Medium,Yes,1,Medium,Medium,Private,Neutral,3,No,College,Moderate,Male,71,0.4186046511627907,True,False,False
19,77,Low,Yes,7,54,Low,Yes,2,Low,Medium,Private,Positive,4,No,High School,Near,Female,64,0.4186046511627907,False,False,True
24,86,High,Yes,9,69,High,Yes,1,Medium,High,Public,Neutral,3,No,Postgraduate,Near,Male,72,0.5348837209302325,False,False,True
20,98,Low,No,7,78,Low,Yes,4,High,High,Public,Neutral,2,No,High School,Far,Male,69,0.4418604651162791,False,True,False
24,94,Medium,No,7,63,Medium,Yes,1,Low,High,Public,Neutral,3,No,High School,Near,Male,70,0.5348837209302325,False,False,True
24,77,Medium,Yes,6,52,Medium,Yes,0,Medium,Medium,Private,Negative,4,No,High School,Near,Male,66,0.5348837209302325,False,False,True
33,86,Medium,No,9,69,Medium,No,0,Medium,Medium,Public,Neutral,3,No,College,Near,Female,70,0.7441860465116279,False,False,True
18,67,Low,No,4,73,Low,Yes,0,Medium,Medium,Private,Neutral,2,No,Postgraduate,Moderate,Male,62,0.3953488372093023,True,False,False
14,82,Medium,Yes,8,95,Medium,Yes,1,Low,Medium,Private,Neutral,3,No,Postgraduate,Moderate,Male,66,0.3023255813953489,False,True,False
21,99,Low,No,7,95,Low,Yes,2,Low,Medium,Public,Negative,1,No,High School,Near,Female,70,0.46511627906976744,True,False,False
15,81,Low,Yes,7,75,Low,Yes,1,Medium,High,Public,Negative,1,No,Postgraduate,Moderate,Male,63,0.32558139534883723,False,True,False
29,97,Medium,Yes,7,74,Medium,Yes,1,Medium,Low,Public,Positive,4,Yes,High School,Near,Female,73,0.6511627906976744,True,False,False
18,76,High,Yes,7,82,High,Yes,2,Medium,High,Public,Neutral,4,No,Postgraduate,Near,Female,70,0.3953488372093023,False,False,True
17,100,High,No,8,63,Low,Yes,1,Low,Medium,Private,Positive,5,No,High School,Near,Male,71,0.37209302325581395,True,False,False
17,83,Medium,No,6,64,Medium,Yes,1,Medium,Medium,Private,Positive,4,No,High School,Near,Female,65,0.37209302325581395,False,True,False
24,62,Low,Yes,7,50,Medium,Yes,1,High,High,Private,Negative,2,No,Postgraduate,Near,Male,64,0.5348837209302325,False,False,True
19,83,Low,Yes,8,54,Medium,Yes,1,Low,Medium,Private,Positive,4,No,High School,Moderate,Male,66,0.4186046511627907,True,False,False
16,71,Low,Yes,6,59,High,Yes,1,Low,High,Public,Positive,3,No,Postgraduate,Near,Male,82,0.3488372093023256,False,True,False
30,61,High,Yes,8,82,Low,Yes,2,Low,High,Public,Neutral,3,No,Postgraduate,Near,Female,68,0.6744186046511628,False,True,False
15,93,Medium,No,8,61,High,Yes,1,Medium,Medium,Public,Neutral,4,No,High School,Near,Female,67,0.32558139534883723,False,False,True
20,71,High,Yes,6,56,High,Yes,5,Medium,Medium,Private,Positive,5,No,College,Near,Male,68,0.4418604651162791,False,True,False
24,92,High,Yes,5,81,Medium,Yes,2,Low,Medium,Private,Negative,3,Yes,High School,Near,Male,69,0.5348837209302325,False,True,False
10,72,Medium,Yes,6,83,Medium,Yes,0,Medium,Medium,Public,Positive,4,No,High School,Near,Male,63,0.20930232558139533,False,False,True
23,68,High,No,7,53,High,Yes,3,High,Medium,Public,Neutral,3,No,High School,Moderate,Female,66,0.5116279069767441,False,False,True
14,99,Medium,No,7,89,High,No,0,Medium,Medium,Private,Positive,2,No,Postgraduate,Far,Female,68,0.3023255813953489,False,False,True
25,74,Medium,Yes,9,80,Medium,Yes,4,Medium,Medium,Public,Positive,3,No,College,Moderate,Female,71,0.5581395348837209,True,False,False
14,84,High,Yes,6,70,High,Yes,2,High,Medium,Public,Positive,3,No,College,Near,Female,69,0.3023255813953489,False,False,True
24,84,Medium,Yes,6,99,Medium,Yes,1,Medium,High,Public,Positive,2,No,Postgraduate,Far,Female,70,0.5348837209302325,False,True,False
27,82,Medium,No,8,51,High,Yes,3,High,Medium,Public,Neutral,2,No,College,Near,Male,70,0.6046511627906976,False,False,True
25,97,Medium,Yes,6,77,Low,Yes,1,Low,High,Private,Positive,4,No,Postgraduate,Near,Male,73,0.5581395348837209,False,False,True
22,87,High,Yes,6,58,Medium,Yes,0,Low,Medium,Private,Neutral,4,No,High School,Near,Female,68,0.48837209302325585,False,False,True
19,76,Low,Yes,6,66,Medium,Yes,1,High,Medium,Public,Positive,3,No,High School,Near,Male,65,0.4186046511627907,False,False,True
17,94,High,Yes,4,57,Medium,Yes,4,Medium,High,Public,Neutral,4,No,High School,Moderate,Male,72,0.37209302325581395,True,False,False
29,67,Low,Yes,8,83,Medium,Yes,2,Low,Medium,Private,Positive,4,Yes,High School,Near,Female,67,0.6511627906976744,True,False,False
16,82,Medium,Yes,8,70,High,Yes,4,Low,High,Public,Neutral,4,No,College,Near,Female,68,0.3488372093023256,False,True,False
14,98,Medium,Yes,8,99,Low,Yes,0,High,Medium,Public,Neutral,3,No,High School,Near,Male,69,0.3023255813953489,False,False,True
24,85,Medium,Yes,10,83,Low,Yes,1,Medium,High,Public,Positive,4,No,College,Moderate,Female,70,0.5348837209302325,False,False,True
15,93,Medium,Yes,9,96,Medium,Yes,1,Medium,Medium,Public,Negative,2,No,High School,Moderate,Female,69,0.32558139534883723,True,False,False
14,86,High,Yes,6,62,Medium,Yes,1,Medium,Medium,Private,Positive,2,No,High School,Near,Male,68,0.3023255813953489,True,False,False
11,94,Medium,No,9,66,Medium,No,2,Low,High,Private,Positive,2,No,High School,Moderate,Male,65,0.23255813953488375,False,False,True
17,98,High,Yes,7,68,Medium,Yes,1,Low,Medium,Public,Positive,4,No,College,Moderate,Male,70,0.37209302325581395,False,False,True
20,71,Low,Yes,6,92,High,Yes,1,Low,Medium,Private,Negative,4,No,College,Near,Male,65,0.4418604651162791,False,False,True
21,67,Low,No,6,61,Medium,Yes,0,Low,Medium,Private,Positive,3,No,High School,Moderate,Female,61,0.46511627906976744,False,False,True
26,79,Low,No,7,97,Medium,Yes,1,High,Medium,Private,Positive,2,No,High School,Near,Male,69,0.5813953488372092,False,False,True
23,88,Low,Yes,7,52,Medium,Yes,0,Medium,Low,Public,Neutral,4,No,High School,Near,Male,67,0.5116279069767441,False,False,True
19,69,Medium,Yes,9,94,Medium,Yes,1,Low,High,Public,Positive,3,No,High School,Moderate,Male,65,0.4186046511627907,False,False,True
19,60,Medium,No,8,73,High,Yes,3,Medium,Low,Private,Neutral,3,No,High School,Near,Male,63,0.4186046511627907,False,False,True
23,74,High,Yes,6,76,Medium,Yes,0,Medium,High,Private,Negative,4,No,High School,Near,Male,67,0.5116279069767441,False,False,True
28,99,Low,No,5,100,Medium,Yes,6,Medium,Medium,Private,Neutral,5,No,High School,Moderate,Female,76,0.627906976744186,True,False,False
21,88,Medium,No,8,94,Medium,Yes,0,Medium,High,Public,Neutral,3,No,College,Near,Male,70,0.46511627906976744,False,False,True
17,76,High,Yes,8,95,Low,Yes,1,Low,Medium,Private,Neutral,4,No,Postgraduate,Near,Female,67,0.37209302325581395,False,False,True
14,68,High,Yes,9,79,Low,Yes,2,Low,Medium,Private,Positive,4,No,College,Near,Female,66,0.3023255813953489,True,False,False
11,74,High,Yes,7,98,Low,Yes,1,Low,Medium,Public,Positive,2,No,High School,Near,Male,65,0.23255813953488375,False,False,True
24,67,High,No,8,84,High,Yes,0,Low,Medium,Public,Neutral,1,No,College,Near,Female,65,0.5348837209302325,False,True,False
23,64,Medium,No,8,91,Medium,Yes,2,Low,Medium,Public,Negative,3,No,High School,Far,Female,63,0.5116279069767441,False,True,False
23,96,High,Yes,5,86,Medium,Yes,3,Medium,High,Public,Neutral,3,Yes,High School,Near,Male,74,0.5116279069767441,False,False,True
19,100,High,Yes,7,89,High,Yes,2,High,Low,Private,Neutral,3,No,College,Moderate,Male,72,0.4186046511627907,False,True,False
28,67,High,No,8,82,Low,Yes,1,High,Low,Public,Neutral,4,No,High School,Near,Female,68,0.627906976744186,True,False,False
17,62,Low,No,8,86,High,Yes,2,Medium,Medium,Public,Neutral,4,No,High School,Moderate,Female,62,0.37209302325581395,False,False,True
26,73,High,No,7,72,Medium,Yes,1,Low,Low,Private,Neutral,3,No,College,Far,Male,65,0.5813953488372092,False,True,False
20,78,Medium,Yes,10,85,Medium,Yes,1,High,High,Private,Negative,3,No,High School,Near,Male,69,0.4418604651162791,True,False,False
16,68,Low,Yes,10,64,Medium,Yes,2,High,Low,Public,Negative,2,No,High School,Moderate,Male,61,0.3488372093023256,False,False,True
24,72,Medium,Yes,7,82,High,Yes,2,Medium,Medium,Private,Positive,4,No,High School,Far,Male,67,0.5348837209302325,False,False,True
22,68,High,No,7,76,Medium,Yes,1,Medium,Medium,Public,Positive,4,No,High School,Near,Male,66,0.48837209302325585,False,False,True
22,91,Medium,Yes,8,95,Medium,Yes,1,Low,High,Private,Neutral,2,No,High School,Near,Male,70,0.48837209302325585,False,True,False
20,89,High,No,7,84,Low,Yes,5,High,Medium,Public,Neutral,3,No,Postgraduate,Moderate,Male,72,0.4418604651162791,False,False,True
20,85,Low,Yes,9,80,Medium,Yes,3,Low,Medium,Private,Neutral,3,No,Postgraduate,Moderate,Male,69,0.4418604651162791,True,False,False
34,75,Medium,Yes,5,66,Medium,Yes,0,Low,Medium,Private,Positive,3,No,High School,Near,Male,68,0.7674418604651162,False,True,False
27,96,Medium,No,7,93,Medium,Yes,2,Medium,Medium,Public,Neutral,2,No,College,Near,Male,74,0.6046511627906976,False,False,True
24,99,Medium,No,8,53,High,Yes,1,Low,Medium,Private,Neutral,3,Yes,High School,Near,Male,70,0.5348837209302325,True,False,False
21,67,Medium,Yes,9,95,High,Yes,1,Medium,Medium,Private,Positive,4,No,High School,Near,Male,67,0.46511627906976744,False,False,True
26,69,Medium,Yes,5,83,Medium,Yes,4,Medium,High,Private,Neutral,2,No,High School,Moderate,Female,68,0.5813953488372092,False,False,True
23,81,Low,No,6,59,Medium,Yes,2,High,High,Private,Neutral,1,No,Postgraduate,Near,Female,69,0.5116279069767441,True,False,False
20,64,Low,No,4,95,Medium,Yes,4,Medium,Medium,Public,Neutral,4,No,High School,Near,Male,66,0.4418604651162791,True,False,False
18,77,Low,No,6,66,High,Yes,3,Medium,High,Public,Positive,3,No,College,Moderate,Male,66,0.3953488372093023,False,False,True
20,83,High,Yes,5,58,Medium,Yes,1,Medium,Medium,Public,Neutral,3,No,High School,Near,Male,68,0.4418604651162791,True,False,False
1,81,Medium,Yes,8,66,Medium,Yes,1,Low,Medium,Public,Negative,2,No,College,Near,Male,60,0.0,False,False,True
21,73,Medium,No,7,98,High,Yes,0,High,High,Public,Positive,4,Yes,Postgraduate,Near,Male,69,0.46511627906976744,True,False,False
17,82,Medium,No,7,88,Medium,Yes,1,Medium,Medium,Public,Negative,1,Yes,High School,Near,Male,66,0.37209302325581395,True,False,False
30,98,High,Yes,7,96,Medium,Yes,1,Medium,Medium,Private,Neutral,3,No,Postgraduate,Near,Female,77,0.6744186046511628,False,False,True
20,68,Low,No,9,65,Low,Yes,1,High,Medium,Public,Negative,5,No,College,Near,Male,63,0.4418604651162791,False,False,True
13,86,Low,Yes,5,54,Medium,Yes,3,High,High,Public,Neutral,3,Yes,College,Near,Male,66,0.27906976744186046,False,False,True
20,62,Medium,Yes,4,78,Medium,No,1,High,Medium,Private,Positive,4,No,High School,Moderate,Female,64,0.4418604651162791,True,False,False
14,63,High,No,8,74,Medium,Yes,1,Low,Medium,Private,Neutral,4,No,Postgraduate,Moderate,Female,63,0.3023255813953489,True,False,False
23,82,Medium,Yes,6,86,Medium,Yes,0,High,Medium,Public,Neutral,4,No,High School,Near,Male,68,0.5116279069767441,False,True,False
22,64,Medium,No,5,77,Medium,Yes,1,High,Medium,Private,Negative,2,No,College,Near,Male,65,0.48837209302325585,True,False,False
26,61,Medium,Yes,8,70,Low,Yes,1,Medium,Medium,Private,Neutral,4,Yes,Postgraduate,Moderate,Male,65,0.5813953488372092,True,False,False
15,67,High,Yes,4,50,Low,Yes,0,Medium,Medium,Public,Positive,1,No,College,Near,Male,64,0.32558139534883723,True,False,False
20,83,Medium,Yes,6,73,Medium,Yes,0,High,Medium,Public,Positive,3,No,College,Far,Male,68,0.4418604651162791,True,False,False
12,88,Medium,Yes,4,56,Medium,Yes,0,Low,High,Private,Neutral,2,No,High School,Far,Male,62,0.2558139534883721,False,True,False
24,68,Medium,Yes,7,96,Medium,Yes,1,Low,High,Public,Positive,3,No,High School,Near,Male,67,0.5348837209302325,False,False,True
23,87,High,Yes,9,96,High,Yes,1,Medium,Medium,Private,Positive,1,No,College,Near,Female,73,0.5116279069767441,True,False,False
23,67,High,Yes,6,90,Medium,Yes,2,High,Medium,Private,Positive,3,No,High School,Near,Female,69,0.5116279069767441,True,False,False
20,85,Medium,No,6,58,Low,Yes,0,Low,Medium,Private,Negative,2,No,Postgraduate,Near,Male,65,0.4418604651162791,False,False,True
22,76,Medium,Yes,10,57,Medium,Yes,1,Medium,High,Private,Neutral,3,No,High School,Far,Male,66,0.48837209302325585,False,False,True
30,86,Medium,No,8,78,Medium,Yes,4,Medium,Low,Public,Positive,2,No,College,Far,Male,73,0.6744186046511628,True,False,False
18,100,Medium,Yes,10,86,Medium,Yes,1,Medium,Medium,Public,Neutral,3,No,High School,Near,Male,72,0.3953488372093023,True,False,False
21,98,Medium,Yes,7,95,Low,Yes,3,High,Low,Public,Neutral,1,No,High School,Near,Male,72,0.46511627906976744,False,False,True
13,60,High,Yes,7,95,Medium,Yes,1,Low,Medium,Private,Positive,1,No,High School,Near,Female,61,0.27906976744186046,False,True,False
15,95,Medium,Yes,9,58,Low,Yes,2,Low,High,Private,Neutral,3,No,High School,Near,Female,69,0.32558139534883723,True,False,False
21,63,Medium,No,7,100,Medium,Yes,1,High,Medium,Private,Neutral,2,No,Postgraduate,Moderate,Female,66,0.46511627906976744,True,False,False
27,98,High,No,7,58,Medium,Yes,1,High,Medium,Public,Positive,3,No,Postgraduate,Far,Female,74,0.6046511627906976,True,False,False
18,71,Low,Yes,4,92,Medium,Yes,1,Low,Medium,Public,Negative,4,Yes,College,Near,Female,64,0.3953488372093023,True,False,False
19,75,High,Yes,10,79,Medium,Yes,1,Medium,Medium,Public,Neutral,2,No,High School,Near,Female,66,0.4186046511627907,False,False,True
18,64,Medium,Yes,8,84,Medium,No,2,Medium,Medium,Public,Neutral,3,No,College,Near,Female,64,0.3953488372093023,True,False,False
17,64,High,No,7,80,Low,Yes,3,Medium,Medium,Private,Positive,4,No,High School,Near,Male,66,0.37209302325581395,True,False,False
22,89,High,No,8,93,Medium,Yes,2,High,Low,Private,Neutral,5,No,High School,Near,Male,72,0.48837209302325585,False,False,True
11,98,High,Yes,5,82,High,Yes,1,Medium,Medium,Private,Neutral,2,No,Postgraduate,Near,Male,71,0.23255813953488375,True,False,False
28,84,Medium,Yes,6,92,Medium,Yes,1,Medium,Medium,Public,Negative,3,Yes,High School,Near,Female,70,0.627906976744186,True,False,False
16,89,Medium,Yes,8,58,Low,Yes,2,Low,Medium,Public,Neutral,3,No,College,Moderate,Male,67,0.3488372093023256,True,False,False
24,90,High,No,7,93,Low,Yes,1,Low,High,Public,Neutral,2,Yes,Postgraduate,Near,Male,71,0.5348837209302325,False,False,True
12,71,Low,No,8,100,Medium,Yes,2,High,Medium,Public,Neutral,3,Yes,College,Near,Male,63,0.2558139534883721,False,False,True
24,62,High,No,7,83,Low,Yes,1,Medium,Low,Public,Neutral,2,No,College,Moderate,Female,64,0.5348837209302325,False,False,True
24,60,Medium,Yes,8,99,Medium,Yes,2,Low,Low,Public,Neutral,1,No,High School,Moderate,Male,64,0.5348837209302325,False,False,True
22,74,Low,No,5,61,Medium,Yes,1,Low,Medium,Public,Positive,3,No,Postgraduate,Near,Female,65,0.48837209302325585,False,False,True
14,70,Medium,Yes,9,91,High,Yes,2,Medium,Medium,Public,Neutral,4,No,High School,Near,Female,65,0.3023255813953489,False,False,True
21,62,Low,No,6,58,Medium,Yes,2,Low,High,Private,Neutral,3,No,College,Moderate,Female,62,0.46511627906976744,False,False,True
13,67,High,Yes,7,76,Medium,Yes,2,Low,Medium,Private,Neutral,5,No,High School,Near,Male,65,0.27906976744186046,True,False,False
18,65,High,No,6,83,Low,Yes,1,Medium,High,Private,Neutral,2,No,High School,Near,Male,64,0.3953488372093023,False,False,True
26,97,Medium,Yes,7,83,Low,Yes,2,Low,Medium,Public,Positive,3,No,Postgraduate,Near,Male,74,0.5813953488372092,False,False,True
25,66,High,Yes,7,84,Low,Yes,2,High,Medium,Public,Positive,1,No,High School,Near,Male,67,0.5581395348837209,False,False,True
20,82,Medium,No,8,66,Low,Yes,0,High,Medium,Public,Positive,2,No,Postgraduate,Near,Male,66,0.4418604651162791,False,True,False
14,84,High,No,8,99,Medium,No,3,Medium,High,Public,Neutral,4,No,Postgraduate,Near,Female,70,0.3023255813953489,True,False,False
24,82,High,No,8,50,Medium,Yes,0,Medium,Medium,Public,Positive,2,No,Postgraduate,Moderate,Male,68,0.5348837209302325,False,False,True
20,64,Medium,No,6,81,Medium,Yes,0,High,High,Public,Positive,1,No,High School,Moderate,Female,64,0.4418604651162791,False,False,True
6,73,Medium,No,8,93,Low,Yes,0,Low,Medium,Private,Neutral,1,Yes,High School,Far,Female,58,0.11627906976744186,False,False,True
25,62,Medium,Yes,7,95,Low,Yes,1,High,Medium,Public,Neutral,4,Yes,College,Near,Male,65,0.5581395348837209,False,False,True
20,76,High,Yes,7,86,Medium,Yes,2,Medium,Medium,Public,Negative,5,No,High School,Near,Female,68,0.4418604651162791,False,False,True
27,68,Medium,No,8,79,Medium,Yes,2,Low,High,Private,Negative,1,Yes,Postgraduate,Moderate,Female,64,0.6046511627906976,False,True,False
13,82,High,No,5,73,Low,Yes,4,Low,Medium,Public,Negative,4,No,High School,Near,Male,66,0.27906976744186046,False,False,True
1,88,High,Yes,4,72,High,Yes,3,Medium,Medium,Private,Negative,2,No,College,Near,Male,92,0.0,False,False,True
22,81,Medium,Yes,9,71,Medium,Yes,2,High,Low,Public,Negative,4,No,High School,Near,Male,69,0.48837209302325585,True,False,False
22,77,High,No,7,85,Low,Yes,2,Low,Medium,Public,Neutral,2,No,College,Near,Male,68,0.48837209302325585,False,False,True
10,75,Medium,No,8,87,Low,Yes,2,Medium,Medium,Public,Positive,4,Yes,High School,Near,Female,63,0.20930232558139533,False,False,True
14,94,Medium,Yes,6,76,Medium,No,0,Low,Low,Public,Neutral,3,No,High School,Near,Male,64,0.3023255813953489,False,True,False
37,69,High,Yes,9,87,Medium,No,1,Low,Medium,Public,Negative,2,No,College,Far,Female,68,0.8372093023255813,False,False,True
18,89,Low,No,8,76,High,Yes,0,Low,Medium,Public,Positive,2,No,High School,Near,Male,67,0.3953488372093023,False,False,True
24,90,Medium,Yes,7,55,Medium,Yes,1,High,Medium,Public,Negative,2,No,Postgraduate,Far,Male,68,0.5348837209302325,False,True,False
16,77,Medium,Yes,7,93,Medium,Yes,1,Low,Medium,Public,Positive,2,No,High School,Moderate,Male,66,0.3488372093023256,False,False,True
7,72,Medium,Yes,4,94,Medium,Yes,4,Medium,Medium,Private,Positive,4,No,Postgraduate,Near,Male,66,0.13953488372093026,False,False,True
19,79,High,Yes,8,63,Medium,Yes,4,Low,High,Public,Neutral,2,No,High School,Moderate,Male,68,0.4186046511627907,False,False,True
18,64,High,Yes,9,89,Low,Yes,1,Medium,High,Private,Neutral,3,No,High School,Moderate,Male,64,0.3953488372093023,False,False,True
18,62,Medium,Yes,7,76,Medium,Yes,2,Medium,Medium,Private,Negative,3,Yes,College,Near,Female,63,0.3953488372093023,True,False,False
19,64,Medium,Yes,7,56,Medium,Yes,0,Low,Medium,Private,Neutral,4,No,High School,Near,Female,62,0.4186046511627907,False,False,True
22,67,High,No,7,70,High,Yes,2,Low,Medium,Private,Positive,2,No,High School,Near,Male,66,0.48837209302325585,False,False,True
19,80,Medium,Yes,9,54,Medium,Yes,0,Low,Medium,Public,Negative,2,No,Postgraduate,Moderate,Male,65,0.4186046511627907,True,False,False
12,94,Low,Yes,9,89,Medium,Yes,1,Low,Low,Private,Negative,3,No,High School,Near,Male,66,0.2558139534883721,False,False,True
23,69,High,Yes,6,60,Medium,Yes,2,Low,High,Private,Negative,4,No,High School,Near,Male,66,0.5116279069767441,False,False,True
8,97,High,Yes,8,58,High,Yes,2,High,Medium,Public,Neutral,2,No,College,Near,Female,69,0.16279069767441862,False,False,True
8,98,Medium,Yes,7,60,Medium,Yes,1,High,High,Private,Negative,3,No,Postgraduate,Near,Female,67,0.16279069767441862,False,True,False
24,98,High,No,8,61,Medium,Yes,6,Medium,High,Private,Positive,3,No,High School,Near,Female,75,0.5348837209302325,False,False,True
23,94,Medium,Yes,6,84,High,Yes,0,Low,High,Public,Neutral,3,No,Postgraduate,Near,Male,73,0.5116279069767441,True,False,False
20,75,Medium,Yes,9,82,High,Yes,0,Low,Low,Public,Positive,5,No,College,Moderate,Female,66,0.4418604651162791,False,False,True
12,63,Medium,No,8,56,Low,Yes,4,Medium,Medium,Public,Positive,4,No,College,Moderate,Male,61,0.2558139534883721,False,False,True
16,83,Medium,Yes,9,86,Medium,Yes,5,Low,High,Private,Negative,4,No,High School,Moderate,Female,68,0.3488372093023256,False,False,True
18,82,Medium,Yes,5,67,High,No,1,Medium,High,Public,Neutral,4,No,College,Near,Male,67,0.3953488372093023,False,False,True
10,94,High,No,5,73,Medium,Yes,1,Medium,Medium,Public,Negative,3,No,High School,Moderate,Male,66,0.20930232558139533,False,False,True
16,100,High,No,10,56,Medium,Yes,1,High,Medium,Public,Neutral,2,No,High School,Near,Female,69,0.3488372093023256,False,False,True
24,80,Medium,No,9,85,Low,Yes,3,Low,Medium,Public,Positive,4,No,High School,Near,Male,69,0.5348837209302325,False,False,True
29,74,High,Yes,6,69,Medium,Yes,1,Low,High,Private,Negative,1,No,College,Far,Female,67,0.6511627906976744,False,False,True
17,67,Medium,No,8,82,Medium,Yes,0,Medium,Medium,Public,Positive,4,No,High School,Near,Female,65,0.37209302325581395,True,False,False
25,60,Low,No,6,71,Low,Yes,2,High,Medium,Public,Positive,2,No,High School,Near,Male,63,0.5581395348837209,False,False,True
9,80,Low,Yes,4,52,Low,Yes,1,High,Medium,Public,Positive,2,No,Postgraduate,Near,Female,63,0.18604651162790697,False,False,True
24,82,Medium,No,4,85,Low,No,1,Low,Medium,Public,Negative,2,No,High School,Near,Male,66,0.5348837209302325,False,False,True
15,93,Medium,Yes,7,78,Low,Yes,0,Medium,Medium,Public,Negative,4,No,High School,Moderate,Male,66,0.32558139534883723,False,False,True
22,80,High,Yes,9,72,Low,Yes,2,Medium,Medium,Public,Neutral,4,No,College,Near,Female,69,0.48837209302325585,False,False,True
19,97,Medium,Yes,9,60,High,Yes,3,Medium,Medium,Public,Negative,4,No,Postgraduate,Moderate,Female,72,0.4186046511627907,True,False,False
28,85,Medium,Yes,9,81,Low,Yes,2,Low,Medium,Public,Neutral,3,No,High School,Near,Male,70,0.627906976744186,False,False,True
15,94,High,Yes,8,64,Medium,Yes,2,Low,Medium,Public,Negative,1,No,College,Near,Male,68,0.32558139534883723,False,False,True
24,66,Medium,Yes,7,71,Low,Yes,1,Low,High,Public,Neutral,3,No,High School,Near,Male,66,0.5348837209302325,True,False,False
18,94,Medium,Yes,9,53,Medium,Yes,3,Low,Medium,Public,Negative,3,No,College,Moderate,Female,67,0.3953488372093023,False,True,False
19,87,Medium,No,4,89,Medium,Yes,0,Low,Low,Public,Positive,5,Yes,Postgraduate,Moderate,Female,68,0.4186046511627907,True,False,False
19,67,Low,Yes,8,55,Medium,No,0,Medium,High,Private,Positive,4,No,High School,Near,Male,62,0.4186046511627907,False,False,True
15,68,High,No,5,95,High,Yes,1,Medium,Medium,Private,Positive,2,Yes,College,Near,Female,64,0.32558139534883723,False,False,True
20,97,Low,Yes,6,93,Low,Yes,1,High,High,Public,Positive,1,No,College,Far,Male,71,0.4418604651162791,True,False,False
20,61,Medium,No,8,99,Medium,Yes,0,Medium,High,Public,Neutral,4,No,College,Near,Male,65,0.4418604651162791,True,False,False
21,79,Medium,Yes,8,95,High,Yes,0,Medium,Medium,Public,Neutral,2,No,Postgraduate,Near,Female,69,0.46511627906976744,False,False,True
21,73,Medium,No,6,99,Medium,No,1,Low,Medium,Public,Neutral,5,No,High School,Near,Male,65,0.46511627906976744,False,False,True
25,87,Medium,No,8,94,High,Yes,0,Medium,High,Public,Positive,4,No,High School,Near,Male,71,0.5581395348837209,False,False,True
26,94,Medium,No,8,56,Low,Yes,1,High,Medium,Public,Negative,2,No,College,Near,Female,69,0.5813953488372092,False,True,False
14,74,Medium,Yes,7,72,High,No,2,Medium,Medium,Private,Negative,3,No,College,Near,Male,65,0.3023255813953489,True,False,False
25,77,Medium,Yes,7,54,Medium,Yes,2,Medium,Medium,Public,Neutral,1,No,College,Moderate,Male,66,0.5581395348837209,False,True,False
13,99,Medium,Yes,10,77,Low,Yes,0,Medium,High,Private,Negative,3,No,College,Moderate,Female,68,0.27906976744186046,False,False,True
24,91,High,Yes,7,76,Medium,Yes,0,Medium,Medium,Private,Positive,2,No,High School,Moderate,Female,72,0.5348837209302325,True,False,False
24,96,High,Yes,7,96,Medium,Yes,1,Medium,Medium,Public,Negative,3,No,High School,Near,Female,74,0.5348837209302325,True,False,False
9,78,Medium,No,7,98,Low,Yes,3,Low,Medium,Public,Positive,2,No,High School,Near,Male,64,0.18604651162790697,False,False,True
21,69,Low,Yes,7,63,Medium,Yes,0,Medium,Medium,Public,Positive,3,No,High School,Moderate,Male,64,0.46511627906976744,True,False,False
17,76,Medium,Yes,8,79,Low,No,1,Low,Medium,Public,Neutral,4,Yes,Postgraduate,Far,Female,63,0.37209302325581395,False,False,True
15,89,Low,No,9,73,High,Yes,2,Low,Low,Private,Neutral,2,No,High School,Near,Male,66,0.32558139534883723,True,False,False
28,64,Medium,Yes,7,77,Medium,Yes,1,High,Medium,Public,Positive,2,No,High School,Near,Male,67,0.627906976744186,False,False,True
16,71,Low,Yes,6,77,Low,Yes,4,Medium,Medium,Public,Neutral,5,Yes,College,Moderate,Male,64,0.3488372093023256,True,False,False
15,62,High,No,10,96,Low,Yes,0,Medium,High,Private,Positive,4,No,High School,Far,Male,62,0.32558139534883723,False,True,False
20,77,Low,Yes,7,95,High,Yes,0,Medium,Medium,Public,Positive,1,No,High School,Far,Male,66,0.4418604651162791,False,False,True
24,93,High,No,4,56,Low,Yes,4,Low,High,Public,Negative,2,No,Postgraduate,Moderate,Female,71,0.5348837209302325,False,False,True
19,61,Low,Yes,10,67,Low,No,1,Medium,Medium,Public,Positive,6,No,Postgraduate,Near,Female,63,0.4186046511627907,True,False,False
27,87,Medium,Yes,9,88,Medium,Yes,1,Low,High,Public,Positive,4,Yes,College,Near,Male,72,0.6046511627906976,True,False,False
23,97,High,No,9,84,Low,Yes,1,High,Medium,Public,Positive,3,Yes,High School,Far,Female,71,0.5116279069767441,False,False,True
7,69,Medium,No,9,82,Low,Yes,1,Medium,High,Private,Positive,3,No,Postgraduate,Near,Female,61,0.13953488372093026,False,True,False
17,88,High,Yes,10,100,Medium,Yes,1,Low,High,Public,Positive,2,No,Postgraduate,Near,Female,71,0.37209302325581395,False,False,True
17,99,Medium,No,5,67,Low,Yes,2,Medium,Medium,Private,Neutral,4,No,Postgraduate,Far,Male,69,0.37209302325581395,False,False,True
23,98,High,Yes,6,76,Low,Yes,3,Low,High,Public,Positive,3,No,High School,Near,Male,74,0.5116279069767441,False,False,True
4,69,High,Yes,6,99,Medium,Yes,0,Medium,High,Public,Neutral,2,No,High School,Moderate,Male,61,0.06976744186046512,False,False,True
35,64,Low,No,6,85,High,Yes,2,Medium,High,Private,Neutral,2,No,High School,Moderate,Male,68,0.7906976744186046,False,False,True
23,66,High,Yes,7,82,High,Yes,1,Medium,Medium,Public,Positive,2,No,High School,Near,Male,67,0.5116279069767441,False,False,True
21,88,Low,No,6,58,Medium,Yes,3,High,Medium,Private,Neutral,4,No,College,Near,Male,70,0.46511627906976744,True,False,False
27,89,Medium,No,5,62,Medium,Yes,0,Low,Medium,Public,Neutral,3,No,High School,Near,Male,69,0.6046511627906976,False,False,True
34,87,Low,No,6,69,High,Yes,3,Low,Medium,Private,Neutral,2,No,College,Moderate,Male,72,0.7674418604651162,False,False,True
25,73,Low,Yes,7,73,Medium,Yes,1,Medium,Medium,Public,Positive,2,No,High School,Near,Male,66,0.5581395348837209,False,False,True
26,67,Medium,No,9,75,Medium,Yes,2,Medium,Medium,Public,Positive,3,No,High School,Near,Male,67,0.5813953488372092,False,False,True
21,83,Medium,No,6,95,High,Yes,4,High,High,Public,Neutral,2,No,High School,Far,Female,70,0.46511627906976744,False,False,True
19,79,High,Yes,8,55,Medium,Yes,3,Medium,Medium,Private,Neutral,4,Yes,Postgraduate,Near,Male,68,0.4186046511627907,False,False,True
17,89,Medium,Yes,5,62,High,Yes,2,Medium,Medium,Private,Positive,2,No,College,Near,Female,68,0.37209302325581395,False,True,False
15,78,High,No,4,57,High,Yes,2,Medium,High,Public,Negative,2,No,High School,Near,Female,65,0.32558139534883723,False,False,True
16,74,Low,Yes,7,87,Medium,Yes,0,Low,Low,Public,Positive,3,No,College,Near,Female,63,0.3488372093023256,False,False,True
12,72,Low,Yes,6,99,High,Yes,0,Low,Medium,Public,Positive,4,No,College,Far,Female,62,0.2558139534883721,False,True,False
20,68,High,Yes,6,95,Medium,Yes,0,Low,Medium,Public,Positive,4,No,High School,Near,Female,66,0.4418604651162791,False,False,True
10,71,High,Yes,6,86,Medium,Yes,1,Medium,Low,Public,Negative,2,Yes,Postgraduate,Near,Male,62,0.20930232558139533,False,False,True
21,64,High,Yes,6,51,Low,Yes,0,High,Low,Public,Negative,3,No,College,Moderate,Female,61,0.46511627906976744,False,True,False
20,74,Medium,Yes,6,67,High,Yes,0,Medium,Medium,Private,Negative,4,Yes,College,Moderate,Female,63,0.4418604651162791,False,True,False
21,61,Medium,Yes,6,93,Low,Yes,3,Medium,High,Private,Neutral,3,No,High School,Near,Female,65,0.46511627906976744,False,False,True
17,67,Low,No,5,83,High,Yes,3,Low,Medium,Public,Positive,3,No,High School,Moderate,Male,64,0.37209302325581395,True,False,False
38,90,Medium,Yes,4,60,Low,Yes,2,Low,Medium,Public,Neutral,4,No,College,Moderate,Male,74,0.8604651162790697,True,False,False
28,73,Medium,Yes,4,73,Medium,Yes,2,High,High,Public,Positive,2,No,Postgraduate,Near,Female,70,0.627906976744186,False,True,False
13,87,Medium,No,10,54,Low,Yes,2,Low,Medium,Public,Positive,2,No,High School,Moderate,Female,63,0.27906976744186046,False,True,False
21,89,Medium,No,7,76,Medium,Yes,3,High,Medium,Public,Positive,2,No,High School,Far,Female,68,0.46511627906976744,False,True,False
16,83,High,Yes,9,95,Medium,Yes,2,Low,High,Public,Neutral,2,No,College,Near,Male,69,0.3488372093023256,False,False,True
14,98,High,Yes,7,52,High,Yes,1,Medium,High,Private,Negative,4,No,High School,Moderate,Male,70,0.3023255813953489,False,False,True
12,61,Medium,Yes,7,81,Medium,Yes,2,High,Medium,Public,Neutral,3,No,College,Far,Male,62,0.2558139534883721,False,False,True
23,90,Medium,Yes,7,62,Medium,Yes,3,Medium,Low,Private,Positive,2,No,Postgraduate,Moderate,Male,71,0.5116279069767441,True,False,False
16,98,Low,No,8,100,Low,Yes,2,Low,Medium,Public,Neutral,1,No,High School,Near,Male,69,0.3488372093023256,False,False,True
26,94,Low,Yes,5,53,Low,Yes,0,Low,High,Public,Neutral,2,No,High School,Near,Male,69,0.5813953488372092,True,False,False
26,67,High,Yes,6,81,High,Yes,4,Low,High,Public,Neutral,3,Yes,College,Near,Male,68,0.5813953488372092,False,True,False
28,73,Medium,Yes,7,63,Low,Yes,0,Low,Medium,Public,Positive,2,No,High School,Near,Male,65,0.627906976744186,False,True,False
15,67,High,Yes,4,94,High,Yes,1,Medium,Medium,Private,Positive,5,No,High School,Far,Male,65,0.32558139534883723,False,False,True
23,84,Low,Yes,9,56,Low,No,1,Medium,High,Public,Positive,4,No,High School,Near,Female,65,0.5116279069767441,False,True,False
24,88,High,No,9,71,Medium,Yes,2,High,High,Public,Negative,3,No,High School,Near,Female,72,0.5348837209302325,True,False,False
17,73,Low,No,4,59,High,Yes,2,Low,High,Private,Negative,4,No,High School,Moderate,Female,63,0.37209302325581395,False,False,True
15,82,High,Yes,6,90,High,No,2,High,Medium,Public,Positive,2,No,High School,Near,Male,68,0.32558139534883723,False,False,True
30,88,Medium,Yes,7,68,Low,Yes,1,Medium,High,Public,Positive,3,No,College,Near,Female,72,0.6744186046511628,False,False,True
21,77,Low,Yes,8,59,Medium,Yes,3,Low,Medium,Private,Positive,2,No,High School,Near,Male,66,0.46511627906976744,False,False,True
24,94,Medium,No,9,86,High,Yes,2,Low,Medium,Public,Neutral,3,No,College,Near,Female,71,0.5348837209302325,False,True,False
15,91,Low,Yes,6,91,Low,Yes,0,Medium,Medium,Public,Positive,3,No,College,Moderate,Female,67,0.32558139534883723,False,False,True
13,63,Medium,No,10,73,Low,Yes,2,Low,High,Public,Negative,3,No,Postgraduate,Moderate,Male,61,0.27906976744186046,False,False,True
17,85,High,Yes,7,69,Medium,Yes,4,Low,High,Private,Neutral,2,No,High School,Near,Female,70,0.37209302325581395,True,False,False
19,69,Medium,Yes,7,82,Low,No,2,Low,Medium,Public,Neutral,3,No,College,Near,Male,64,0.4186046511627907,False,False,True
14,82,Medium,Yes,8,83,Medium,Yes,0,Medium,Medium,Public,Negative,2,No,High School,Moderate,Male,64,0.3023255813953489,False,False,True
20,98,High,Yes,7,83,Medium,No,0,Low,Medium,Public,Neutral,3,No,High School,Far,Female,68,0.4418604651162791,False,True,False
10,95,Medium,No,7,64,High,Yes,4,Low,Medium,Private,Positive,3,No,Postgraduate,Near,Male,70,0.20930232558139533,True,False,False
13,76,Medium,Yes,10,97,High,Yes,4,Low,Low,Public,Neutral,3,No,College,Moderate,Male,65,0.27906976744186046,False,True,False
24,72,High,No,7,61,Medium,Yes,3,Low,Medium,Private,Neutral,2,No,High School,Near,Female,67,0.5348837209302325,True,False,False
24,69,Low,Yes,6,69,Medium,Yes,0,Low,High,Private,Neutral,4,No,College,Near,Male,65,0.5348837209302325,False,False,True
18,81,Medium,Yes,6,64,Medium,Yes,1,Medium,Medium,Public,Positive,4,No,High School,Moderate,Female,65,0.3953488372093023,False,True,False
14,65,High,Yes,9,97,Low,Yes,3,Low,High,Public,Positive,4,No,High School,Near,Female,65,0.3023255813953489,False,False,True
14,82,Low,Yes,8,91,High,Yes,1,Low,Medium,Public,Negative,2,No,High School,Near,Male,66,0.3023255813953489,True,False,False
18,60,High,No,5,91,Low,Yes,2,Low,Medium,Public,Negative,4,Yes,High School,Near,Male,62,0.3953488372093023,False,False,True
24,73,Medium,Yes,5,50,Low,Yes,1,Low,Medium,Public,Negative,2,No,High School,Near,Male,63,0.5348837209302325,False,False,True
26,69,Low,Yes,7,84,Medium,Yes,0,Medium,Medium,Private,Neutral,3,Yes,High School,Moderate,Male,63,0.5813953488372092,False,True,False
17,99,Medium,Yes,8,62,Medium,Yes,3,Medium,Medium,Private,Neutral,3,No,High School,Near,Male,70,0.37209302325581395,False,False,True
13,89,High,Yes,6,98,Medium,Yes,0,Medium,Medium,Private,Negative,4,No,High School,Near,Male,67,0.27906976744186046,False,True,False
22,74,High,No,4,77,Low,Yes,0,High,Medium,Private,Negative,3,Yes,High School,Near,Male,66,0.48837209302325585,True,False,False
15,64,Medium,No,5,78,Medium,Yes,2,Low,Medium,Public,Positive,2,No,High School,Moderate,Male,63,0.32558139534883723,True,False,False
17,81,Low,Yes,9,68,High,Yes,1,Low,Low,Private,Positive,3,No,College,Near,Female,66,0.37209302325581395,True,False,False
28,69,Medium,No,8,77,Medium,Yes,3,Medium,Medium,Public,Neutral,4,No,College,Moderate,Female,67,0.627906976744186,False,True,False
25,81,Medium,No,9,87,Low,Yes,1,Low,High,Private,Negative,1,No,Postgraduate,Moderate,Female,68,0.5581395348837209,False,False,True
21,93,High,Yes,9,78,Low,Yes,1,Medium,Low,Public,Neutral,2,Yes,High School,Far,Male,67,0.46511627906976744,False,True,False
12,85,High,Yes,6,82,Medium,Yes,1,High,Medium,Public,Neutral,2,No,High School,Far,Male,66,0.2558139534883721,False,False,True
21,85,High,Yes,6,74,Medium,Yes,2,Medium,Medium,Public,Neutral,4,No,High School,Near,Female,71,0.46511627906976744,True,False,False
26,82,Medium,Yes,7,86,Medium,Yes,0,Low,High,Public,Neutral,2,Yes,Postgraduate,Near,Male,69,0.5813953488372092,False,False,True
18,97,Low,Yes,8,95,High,Yes,1,Medium,Medium,Public,Positive,2,No,Postgraduate,Moderate,Male,72,0.3953488372093023,True,False,False
28,97,Low,Yes,9,53,Low,Yes,0,Low,Medium,Private,Negative,3,No,College,Moderate,Female,70,0.627906976744186,True,False,False
28,81,Medium,Yes,10,55,Medium,Yes,2,Medium,Low,Private,Neutral,3,No,High School,Near,Male,68,0.627906976744186,False,False,True
30,72,Medium,No,8,84,Medium,Yes,1,Low,High,Private,Positive,1,No,High School,Near,Male,68,0.6744186046511628,False,False,True
22,78,High,Yes,8,69,High,Yes,2,Low,Medium,Public,Negative,2,No,High School,Near,Female,67,0.48837209302325585,False,True,False
24,67,Medium,No,10,64,Low,Yes,1,Low,Medium,Public,Positive,2,Yes,College,Far,Female,62,0.5348837209302325,False,False,True
28,85,Low,No,7,59,Low,Yes,1,Low,Medium,Public,Neutral,3,No,Postgraduate,Far,Male,67,0.627906976744186,False,False,True
23,80,Medium,No,9,79,Medium,Yes,1,Medium,High,Public,Negative,2,No,Postgraduate,Near,Male,69,0.5116279069767441,True,False,False
17,64,High,Yes,8,67,Medium,Yes,3,Low,Medium,Public,Negative,3,No,College,Near,Male,64,0.37209302325581395,False,False,True
17,68,High,Yes,8,75,Medium,Yes,2,Low,High,Private,Positive,3,No,College,Near,Female,66,0.37209302325581395,False,False,True
21,79,Low,Yes,7,98,High,Yes,2,Low,Medium,Public,Positive,1,No,High School,Near,Male,69,0.46511627906976744,True,False,False
12,96,High,No,5,88,High,Yes,0,Medium,Medium,Private,Positive,2,No,College,Moderate,Female,70,0.2558139534883721,True,False,False
19,83,Medium,No,8,90,Low,Yes,3,Low,Medium,Public,Positive,3,No,College,Moderate,Female,69,0.4186046511627907,True,False,False
27,87,Medium,Yes,8,56,Medium,Yes,3,Medium,High,Public,Neutral,3,No,Postgraduate,Near,Male,72,0.6046511627906976,False,False,True
7,74,Medium,Yes,6,66,Low,Yes,1,Low,High,Private,Positive,2,No,High School,Near,Female,61,0.13953488372093026,False,False,True
29,83,Medium,No,7,55,High,Yes,2,Low,Low,Private,Negative,4,No,High School,Near,Female,68,0.6511627906976744,False,False,True
27,78,Medium,No,6,98,Low,Yes,1,Medium,Medium,Public,Positive,3,No,High School,Far,Male,68,0.6046511627906976,False,False,True
17,86,Medium,No,6,84,High,Yes,0,Medium,Medium,Private,Neutral,3,No,High School,Near,Female,66,0.37209302325581395,False,True,False
23,62,Medium,No,6,51,Medium,Yes,5,High,Medium,Public,Negative,2,No,College,Near,Male,65,0.5116279069767441,False,False,True
20,80,Low,Yes,5,74,Medium,Yes,2,Low,Low,Public,Negative,4,No,College,Moderate,Female,66,0.4418604651162791,True,False,False
27,72,Medium,No,6,63,Medium,Yes,1,High,Medium,Private,Negative,5,No,College,Moderate,Female,67,0.6046511627906976,False,False,True
26,73,High,No,8,77,Medium,Yes,0,Medium,High,Private,Positive,2,No,College,Far,Male,68,0.5813953488372092,False,False,True
12,98,Medium,No,9,59,Low,Yes,1,High,Medium,Public,Neutral,2,No,Postgraduate,Near,Female,67,0.2558139534883721,False,True,False
24,67,Medium,Yes,10,53,Medium,Yes,0,Medium,Medium,Public,Positive,3,Yes,College,Near,Female,63,0.5348837209302325,False,True,False
19,72,Low,No,6,66,Medium,Yes,0,Medium,High,Private,Neutral,2,No,Postgraduate,Near,Male,64,0.4186046511627907,False,False,True
20,80,Low,No,9,65,High,Yes,1,Medium,Medium,Private,Positive,3,No,College,Far,Male,66,0.4418604651162791,False,False,True
16,95,Medium,Yes,8,86,Medium,Yes,0,Low,Low,Public,Positive,4,No,High School,Moderate,Male,69,0.3488372093023256,True,False,False
30,77,Low,Yes,7,74,Medium,Yes,3,High,Medium,Private,Neutral,3,No,Postgraduate,Moderate,Male,70,0.6744186046511628,False,False,True
26,90,Medium,No,8,65,High,Yes,3,Medium,High,Private,Positive,2,No,High School,Near,Female,72,0.5813953488372092,False,False,True
16,94,High,No,9,79,High,Yes,2,High,Medium,Public,Positive,5,No,High School,Moderate,Female,71,0.3488372093023256,False,False,True
12,72,Medium,Yes,6,54,Low,Yes,3,Low,Medium,Public,Positive,2,No,Postgraduate,Near,Male,63,0.2558139534883721,False,False,True
18,76,High,No,6,83,Medium,Yes,1,High,Medium,Public,Neutral,4,No,High School,Near,Male,68,0.3953488372093023,True,False,False
23,74,High,Yes,6,57,Low,No,1,High,High,Private,Neutral,3,No,College,Near,Male,67,0.5116279069767441,False,False,True
21,93,Low,No,6,64,Medium,Yes,2,Low,Medium,Public,Positive,4,No,Postgraduate,Moderate,Male,69,0.46511627906976744,False,False,True
28,62,Medium,No,9,64,High,Yes,1,Low,Medium,Private,Negative,2,No,Postgraduate,Near,Male,65,0.627906976744186,False,False,True
25,72,Low,Yes,6,73,High,Yes,4,Medium,High,Public,Neutral,4,No,College,Moderate,Male,69,0.5581395348837209,True,False,False
26,87,Medium,No,6,98,High,Yes,0,Medium,High,Public,Negative,4,No,College,Moderate,Male,71,0.5813953488372092,False,False,True
22,83,Low,Yes,7,66,Medium,Yes,2,Medium,Medium,Private,Neutral,3,No,High School,Near,Female,67,0.48837209302325585,False,False,True
12,77,Medium,No,7,64,Low,Yes,2,High,High,Public,Positive,4,No,College,Moderate,Female,64,0.2558139534883721,False,True,False
19,82,Medium,Yes,6,58,Low,Yes,2,Medium,High,Private,Positive,3,No,College,Near,Female,68,0.4186046511627907,True,False,False
26,68,Low,Yes,10,70,Medium,Yes,1,Low,Medium,Public,Positive,3,No,College,Near,Male,67,0.5813953488372092,True,False,False
20,77,Low,No,6,59,Low,Yes,1,High,Medium,Public,Negative,2,No,High School,Moderate,Female,62,0.4418604651162791,False,True,False
23,80,Medium,No,7,57,Low,Yes,2,Medium,High,Public,Negative,2,No,Postgraduate,Moderate,Female,68,0.5116279069767441,True,False,False
18,96,Medium,Yes,4,93,Medium,Yes,0,Medium,High,Public,Positive,4,No,College,Near,Female,72,0.3953488372093023,False,False,True
14,70,High,Yes,7,53,Low,Yes,0,Medium,Medium,Public,Negative,3,No,High School,Moderate,Male,61,0.3023255813953489,False,False,True
19,95,Low,Yes,5,86,Medium,Yes,0,High,Medium,Public,Negative,4,No,High School,Moderate,Male,67,0.4186046511627907,False,True,False
22,86,Medium,No,6,60,High,Yes,0,High,High,Public,Neutral,3,No,Postgraduate,Near,Male,70,0.48837209302325585,True,False,False
16,61,Medium,Yes,4,51,Low,Yes,1,Low,Medium,Public,Neutral,3,No,High School,Near,Male,59,0.3488372093023256,False,True,False
19,89,Medium,Yes,6,90,High,Yes,0,Low,High,Private,Negative,4,No,College,Moderate,Female,70,0.4186046511627907,True,False,False
14,61,Medium,No,7,85,High,Yes,1,Low,Medium,Public,Neutral,1,No,High School,Near,Female,60,0.3023255813953489,False,True,False
27,100,Medium,No,7,67,Medium,Yes,1,High,High,Public,Neutral,3,No,College,Moderate,Male,74,0.6046511627906976,True,False,False
18,95,High,Yes,6,54,High,Yes,0,Medium,High,Private,Negative,3,No,College,Moderate,Male,68,0.3953488372093023,False,True,False
29,72,Medium,No,7,68,Low,Yes,0,Low,Medium,Public,Positive,3,No,College,Near,Female,67,0.6511627906976744,False,False,True
29,70,Low,No,6,59,High,Yes,2,Medium,Medium,Private,Neutral,4,No,Postgraduate,Far,Male,67,0.6511627906976744,False,False,True
20,75,Medium,Yes,7,97,High,Yes,0,Medium,Medium,Public,Neutral,2,No,College,Near,Female,66,0.4418604651162791,False,True,False
14,74,Medium,No,7,76,High,Yes,1,Low,High,Public,Neutral,2,No,High School,Far,Female,63,0.3023255813953489,False,False,True
7,75,Medium,No,7,98,Low,No,1,Low,High,Public,Positive,3,No,College,Near,Male,62,0.13953488372093026,False,False,True
11,73,Low,Yes,7,68,High,Yes,3,Low,High,Private,Neutral,3,No,College,Moderate,Female,64,0.23255813953488375,True,False,False
12,85,Medium,Yes,6,78,High,Yes,3,Medium,Medium,Public,Neutral,4,No,College,Near,Male,68,0.2558139534883721,False,False,True
28,67,Medium,No,8,60,High,Yes,0,Medium,Medium,Public,Positive,3,No,High School,Moderate,Female,65,0.627906976744186,False,False,True
21,94,Low,Yes,8,90,Low,Yes,1,Medium,Medium,Public,Positive,4,No,Postgraduate,Near,Female,71,0.46511627906976744,False,False,True
22,92,Medium,Yes,7,52,Low,No,1,Medium,Medium,Private,Negative,3,No,Postgraduate,Near,Female,68,0.48837209302325585,False,False,True
7,79,High,Yes,9,85,Medium,Yes,0,Medium,Medium,Public,Negative,2,No,High School,Near,Male,62,0.13953488372093026,False,True,False
13,94,High,Yes,7,70,Medium,Yes,1,Medium,Medium,Private,Negative,3,No,High School,Moderate,Male,68,0.27906976744186046,True,False,False
25,70,Medium,Yes,7,79,Low,Yes,3,High,Medium,Public,Neutral,3,No,High School,Near,Male,68,0.5581395348837209,False,False,True
22,61,Medium,Yes,7,80,High,Yes,3,Medium,High,Public,Neutral,3,No,Postgraduate,Moderate,Male,67,0.48837209302325585,True,False,False
19,85,Medium,Yes,7,86,Medium,Yes,0,Low,Medium,Public,Positive,2,No,College,Moderate,Female,67,0.4186046511627907,False,False,True
23,78,High,Yes,6,60,Medium,Yes,2,High,High,Public,Positive,4,No,High School,Far,Male,70,0.5116279069767441,True,False,False
30,83,Medium,Yes,4,77,Medium,Yes,0,Low,Medium,Public,Neutral,4,No,High School,Near,Female,69,0.6744186046511628,False,True,False
19,96,Medium,No,7,71,Medium,Yes,2,Low,High,Private,Positive,3,No,Postgraduate,Moderate,Male,70,0.4186046511627907,False,True,False
20,99,Low,No,8,64,Low,Yes,1,High,Medium,Public,Positive,2,No,High School,Near,Male,69,0.4418604651162791,False,False,True
21,85,Medium,Yes,5,75,Low,Yes,1,High,High,Public,Positive,2,No,High School,Moderate,Female,70,0.46511627906976744,True,False,False
34,91,Low,No,9,98,Medium,Yes,0,Medium,Medium,Public,Neutral,4,No,High School,Moderate,Male,72,0.7674418604651162,False,False,True
7,63,Medium,No,5,97,Medium,Yes,1,Low,Medium,Public,Neutral,2,No,High School,Near,Female,59,0.13953488372093026,False,True,False
24,66,Medium,No,6,64,Medium,No,0,Medium,High,Public,Neutral,4,No,High School,Near,Male,64,0.5348837209302325,False,False,True
19,89,High,Yes,10,94,Medium,Yes,0,High,Medium,Private,Neutral,1,No,College,Near,Female,72,0.4186046511627907,True,False,False
23,77,High,Yes,8,94,Medium,Yes,0,High,Medium,Private,Positive,3,No,Postgraduate,Near,Male,70,0.5116279069767441,False,True,False
16,78,High,No,7,62,Medium,Yes,0,High,High,Public,Negative,1,No,High School,Far,Female,63,0.3488372093023256,False,True,False
20,72,Medium,Yes,7,80,Medium,Yes,1,Low,High,Private,Negative,3,No,College,Near,Male,66,0.4418604651162791,True,False,False
24,84,High,No,9,93,Medium,Yes,3,High,Medium,Public,Neutral,4,No,High School,Far,Male,72,0.5348837209302325,True,False,False
39,67,High,Yes,5,76,Medium,No,2,Medium,Medium,Private,Negative,4,No,High School,Near,Female,71,0.883720930232558,True,False,False
25,85,High,No,9,68,Medium,Yes,1,High,Medium,Public,Negative,3,No,Postgraduate,Far,Female,71,0.5581395348837209,True,False,False
15,67,Medium,Yes,6,83,Low,Yes,3,Medium,Low,Public,Positive,3,No,High School,Moderate,Male,62,0.32558139534883723,False,True,False
17,63,Medium,Yes,8,59,Medium,Yes,1,Low,High,Public,Positive,1,No,Postgraduate,Moderate,Male,62,0.37209302325581395,False,False,True
17,73,Low,No,6,58,Medium,Yes,4,Medium,Medium,Public,Positive,1,No,College,Near,Male,64,0.37209302325581395,False,False,True
9,69,High,Yes,10,92,Medium,Yes,2,Low,Medium,Private,Neutral,3,No,Postgraduate,Near,Male,65,0.18604651162790697,True,False,False
18,96,Low,Yes,7,52,Low,Yes,1,Low,Medium,Private,Neutral,4,No,College,Near,Female,68,0.3953488372093023,True,False,False
24,62,Medium,Yes,5,90,Low,Yes,0,High,Medium,Private,Positive,3,No,College,Near,Male,67,0.5348837209302325,True,False,False
12,67,Medium,Yes,8,65,Low,Yes,1,High,Medium,Public,Neutral,3,No,High School,Moderate,Male,61,0.2558139534883721,False,False,True
26,82,Low,Yes,9,74,High,Yes,2,Medium,Medium,Public,Negative,5,No,High School,Moderate,Female,68,0.5813953488372092,False,True,False
23,79,High,No,9,77,Medium,Yes,1,Low,High,Public,Neutral,3,No,High School,Near,Male,68,0.5116279069767441,False,False,True
16,62,Medium,No,7,88,Medium,Yes,1,Low,High,Public,Neutral,1,No,High School,Near,Female,62,0.3488372093023256,False,False,True
19,60,Low,No,8,94,High,Yes,1,Low,Low,Private,Neutral,3,No,High School,Near,Female,62,0.4186046511627907,False,False,True
30,100,High,Yes,6,90,Low,Yes,0,Medium,Low,Public,Positive,2,Yes,High School,Near,Male,74,0.6744186046511628,True,False,False
24,86,Medium,Yes,8,79,Medium,No,0,Low,Medium,Public,Neutral,4,No,High School,Near,Female,68,0.5348837209302325,False,False,True
20,75,High,No,8,67,Medium,Yes,1,High,Low,Public,Positive,4,No,College,Moderate,Male,66,0.4418604651162791,False,True,False
19,79,Medium,No,4,76,High,Yes,1,Medium,Medium,Private,Neutral,3,No,High School,Near,Male,67,0.4186046511627907,False,False,True
20,71,Medium,No,5,52,High,Yes,1,Medium,High,Public,Neutral,3,No,High School,Moderate,Male,65,0.4418604651162791,True,False,False
17,74,Medium,Yes,7,62,Medium,Yes,2,High,Medium,Public,Positive,4,No,High School,Near,Male,66,0.37209302325581395,False,False,True
7,86,Medium,No,7,68,Medium,Yes,5,Low,Medium,Public,Positive,4,No,Postgraduate,Moderate,Male,67,0.13953488372093026,True,False,False
32,95,Medium,Yes,7,66,High,Yes,5,High,Medium,Private,Negative,3,No,College,Near,Male,76,0.7209302325581395,False,False,True
21,67,High,Yes,7,55,High,Yes,2,High,High,Private,Positive,3,No,High School,Moderate,Female,66,0.46511627906976744,False,True,False
22,94,Low,No,9,53,High,Yes,1,Medium,High,Public,Neutral,3,No,College,Near,Female,68,0.48837209302325585,False,True,False
20,65,Medium,Yes,8,71,Low,Yes,2,Low,Medium,Private,Neutral,3,Yes,College,Near,Female,63,0.4418604651162791,True,False,False
16,69,High,Yes,4,54,Medium,Yes,4,Low,Low,Public,Positive,4,No,College,Near,Female,65,0.3488372093023256,False,False,True
19,61,Medium,No,10,64,Medium,Yes,3,Low,Medium,Public,Positive,3,No,High School,Moderate,Male,63,0.4186046511627907,True,False,False
10,66,Medium,No,4,74,Low,Yes,2,Low,Medium,Public,Negative,2,No,High School,Moderate,Male,59,0.20930232558139533,False,False,True
34,97,Medium,No,8,60,Medium,Yes,2,Medium,Medium,Private,Neutral,4,No,High School,Near,Male,74,0.7674418604651162,False,False,True
13,78,Low,Yes,5,54,Low,Yes,2,Low,High,Public,Positive,3,Yes,College,Near,Male,62,0.27906976744186046,False,False,True
14,63,Low,Yes,9,72,Medium,Yes,3,Low,Low,Public,Positive,4,Yes,High School,Near,Female,59,0.3023255813953489,False,True,False
17,98,High,Yes,7,72,High,Yes,0,Low,Medium,Public,Positive,3,No,High School,Near,Male,71,0.37209302325581395,False,False,True
28,95,Medium,No,8,96,Medium,Yes,1,Medium,Medium,Public,Neutral,3,No,Postgraduate,Moderate,Male,73,0.627906976744186,False,False,True
20,90,Medium,Yes,4,56,Medium,Yes,0,Low,High,Private,Positive,1,No,High School,Moderate,Male,68,0.4418604651162791,True,False,False
13,97,Medium,Yes,8,81,Medium,Yes,3,Low,Medium,Public,Neutral,1,No,High School,Far,Male,68,0.27906976744186046,False,False,True
28,69,Medium,Yes,8,66,Medium,Yes,0,Low,Medium,Public,Positive,6,No,College,Far,Male,66,0.627906976744186,False,False,True
24,93,High,Yes,8,56,Medium,Yes,1,Low,Medium,Public,Neutral,3,No,College,Moderate,Male,69,0.5348837209302325,False,True,False
23,88,Medium,No,8,70,Medium,Yes,2,Medium,High,Public,Neutral,4,No,High School,Near,Female,70,0.5116279069767441,False,False,True
24,95,High,Yes,7,71,High,Yes,1,Medium,High,Public,Positive,3,No,High School,Near,Male,74,0.5348837209302325,False,False,True
34,92,Medium,No,7,68,Low,Yes,0,Medium,High,Public,Positive,5,No,College,Near,Female,75,0.7674418604651162,True,False,False
33,74,Medium,Yes,6,88,Medium,Yes,2,Medium,Medium,Private,Neutral,3,No,College,Near,Male,71,0.7441860465116279,False,False,True
16,91,High,Yes,6,92,Low,Yes,2,Low,High,Private,Positive,3,No,High School,Moderate,Male,71,0.3488372093023256,True,False,False
30,70,Medium,No,9,57,Medium,Yes,1,Low,Medium,Public,Negative,4,No,College,Far,Female,65,0.6744186046511628,False,False,True
22,73,Medium,No,6,58,High,Yes,1,Medium,Medium,Private,Positive,3,No,Postgraduate,Moderate,Male,65,0.48837209302325585,False,True,False
23,64,High,No,4,71,Low,Yes,2,Medium,Medium,Public,Negative,1,No,Postgraduate,Near,Male,65,0.5116279069767441,False,False,True
10,97,Medium,No,6,66,Medium,Yes,2,Low,Medium,Public,Neutral,2,No,Postgraduate,Near,Female,67,0.20930232558139533,False,False,True
19,72,Medium,Yes,8,91,High,Yes,1,Low,Medium,Private,Positive,4,No,High School,Moderate,Male,67,0.4186046511627907,False,False,True
15,81,Medium,Yes,7,100,Medium,Yes,1,Low,Medium,Public,Neutral,3,No,Postgraduate,Moderate,Male,67,0.32558139534883723,False,False,True
25,76,High,Yes,8,59,Medium,Yes,4,Medium,Medium,Private,Neutral,4,No,College,Near,Female,71,0.5581395348837209,True,False,False
26,98,Low,No,4,88,Low,Yes,1,Medium,High,Public,Neutral,1,No,College,Moderate,Female,72,0.5813953488372092,True,False,False
8,73,High,Yes,4,80,Low,Yes,0,Low,High,Public,Neutral,4,No,College,Moderate,Male,62,0.16279069767441862,False,False,True
20,91,Low,Yes,7,82,Medium,Yes,0,Medium,Medium,Public,Neutral,4,No,College,Near,Male,70,0.4418604651162791,True,False,False
27,94,High,No,9,63,High,Yes,0,Low,Medium,Public,Neutral,4,No,College,Near,Female,72,0.6046511627906976,False,False,True
19,77,Medium,Yes,4,55,Medium,Yes,0,Medium,Low,Public,Positive,4,No,College,Moderate,Male,64,0.4186046511627907,False,True,False
24,75,Low,Yes,8,77,High,Yes,1,Low,Medium,Private,Negative,1,No,College,Moderate,Male,66,0.5348837209302325,True,False,False
22,90,Medium,Yes,9,81,Medium,Yes,0,Medium,Medium,Public,Neutral,4,No,High School,Near,Male,69,0.48837209302325585,False,True,False
22,97,Medium,No,7,98,High,Yes,0,Medium,Medium,Public,Negative,0,No,College,Moderate,Female,71,0.48837209302325585,True,False,False
18,90,Low,No,8,84,High,Yes,2,Low,High,Private,Positive,3,No,High School,Moderate,Male,68,0.3953488372093023,False,False,True
13,69,Medium,Yes,7,72,Low,Yes,2,High,Medium,Public,Positive,2,No,High School,Moderate,Female,63,0.27906976744186046,False,False,True
13,96,High,Yes,7,100,Medium,No,4,Medium,High,Public,Negative,3,No,High School,Near,Male,71,0.27906976744186046,False,False,True
24,76,Low,Yes,8,69,Low,Yes,3,Low,Medium,Private,Negative,1,No,High School,Near,Male,65,0.5348837209302325,True,False,False
20,83,High,Yes,10,58,Medium,Yes,0,Low,High,Public,Neutral,1,No,High School,Near,Female,66,0.4418604651162791,False,True,False
19,93,Low,Yes,6,81,Medium,Yes,2,High,Medium,Private,Positive,3,Yes,College,Moderate,Female,68,0.4186046511627907,False,True,False
17,68,Medium,Yes,7,63,Medium,No,0,Low,Medium,Public,Neutral,3,No,High School,Moderate,Male,61,0.37209302325581395,False,False,True
18,91,High,No,6,96,Medium,Yes,2,Low,Medium,Private,Positive,3,No,Postgraduate,Near,Male,71,0.3953488372093023,False,True,False
26,84,High,Yes,7,71,Medium,Yes,0,Medium,Medium,Public,Neutral,2,No,High School,Near,Female,70,0.5813953488372092,False,False,True
18,96,Low,No,7,57,Low,Yes,1,Low,Medium,Public,Negative,3,No,High School,Moderate,Female,66,0.3953488372093023,True,False,False
12,67,Medium,Yes,9,57,Low,Yes,0,Low,Medium,Private,Positive,2,No,College,Moderate,Male,61,0.2558139534883721,True,False,False
24,77,Low,Yes,9,82,Low,Yes,1,Medium,Medium,Private,Neutral,2,No,High School,Near,Male,67,0.5348837209302325,True,False,False
19,93,Medium,Yes,8,68,Medium,Yes,1,High,High,Public,Positive,3,No,Postgraduate,Near,Female,72,0.4186046511627907,True,False,False
20,61,High,No,9,68,Medium,Yes,1,High,Low,Private,Positive,3,No,High School,Near,Female,65,0.4418604651162791,True,False,False
30,64,Medium,No,6,81,Low,Yes,3,Medium,Medium,Public,Negative,2,No,College,Near,Female,68,0.6744186046511628,True,False,False
20,100,Medium,Yes,6,61,High,No,3,Medium,Medium,Public,Positive,4,No,College,Far,Male,70,0.4418604651162791,False,True,False
22,71,Low,Yes,8,57,Medium,Yes,1,Low,High,Public,Negative,4,No,High School,Moderate,Male,63,0.48837209302325585,False,False,True
13,99,Low,No,7,83,Medium,Yes,1,Medium,Medium,Public,Neutral,4,No,Postgraduate,Far,Female,69,0.27906976744186046,True,False,False
19,67,Low,No,10,50,Medium,Yes,0,High,Medium,Public,Positive,3,No,High School,Near,Male,62,0.4186046511627907,False,False,True
24,74,High,No,4,95,High,Yes,1,High,Medium,Public,Neutral,4,No,Postgraduate,Moderate,Female,71,0.5348837209302325,True,False,False
11,90,Low,Yes,8,59,Low,Yes,1,Low,High,Public,Positive,4,No,High School,Near,Male,64,0.23255813953488375,False,True,False
21,86,Medium,No,8,72,Medium,Yes,0,High,High,Public,Positive,3,No,High School,Moderate,Male,69,0.46511627906976744,True,False,False
21,83,High,Yes,6,61,High,Yes,2,Low,High,Public,Positive,3,No,Postgraduate,Near,Male,71,0.46511627906976744,False,False,True
20,81,Medium,Yes,6,61,Low,No,0,Low,Medium,Public,Positive,4,Yes,High School,Near,Female,63,0.4418604651162791,False,True,False
26,94,High,Yes,6,92,Low,Yes,1,Low,High,Public,Neutral,3,No,High School,Near,Female,72,0.5813953488372092,False,True,False
22,69,Medium,Yes,5,79,Medium,Yes,1,Low,Low,Public,Positive,3,No,College,Near,Male,66,0.48837209302325585,False,False,True
29,78,Medium,Yes,9,66,Medium,Yes,2,Low,Medium,Public,Neutral,4,No,High School,Moderate,Male,69,0.6511627906976744,True,False,False
14,66,Medium,Yes,10,63,Low,Yes,0,Low,Medium,Public,Positive,3,No,High School,Moderate,Male,60,0.3023255813953489,False,False,True
21,84,High,Yes,6,61,Low,Yes,1,Medium,High,Private,Negative,4,No,High School,Moderate,Female,68,0.46511627906976744,True,False,False
21,70,High,No,6,78,Medium,Yes,3,Medium,Low,Public,Neutral,2,No,College,Far,Male,65,0.46511627906976744,False,False,True
14,73,Medium,No,5,87,High,Yes,2,Medium,Medium,Public,Positive,4,No,College,Near,Female,67,0.3023255813953489,True,False,False
26,79,Low,Yes,5,63,Medium,Yes,0,Low,Medium,Public,Positive,2,No,High School,Near,Male,66,0.5813953488372092,False,False,True
34,61,Medium,Yes,6,67,High,Yes,1,High,Medium,Private,Neutral,2,No,Postgraduate,Moderate,Male,68,0.7674418604651162,False,False,True
20,64,Medium,Yes,9,86,Medium,Yes,0,Low,High,Private,Negative,4,No,High School,Near,Female,63,0.4418604651162791,False,True,False
23,87,High,Yes,10,87,Medium,Yes,1,Medium,Medium,Private,Positive,3,No,College,Near,Male,73,0.5116279069767441,True,False,False
21,77,Medium,Yes,6,60,Medium,Yes,1,Medium,Medium,Private,Neutral,3,No,College,Moderate,Male,66,0.46511627906976744,False,False,True
16,95,Medium,Yes,6,69,Low,Yes,2,Low,High,Public,Neutral,3,Yes,College,Near,Male,67,0.3488372093023256,False,True,False
9,88,Medium,Yes,5,93,Low,Yes,2,Medium,Medium,Public,Neutral,4,No,Postgraduate,Near,Male,66,0.18604651162790697,False,True,False
16,60,Low,No,8,87,Low,Yes,0,Low,Low,Public,Positive,5,No,High School,Near,Male,60,0.3488372093023256,False,False,True
12,85,High,No,8,58,Low,Yes,1,Low,High,Public,Positive,3,No,Postgraduate,Near,Male,67,0.2558139534883721,True,False,False
30,64,Medium,No,7,69,Medium,Yes,3,High,Low,Public,Negative,4,No,High School,Near,Female,67,0.6744186046511628,False,False,True
19,91,Medium,Yes,6,99,High,Yes,0,Medium,Medium,Public,Neutral,2,No,High School,Near,Female,70,0.4186046511627907,False,False,True
18,100,Low,No,9,76,Low,Yes,1,Low,Medium,Public,Positive,2,No,High School,Near,Female,69,0.3953488372093023,True,False,False
25,81,Low,Yes,8,86,Medium,Yes,1,Low,Medium,Public,Negative,3,No,Postgraduate,Near,Male,68,0.5581395348837209,False,False,True
13,87,Low,Yes,8,55,High,Yes,1,High,High,Private,Positive,3,No,High School,Near,Female,67,0.27906976744186046,True,False,False
15,69,High,No,8,92,Low,Yes,0,Low,Medium,Public,Neutral,1,No,College,Moderate,Male,63,0.32558139534883723,False,False,True
20,78,Medium,No,7,80,High,Yes,2,High,Medium,Public,Positive,3,No,College,Near,Male,70,0.4418604651162791,True,False,False
26,94,Medium,No,6,59,High,Yes,4,Low,Medium,Public,Neutral,3,No,High School,Near,Female,71,0.5813953488372092,False,True,False
23,67,High,Yes,8,69,Low,Yes,1,High,Medium,Public,Neutral,2,No,High School,Near,Female,67,0.5116279069767441,True,False,False
21,71,Medium,No,8,54,High,Yes,1,Medium,Medium,Private,Neutral,3,No,High School,Near,Male,64,0.46511627906976744,False,False,True
20,78,Medium,No,8,89,High,No,0,Medium,Medium,Private,Neutral,4,No,College,Near,Female,66,0.4418604651162791,False,True,False
22,88,Medium,Yes,5,87,Low,Yes,1,Low,High,Public,Neutral,3,No,Postgraduate,Near,Male,70,0.48837209302325585,False,False,True
21,75,Low,Yes,8,75,High,Yes,1,Medium,Medium,Private,Negative,2,No,High School,Moderate,Male,65,0.46511627906976744,False,False,True
14,97,Medium,Yes,7,73,Medium,Yes,2,Medium,Low,Public,Positive,3,No,College,Moderate,Male,68,0.3023255813953489,False,True,False
20,64,Low,Yes,6,73,High,Yes,3,Medium,High,Public,Negative,5,No,Postgraduate,Far,Female,65,0.4418604651162791,False,False,True
14,75,Medium,No,8,52,Medium,Yes,3,Medium,Medium,Public,Neutral,1,No,Postgraduate,Near,Male,65,0.3023255813953489,True,False,False
20,88,Medium,Yes,7,68,Medium,Yes,0,Low,High,Public,Positive,4,No,College,Near,Female,69,0.4418604651162791,False,False,True
17,69,Medium,No,10,56,Medium,Yes,1,Medium,Medium,Public,Neutral,4,No,High School,Near,Female,63,0.37209302325581395,False,False,True
35,86,Medium,No,8,59,Medium,Yes,2,Low,Low,Public,Positive,2,No,College,Moderate,Female,70,0.7906976744186046,False,True,False
20,67,Low,Yes,7,98,Medium,Yes,1,Medium,Medium,Public,Neutral,4,No,College,Near,Male,64,0.4418604651162791,False,True,False
12,62,High,Yes,7,63,High,Yes,1,High,Medium,Public,Neutral,4,No,High School,Near,Female,62,0.2558139534883721,False,False,True
19,65,High,Yes,5,74,Medium,Yes,1,Low,Medium,Private,Positive,3,No,High School,Near,Female,66,0.4186046511627907,True,False,False
23,97,Low,Yes,9,94,High,Yes,2,Low,Medium,Public,Positive,3,No,High School,Moderate,Male,73,0.5116279069767441,True,False,False
30,82,High,Yes,7,71,Medium,Yes,3,Low,High,Public,Neutral,3,No,Postgraduate,Far,Female,72,0.6744186046511628,False,False,True
16,92,Medium,Yes,7,76,High,No,0,High,Medium,Private,Neutral,2,No,Postgraduate,Far,Male,68,0.3488372093023256,False,False,True
11,73,High,No,5,58,Medium,No,0,Medium,Medium,Private,Positive,4,No,College,Near,Male,62,0.23255813953488375,False,False,True
25,84,Low,No,8,64,Medium,Yes,2,Low,Medium,Private,Neutral,4,No,High School,Near,Male,67,0.5581395348837209,False,False,True
12,80,Low,No,6,75,Medium,Yes,1,Low,High,Public,Negative,4,No,High School,Moderate,Male,62,0.2558139534883721,False,False,True
17,98,High,No,6,68,Medium,Yes,2,Medium,Medium,Public,Positive,3,No,High School,Near,Male,72,0.37209302325581395,True,False,False
18,90,High,No,7,52,High,Yes,2,Medium,High,Public,Negative,2,No,High School,Near,Male,67,0.3953488372093023,False,True,False
20,89,Medium,Yes,6,70,Low,Yes,1,Low,Medium,Private,Positive,3,No,High School,Moderate,Female,68,0.4418604651162791,True,False,False
24,62,High,Yes,6,91,Medium,Yes,2,Medium,Medium,Public,Neutral,3,No,High School,Moderate,Female,65,0.5348837209302325,False,True,False
16,82,Medium,No,7,56,Low,Yes,0,High,High,Private,Negative,1,Yes,High School,Far,Female,79,0.3488372093023256,False,False,True
18,79,Low,No,9,51,High,Yes,2,Medium,Medium,Private,Positive,3,No,High School,Near,Male,66,0.3953488372093023,True,False,False
20,97,Medium,Yes,8,56,Low,Yes,1,Low,Medium,Private,Neutral,2,No,High School,Near,Female,68,0.4418604651162791,False,False,True
21,70,Low,Yes,8,84,Medium,Yes,1,High,High,Public,Positive,3,Yes,Postgraduate,Near,Male,65,0.46511627906976744,False,True,False
21,71,High,Yes,8,90,Medium,Yes,3,Low,Medium,Public,Neutral,4,No,High School,Moderate,Female,67,0.46511627906976744,False,False,True
23,76,High,Yes,6,52,Low,Yes,3,Medium,Medium,Public,Neutral,4,No,College,Moderate,Male,67,0.5116279069767441,False,False,True
25,70,Medium,Yes,9,94,Medium,Yes,1,Medium,Medium,Public,Neutral,4,No,High School,Moderate,Male,67,0.5581395348837209,False,True,False
22,65,Medium,Yes,4,81,High,Yes,5,Medium,Medium,Public,Positive,4,No,College,Far,Female,68,0.48837209302325585,False,False,True
23,94,High,No,8,76,Low,Yes,3,Medium,Medium,Public,Positive,3,No,High School,Moderate,Male,72,0.5116279069767441,False,False,True
11,82,Medium,No,8,63,High,Yes,1,Medium,Medium,Public,Neutral,5,No,High School,Near,Male,65,0.23255813953488375,True,False,False
20,94,Medium,No,7,69,Low,Yes,0,Low,Medium,Public,Positive,3,Yes,High School,Moderate,Female,65,0.4418604651162791,False,True,False
23,93,Medium,Yes,6,97,Low,No,1,Medium,Medium,Public,Positive,2,No,College,Moderate,Male,70,0.5116279069767441,False,False,True
24,71,Medium,Yes,7,96,Medium,Yes,2,Low,Medium,Public,Negative,2,No,High School,Near,Male,67,0.5348837209302325,False,False,True
16,82,High,Yes,6,81,Medium,Yes,1,Medium,Medium,Private,Neutral,4,No,College,Near,Male,68,0.3488372093023256,False,False,True
16,63,Medium,No,8,79,Medium,Yes,2,Low,High,Public,Positive,3,No,College,Moderate,Male,63,0.3488372093023256,False,False,True
17,97,Medium,Yes,8,61,Low,Yes,2,Low,Medium,Public,Neutral,2,No,High School,Near,Male,68,0.37209302325581395,False,False,True
23,76,High,Yes,8,98,Medium,Yes,0,Medium,Low,Public,Neutral,2,No,Postgraduate,Moderate,Female,69,0.5116279069767441,False,False,True
26,76,Low,Yes,8,88,Low,Yes,2,Low,Low,Public,Positive,4,No,High School,Near,Male,66,0.5813953488372092,False,True,False
18,72,Medium,Yes,8,69,High,No,2,High,Medium,Public,Neutral,4,Yes,High School,Far,Female,64,0.3953488372093023,True,False,False
25,78,Low,Yes,8,91,Medium,Yes,3,Low,Medium,Public,Negative,4,No,High School,Near,Male,69,0.5581395348837209,True,False,False
21,70,Medium,No,6,61,Medium,Yes,1,Low,Medium,Public,Neutral,3,No,High School,Near,Male,62,0.46511627906976744,False,True,False
19,75,High,Yes,5,61,High,Yes,0,Medium,Medium,Public,Negative,3,No,High School,Near,Female,65,0.4186046511627907,False,False,True
19,92,Medium,Yes,7,90,Medium,Yes,1,Low,High,Public,Positive,2,No,High School,Near,Female,70,0.4186046511627907,False,False,True
24,93,High,Yes,8,78,Medium,Yes,1,High,Medium,Public,Neutral,4,No,High School,Near,Female,72,0.5348837209302325,False,True,False
22,72,Medium,No,5,78,High,Yes,1,Low,High,Public,Positive,3,No,High School,Near,Female,66,0.48837209302325585,False,False,True
34,79,Low,Yes,7,79,Low,Yes,3,Medium,High,Private,Negative,2,Yes,High School,Moderate,Male,70,0.7674418604651162,True,False,False
15,95,Medium,No,9,56,Medium,No,3,Low,High,Public,Positive,1,No,High School,Near,Male,67,0.32558139534883723,False,False,True
23,62,High,Yes,7,67,Low,Yes,1,Low,Medium,Public,Negative,4,No,Postgraduate,Moderate,Female,65,0.5116279069767441,True,False,False
17,96,Low,Yes,9,79,Low,No,3,Medium,Medium,Private,Neutral,2,No,Postgraduate,Moderate,Male,68,0.37209302325581395,False,False,True
15,69,Medium,Yes,9,62,Low,Yes,2,Medium,High,Public,Neutral,3,No,High School,Moderate,Male,62,0.32558139534883723,False,True,False
20,87,Medium,Yes,7,75,High,Yes,1,Low,Medium,Public,Negative,3,No,Postgraduate,Near,Male,68,0.4418604651162791,False,True,False
21,83,Medium,No,6,78,Medium,Yes,2,High,High,Public,Positive,3,Yes,High School,Near,Female,69,0.46511627906976744,True,False,False
38,82,Low,No,6,97,Low,Yes,2,Low,Medium,Private,Negative,3,No,College,Near,Male,72,0.8604651162790697,False,False,True
19,94,Medium,No,7,62,Medium,Yes,0,Medium,Medium,Public,Negative,3,Yes,High School,Moderate,Male,65,0.4186046511627907,False,True,False
13,64,High,Yes,5,72,Medium,Yes,2,Medium,Medium,Private,Neutral,2,No,Postgraduate,Moderate,Male,63,0.27906976744186046,False,False,True
22,74,High,Yes,5,99,Medium,Yes,0,Low,Medium,Public,Neutral,2,No,College,Near,Female,68,0.48837209302325585,True,False,False
8,82,Low,No,4,59,Medium,Yes,1,Medium,Medium,Public,Neutral,2,No,College,Near,Male,62,0.16279069767441862,True,False,False
19,92,Medium,Yes,7,89,Medium,No,0,Low,High,Private,Neutral,2,No,Postgraduate,Near,Male,69,0.4186046511627907,False,False,True
20,69,Low,No,10,59,Medium,Yes,2,High,High,Public,Positive,4,No,High School,Near,Female,65,0.4418604651162791,False,False,True
25,92,Medium,No,4,93,High,Yes,3,High,Medium,Public,Neutral,2,No,High School,Near,Female,74,0.5581395348837209,True,False,False
26,76,Low,Yes,7,74,Medium,Yes,4,Medium,High,Public,Positive,3,No,High School,Moderate,Female,70,0.5813953488372092,True,False,False
17,68,Low,Yes,7,99,High,Yes,2,Medium,Medium,Public,Positive,3,No,High School,Near,Female,65,0.37209302325581395,False,False,True
19,90,High,No,7,59,Low,Yes,3,High,Medium,Public,Neutral,3,No,College,Moderate,Male,70,0.4186046511627907,True,False,False
15,64,Low,Yes,9,84,Low,Yes,0,Medium,Medium,Public,Neutral,3,No,College,Far,Male,59,0.32558139534883723,False,True,False
13,81,Medium,Yes,6,85,Low,Yes,1,Low,Medium,Private,Neutral,3,No,High School,Moderate,Male,63,0.27906976744186046,False,True,False
22,63,High,Yes,4,86,Low,Yes,0,Low,High,Public,Neutral,4,No,College,Near,Female,64,0.48837209302325585,False,True,False
12,74,High,Yes,6,55,High,Yes,0,Medium,Low,Public,Positive,3,No,Postgraduate,Near,Male,63,0.2558139534883721,False,True,False
18,84,Low,No,6,64,Medium,Yes,2,Low,High,Public,Positive,2,No,High School,Near,Female,67,0.3953488372093023,True,False,False
14,82,Medium,Yes,4,67,Medium,Yes,1,High,Medium,Public,Neutral,4,No,High School,Moderate,Female,65,0.3023255813953489,False,False,True
23,76,Medium,No,7,66,Medium,Yes,2,Medium,Medium,Public,Neutral,3,No,College,Near,Male,67,0.5116279069767441,False,False,True
31,77,Medium,No,5,84,Medium,Yes,2,High,High,Public,Positive,5,No,High School,Near,Male,73,0.6976744186046511,True,False,False
12,69,High,Yes,7,53,Low,Yes,2,Low,High,Public,Neutral,3,No,College,Near,Male,64,0.2558139534883721,True,False,False
9,78,High,No,6,87,Medium,Yes,0,Medium,High,Private,Positive,3,No,Postgraduate,Near,Male,65,0.18604651162790697,False,True,False
19,98,High,Yes,5,76,Medium,Yes,2,Medium,Medium,Private,Positive,3,No,High School,Moderate,Male,72,0.4186046511627907,False,False,True
20,94,Medium,No,8,59,High,Yes,3,Medium,Medium,Public,Positive,4,No,High School,Near,Female,72,0.4418604651162791,True,False,False
21,66,Medium,No,7,61,Medium,Yes,2,High,High,Public,Neutral,2,No,College,Near,Male,66,0.46511627906976744,True,False,False
17,61,Medium,Yes,7,55,High,Yes,1,Medium,Medium,Private,Negative,2,Yes,College,Near,Male,62,0.37209302325581395,True,False,False
19,97,Medium,No,8,73,Medium,Yes,2,Medium,Medium,Private,Negative,1,No,College,Near,Male,68,0.4186046511627907,False,True,False
22,81,Low,Yes,7,80,Low,Yes,1,Medium,Medium,Public,Positive,3,No,College,Moderate,Female,67,0.48837209302325585,False,False,True
26,82,Low,No,7,79,Medium,Yes,1,Medium,Medium,Public,Positive,2,Yes,Postgraduate,Near,Female,69,0.5813953488372092,True,False,False
8,91,Low,No,6,98,Medium,Yes,1,Medium,Medium,Private,Positive,3,No,High School,Near,Female,67,0.16279069767441862,True,False,False
18,73,Medium,No,5,65,Medium,Yes,1,Low,High,Public,Negative,3,No,College,Moderate,Female,63,0.3953488372093023,False,False,True
21,79,Medium,Yes,7,88,Low,Yes,0,Low,Medium,Private,Negative,4,No,High School,Moderate,Male,65,0.46511627906976744,False,True,False
14,99,Medium,No,6,86,Low,Yes,2,High,High,Private,Negative,4,No,College,Near,Male,71,0.3023255813953489,True,False,False
30,87,Medium,No,8,53,Low,Yes,1,Low,High,Private,Neutral,1,No,Postgraduate,Near,Male,70,0.6744186046511628,False,False,True
16,66,Medium,Yes,7,97,Medium,Yes,5,Low,High,Public,Positive,3,No,Postgraduate,Near,Male,68,0.3488372093023256,False,False,True
20,65,Medium,Yes,8,97,High,Yes,0,Low,Medium,Public,Negative,3,No,College,Near,Female,65,0.4418604651162791,False,False,True
23,68,High,Yes,6,70,Medium,Yes,4,Medium,Medium,Public,Positive,2,No,High School,Near,Male,68,0.5116279069767441,False,False,True
16,91,Medium,Yes,5,71,Medium,Yes,2,High,Medium,Public,Negative,3,No,College,Near,Male,69,0.3488372093023256,False,False,True
9,72,High,Yes,10,91,Medium,No,1,High,Medium,Public,Neutral,2,No,High School,Far,Female,62,0.18604651162790697,False,False,True
17,61,High,Yes,7,75,Medium,No,2,Medium,High,Public,Negative,4,No,College,Near,Female,62,0.37209302325581395,False,True,False
26,98,Low,No,8,90,Low,Yes,1,High,Low,Public,Positive,2,Yes,Postgraduate,Moderate,Female,72,0.5813953488372092,True,False,False
18,67,Medium,No,5,52,High,Yes,0,Medium,Medium,Private,Neutral,4,No,Postgraduate,Moderate,Male,64,0.3953488372093023,True,False,False
15,60,Medium,No,7,63,Low,Yes,0,Low,High,Public,Positive,1,Yes,High School,Far,Female,58,0.32558139534883723,True,False,False
26,69,Medium,No,9,55,Low,Yes,1,Low,Medium,Public,Neutral,3,No,College,Near,Male,66,0.5813953488372092,True,False,False
18,69,Low,Yes,5,73,Low,Yes,1,Low,High,Public,Positive,4,No,Postgraduate,Moderate,Male,64,0.3953488372093023,False,False,True
17,77,High,Yes,10,93,Low,Yes,3,High,High,Private,Positive,1,No,College,Far,Female,68,0.37209302325581395,False,False,True
21,97,Low,No,7,78,Medium,Yes,0,High,Medium,Public,Neutral,3,No,Postgraduate,Near,Female,69,0.46511627906976744,False,True,False
25,95,High,No,6,76,Medium,Yes,1,Low,Medium,Public,Positive,5,No,High School,Near,Male,71,0.5581395348837209,False,True,False
34,78,High,Yes,8,68,Medium,Yes,1,Medium,Medium,Public,Negative,2,No,College,Near,Male,71,0.7674418604651162,False,False,True
25,76,Medium,Yes,9,53,Medium,Yes,0,High,High,Private,Positive,3,No,High School,Moderate,Male,67,0.5581395348837209,False,False,True
27,82,Low,Yes,6,88,Medium,Yes,2,High,High,Private,Neutral,3,No,High School,Near,Male,71,0.6046511627906976,True,False,False
17,70,Medium,Yes,6,79,Low,Yes,2,Medium,Medium,Public,Positive,3,No,High School,Near,Female,64,0.37209302325581395,False,False,True
14,62,Medium,Yes,7,97,High,Yes,0,Medium,Medium,Public,Positive,1,No,High School,Moderate,Male,62,0.3023255813953489,False,False,True
20,98,Medium,No,8,72,Medium,Yes,1,High,Medium,Public,Negative,4,No,High School,Near,Female,70,0.4418604651162791,False,False,True
21,67,High,No,7,70,Low,Yes,2,Low,Medium,Private,Negative,2,No,Postgraduate,Moderate,Female,63,0.46511627906976744,False,True,False
14,68,Medium,Yes,8,99,High,Yes,0,High,Medium,Public,Positive,3,No,High School,Near,Female,66,0.3023255813953489,True,False,False
19,79,Medium,Yes,8,57,Low,Yes,2,Low,Low,Public,Positive,3,No,High School,Moderate,Male,65,0.4186046511627907,False,False,True
22,80,High,No,7,63,Medium,Yes,1,High,Medium,Public,Positive,3,No,College,Near,Male,69,0.48837209302325585,False,False,True
22,61,Low,Yes,6,74,Medium,Yes,1,Low,Medium,Public,Negative,3,No,High School,Near,Male,63,0.48837209302325585,True,False,False
23,66,Medium,No,7,76,Low,Yes,1,High,Medium,Public,Neutral,2,No,College,Moderate,Male,64,0.5116279069767441,False,False,True
22,75,Medium,Yes,10,77,High,Yes,2,Low,Low,Public,Neutral,2,No,High School,Near,Male,66,0.48837209302325585,False,False,True
17,87,Medium,Yes,7,61,Medium,Yes,4,High,Medium,Public,Negative,3,Yes,High School,Near,Female,67,0.37209302325581395,False,False,True
17,69,High,Yes,9,96,Medium,Yes,2,Low,Medium,Public,Negative,3,No,College,Far,Male,66,0.37209302325581395,True,False,False
13,77,High,No,6,85,Low,Yes,2,Low,Medium,Public,Neutral,4,No,Postgraduate,Near,Female,65,0.27906976744186046,False,True,False
31,82,Medium,Yes,7,63,Medium,No,2,High,Medium,Private,Positive,2,No,Postgraduate,Moderate,Male,72,0.6976744186046511,True,False,False
20,96,Medium,Yes,8,65,High,Yes,0,Medium,Low,Public,Neutral,2,No,High School,Near,Female,70,0.4418604651162791,True,False,False
19,73,Medium,Yes,9,94,Medium,Yes,1,High,Low,Public,Positive,1,No,College,Near,Female,67,0.4186046511627907,False,False,True
14,65,High,No,9,69,Low,Yes,4,Medium,Medium,Public,Neutral,3,No,College,Near,Male,64,0.3023255813953489,False,False,True
38,80,Medium,No,5,78,Medium,Yes,1,Low,Medium,Public,Positive,4,No,College,Far,Female,72,0.8604651162790697,True,False,False
14,90,Medium,Yes,9,56,Medium,Yes,0,Low,Medium,Public,Neutral,4,No,High School,Near,Female,65,0.3023255813953489,False,False,True
17,64,Low,Yes,10,63,Medium,Yes,0,High,Medium,Public,Positive,3,No,High School,Moderate,Female,62,0.37209302325581395,True,False,False
22,77,High,No,6,71,High,Yes,3,Low,Medium,Public,Negative,4,No,High School,Far,Female,67,0.48837209302325585,False,False,True
24,61,Medium,No,6,83,High,Yes,0,Medium,Medium,Public,Positive,3,Yes,High School,Near,Male,64,0.5348837209302325,False,False,True
26,61,Medium,No,7,64,Low,Yes,0,Medium,Medium,Private,Negative,3,No,Postgraduate,Near,Male,63,0.5813953488372092,False,False,True
31,79,High,No,7,98,Medium,Yes,1,Medium,High,Public,Neutral,2,No,College,Moderate,Male,72,0.6976744186046511,False,False,True
23,72,Medium,No,6,61,High,Yes,1,High,Medium,Public,Positive,5,No,High School,Near,Male,66,0.5116279069767441,False,True,False
14,94,Medium,Yes,5,89,Medium,Yes,0,Medium,Medium,Public,Positive,1,No,Postgraduate,Near,Female,70,0.3023255813953489,True,False,False
18,84,Low,Yes,9,68,Low,Yes,0,Medium,High,Private,Negative,2,No,Postgraduate,Near,Female,66,0.3953488372093023,False,False,True
22,78,High,No,6,92,Low,Yes,1,High,High,Public,Positive,3,No,High School,Moderate,Male,70,0.48837209302325585,True,False,False
32,76,Low,Yes,6,96,Low,Yes,0,Low,High,Public,Neutral,2,No,High School,Moderate,Female,67,0.7209302325581395,False,True,False
12,80,Medium,Yes,7,59,High,Yes,1,Low,High,Public,Positive,2,No,High School,Near,Female,64,0.2558139534883721,False,False,True
27,62,Medium,No,5,75,Medium,Yes,2,Medium,High,Public,Positive,2,No,High School,Near,Male,67,0.6046511627906976,True,False,False
21,96,High,Yes,5,58,Medium,Yes,0,High,High,Public,Neutral,4,No,College,Far,Male,72,0.46511627906976744,True,False,False
25,100,Low,No,6,85,Low,Yes,1,Medium,Medium,Public,Positive,3,No,High School,Near,Male,72,0.5581395348837209,True,False,False
19,67,Medium,Yes,8,92,Low,Yes,2,High,Medium,Public,Neutral,5,No,Postgraduate,Moderate,Female,68,0.4186046511627907,True,False,False
15,65,Medium,Yes,7,69,Medium,Yes,1,High,Medium,Public,Neutral,3,No,Postgraduate,Near,Female,64,0.32558139534883723,False,False,True
25,66,Medium,Yes,4,70,Medium,No,1,High,Medium,Public,Positive,3,No,High School,Moderate,Male,66,0.5581395348837209,True,False,False
24,86,High,No,9,60,Medium,Yes,0,Low,High,Private,Positive,3,No,College,Far,Male,68,0.5348837209302325,False,True,False
26,86,Low,No,8,65,Low,Yes,0,Low,High,Public,Neutral,4,No,High School,Near,Female,66,0.5813953488372092,False,True,False
20,94,High,Yes,7,66,High,Yes,1,Low,High,Private,Positive,1,No,High School,Near,Female,70,0.4418604651162791,False,True,False
16,90,High,Yes,7,58,High,Yes,1,Low,Medium,Public,Neutral,4,No,Postgraduate,Near,Female,70,0.3488372093023256,True,False,False
11,78,High,Yes,8,65,Medium,Yes,0,Medium,Medium,Private,Neutral,2,No,High School,Near,Female,62,0.23255813953488375,False,True,False
25,85,Medium,Yes,10,95,Medium,Yes,0,Medium,Low,Public,Positive,1,No,College,Near,Male,69,0.5581395348837209,False,True,False
23,88,Medium,Yes,8,66,Low,Yes,2,Medium,High,Private,Positive,2,No,College,Moderate,Male,69,0.5116279069767441,False,False,True
14,81,Medium,Yes,7,64,Medium,Yes,2,Medium,Medium,Public,Positive,4,Yes,College,Near,Male,66,0.3023255813953489,False,False,True
17,79,High,No,5,69,Medium,Yes,4,Low,Medium,Public,Negative,3,No,Postgraduate,Near,Female,68,0.37209302325581395,True,False,False
17,86,High,No,7,98,Medium,Yes,2,Low,High,Public,Positive,5,No,Postgraduate,Moderate,Male,71,0.37209302325581395,False,False,True
11,82,Medium,Yes,8,88,Medium,No,1,Low,Medium,Private,Negative,2,No,Postgraduate,Moderate,Female,64,0.23255813953488375,False,False,True
15,86,High,No,7,60,Medium,Yes,2,Medium,Medium,Public,Positive,3,No,College,Near,Male,67,0.32558139534883723,False,True,False
13,85,High,Yes,6,88,Medium,Yes,2,Medium,High,Public,Positive,3,No,High School,Moderate,Female,68,0.27906976744186046,False,False,True
18,89,High,Yes,8,88,Low,Yes,0,High,Medium,Public,Negative,1,No,High School,Moderate,Male,67,0.3953488372093023,False,True,False
16,86,Medium,No,6,98,High,Yes,1,Low,Medium,Public,Neutral,3,No,Postgraduate,Near,Male,68,0.3488372093023256,False,False,True
10,81,High,Yes,8,95,Medium,Yes,5,Low,High,Public,Positive,3,No,High School,Near,Female,69,0.20930232558139533,False,False,True
32,87,High,Yes,6,55,Medium,Yes,0,Low,High,Public,Neutral,3,No,High School,Near,Male,71,0.7209302325581395,False,False,True
28,78,Low,Yes,4,73,Low,No,3,Low,Medium,Private,Positive,4,No,High School,Moderate,Female,68,0.627906976744186,True,False,False
15,70,High,No,6,85,High,Yes,0,Low,Medium,Private,Positive,2,No,College,Moderate,Male,65,0.32558139534883723,True,False,False
22,60,Medium,No,7,99,Medium,Yes,1,Low,High,Public,Neutral,3,No,College,Moderate,Male,63,0.48837209302325585,False,True,False
23,82,Medium,Yes,8,54,Medium,Yes,0,Medium,High,Public,Negative,1,No,High School,Near,Female,65,0.5116279069767441,False,True,False
27,84,High,No,8,68,Low,Yes,3,Low,High,Private,Positive,2,Yes,Postgraduate,Near,Female,72,0.6046511627906976,True,False,False
15,99,Medium,Yes,5,75,Low,Yes,2,Medium,Low,Public,Neutral,1,No,College,Moderate,Male,67,0.32558139534883723,False,True,False
27,74,High,No,7,71,Medium,Yes,1,Medium,Medium,Public,Positive,3,No,High School,Near,Female,69,0.6046511627906976,False,False,True
17,76,Medium,No,6,73,Medium,Yes,3,Low,High,Private,Neutral,3,No,Postgraduate,Near,Male,67,0.37209302325581395,False,False,True
12,68,Medium,Yes,6,68,Low,Yes,2,Medium,Medium,Public,Positive,4,No,College,Near,Male,64,0.2558139534883721,True,False,False
24,63,Low,No,6,99,Low,No,0,Low,Medium,Public,Positive,3,No,High School,Moderate,Female,62,0.5348837209302325,False,False,True
28,91,Medium,No,7,90,Medium,Yes,2,High,Low,Private,Neutral,3,No,High School,Near,Male,71,0.627906976744186,False,True,False
36,70,High,No,10,87,Medium,Yes,2,Low,Medium,Public,Positive,3,No,High School,Near,Male,70,0.8139534883720929,False,True,False
13,84,Medium,No,10,71,Low,Yes,1,Medium,High,Public,Neutral,3,No,College,Moderate,Male,64,0.27906976744186046,False,True,False
24,88,Medium,Yes,6,94,Medium,Yes,0,Low,Medium,Private,Negative,2,No,Postgraduate,Moderate,Male,69,0.5348837209302325,False,False,True
18,79,Medium,Yes,7,55,Medium,Yes,1,Low,High,Public,Positive,3,No,High School,Moderate,Female,65,0.3953488372093023,False,False,True
25,95,High,Yes,7,57,Medium,Yes,2,High,Medium,Private,Negative,2,No,College,Moderate,Female,73,0.5581395348837209,True,False,False
11,78,Low,Yes,7,98,Low,Yes,2,Medium,Medium,Public,Neutral,3,No,High School,Near,Female,64,0.23255813953488375,False,False,True
12,71,High,Yes,8,78,Low,Yes,2,Medium,Medium,Public,Negative,2,No,Postgraduate,Near,Female,64,0.2558139534883721,False,False,True
15,96,Medium,Yes,7,58,Medium,Yes,3,Medium,Medium,Public,Neutral,4,No,Postgraduate,Moderate,Male,70,0.32558139534883723,False,False,True
20,94,Low,Yes,6,97,Low,Yes,2,Medium,Medium,Public,Positive,5,No,College,Near,Male,70,0.4418604651162791,False,True,False
16,67,High,No,9,99,Medium,Yes,2,Medium,Medium,Public,Neutral,2,Yes,High School,Moderate,Male,64,0.3488372093023256,True,False,False
24,61,Medium,No,5,94,Medium,Yes,3,Medium,High,Private,Neutral,2,Yes,College,Moderate,Female,64,0.5348837209302325,False,True,False
26,64,Medium,Yes,7,62,High,Yes,3,Medium,High,Private,Negative,2,No,High School,Near,Male,66,0.5813953488372092,False,False,True
24,71,High,Yes,5,64,Medium,Yes,1,Medium,Medium,Public,Neutral,3,No,College,Near,Male,66,0.5348837209302325,False,True,False
30,99,Medium,Yes,5,70,Low,Yes,2,Medium,Medium,Public,Neutral,4,No,High School,Near,Female,74,0.6744186046511628,False,False,True
22,82,High,No,8,79,Medium,No,2,Medium,Medium,Public,Negative,1,No,College,Near,Female,69,0.48837209302325585,True,False,False
13,75,High,Yes,6,100,High,Yes,1,Medium,Medium,Public,Positive,3,No,Postgraduate,Near,Male,67,0.27906976744186046,False,True,False
28,96,Medium,No,4,98,High,Yes,5,Low,Medium,Public,Neutral,5,Yes,High School,Far,Male,73,0.627906976744186,False,False,True
16,78,Medium,No,6,96,High,Yes,0,Medium,Medium,Public,Positive,1,No,Postgraduate,Near,Female,66,0.3488372093023256,False,True,False
25,73,Medium,No,6,54,High,Yes,2,Medium,Medium,Public,Neutral,4,No,High School,Moderate,Female,67,0.5581395348837209,True,False,False
29,98,High,Yes,5,88,Low,Yes,3,Low,Medium,Public,Neutral,2,No,College,Near,Male,75,0.6511627906976744,False,False,True
23,94,High,Yes,8,94,Low,Yes,2,Medium,High,Public,Positive,2,No,High School,Near,Male,73,0.5116279069767441,False,False,True
11,94,Medium,No,5,67,Medium,Yes,2,High,Medium,Public,Neutral,5,No,High School,Near,Female,67,0.23255813953488375,False,False,True
14,80,Low,Yes,6,61,Medium,Yes,0,Medium,High,Public,Neutral,4,No,College,Moderate,Female,65,0.3023255813953489,True,False,False
28,92,Medium,Yes,7,87,Low,Yes,1,Low,Low,Public,Positive,1,No,High School,Near,Female,71,0.627906976744186,False,False,True
19,67,Medium,Yes,6,55,Low,Yes,1,Medium,Medium,Public,Neutral,4,No,High School,Near,Male,63,0.4186046511627907,False,False,True
20,83,Low,Yes,6,97,High,Yes,2,Low,High,Public,Neutral,4,No,High School,Moderate,Female,68,0.4418604651162791,False,False,True
25,99,High,No,6,58,High,Yes,0,Medium,Medium,Private,Positive,4,No,High School,Near,Male,72,0.5581395348837209,False,False,True
24,72,High,Yes,5,73,Low,Yes,2,Medium,High,Public,Positive,2,No,High School,Near,Male,67,0.5348837209302325,False,True,False
22,92,High,No,6,99,Low,Yes,1,Medium,Medium,Public,Negative,4,No,College,Near,Female,71,0.48837209302325585,False,False,True
19,80,Low,No,8,99,High,Yes,1,Low,Medium,Public,Positive,4,No,Postgraduate,Near,Male,67,0.4186046511627907,False,True,False
18,62,High,Yes,6,89,Medium,Yes,0,High,High,Private,Positive,3,No,Postgraduate,Near,Female,66,0.3953488372093023,False,False,True
25,91,High,No,7,92,Medium,Yes,3,Low,Medium,Public,Negative,5,No,High School,Near,Male,72,0.5581395348837209,False,False,True
23,67,Low,No,9,98,Medium,Yes,2,Low,High,Public,Negative,0,No,College,Near,Female,64,0.5116279069767441,False,True,False
18,85,Medium,No,8,96,Medium,Yes,0,High,High,Public,Negative,3,No,College,Moderate,Male,68,0.3953488372093023,False,False,True
26,63,High,No,5,81,Medium,Yes,0,Low,Medium,Public,Negative,2,No,High School,Moderate,Female,65,0.5813953488372092,True,False,False
19,98,High,Yes,8,87,High,Yes,1,Medium,Medium,Private,Positive,4,No,Postgraduate,Moderate,Male,74,0.4186046511627907,False,False,True
15,72,Low,Yes,9,80,Medium,Yes,4,Medium,High,Private,Neutral,4,No,College,Moderate,Female,65,0.32558139534883723,False,False,True
15,69,Low,Yes,6,75,Medium,No,2,Low,High,Public,Positive,2,No,High School,Near,Female,63,0.32558139534883723,True,False,False
14,65,Medium,Yes,5,94,Medium,Yes,5,Low,Medium,Private,Negative,3,No,Postgraduate,Moderate,Male,65,0.3023255813953489,False,False,True
18,98,High,Yes,6,87,Medium,Yes,0,Medium,Medium,Public,Neutral,1,No,High School,Near,Male,70,0.3953488372093023,False,True,False
27,88,High,Yes,7,93,Medium,Yes,0,Low,Medium,Public,Neutral,4,No,High School,Moderate,Male,71,0.6046511627906976,False,False,True
15,90,Medium,Yes,8,55,Medium,Yes,1,Low,Medium,Public,Neutral,1,No,College,Near,Female,66,0.32558139534883723,False,False,True
21,80,Medium,Yes,6,79,Low,Yes,2,Medium,High,Public,Positive,3,No,College,Near,Male,69,0.46511627906976744,False,False,True
16,79,High,Yes,4,66,High,Yes,2,Medium,Medium,Public,Neutral,2,No,College,Moderate,Male,67,0.3488372093023256,False,False,True
18,64,High,Yes,5,76,Low,Yes,1,Low,Medium,Public,Positive,4,No,High School,Moderate,Male,64,0.3953488372093023,False,False,True
11,82,High,No,8,81,High,Yes,2,Low,High,Public,Positive,2,No,High School,Moderate,Female,67,0.23255813953488375,True,False,False
19,70,High,Yes,10,92,Medium,Yes,1,Low,High,Public,Positive,4,No,High School,Near,Male,67,0.4186046511627907,False,False,True
19,99,Medium,No,7,52,Medium,Yes,1,Medium,Medium,Public,Neutral,4,No,High School,Near,Male,70,0.4186046511627907,True,False,False
23,92,High,No,9,58,Medium,Yes,2,Low,Medium,Private,Neutral,1,No,Postgraduate,Near,Female,71,0.5116279069767441,True,False,False
21,77,Low,Yes,5,96,High,Yes,2,Low,High,Private,Neutral,5,No,High School,Near,Female,68,0.46511627906976744,False,False,True
13,66,High,No,6,98,Low,Yes,1,High,High,Public,Positive,2,No,High School,Near,Male,65,0.27906976744186046,True,False,False
27,91,Medium,No,4,53,Medium,Yes,1,Low,Medium,Private,Positive,3,No,Postgraduate,Near,Female,70,0.6046511627906976,False,False,True
21,65,High,Yes,8,67,Low,No,1,Low,Medium,Public,Positive,4,No,High School,Near,Female,64,0.46511627906976744,False,False,True
21,68,High,Yes,6,50,High,Yes,3,Medium,Low,Private,Neutral,4,No,High School,Near,Male,67,0.46511627906976744,True,False,False
20,68,Low,No,8,88,Medium,Yes,5,Low,Low,Private,Neutral,3,No,High School,Moderate,Male,63,0.4418604651162791,False,True,False
17,82,Low,Yes,6,84,High,Yes,2,Low,Low,Public,Negative,3,No,High School,Moderate,Female,65,0.37209302325581395,False,False,True
21,91,Medium,Yes,10,78,High,Yes,2,Low,High,Public,Negative,2,No,High School,Near,Male,70,0.46511627906976744,False,False,True
23,73,High,No,10,85,Medium,Yes,1,Low,Medium,Public,Neutral,3,No,College,Near,Male,67,0.5116279069767441,False,False,True
10,63,High,No,4,77,Low,No,3,Low,Medium,Private,Neutral,3,No,High School,Near,Male,60,0.20930232558139533,False,False,True
17,79,High,No,8,62,Low,Yes,1,Low,Medium,Public,Neutral,3,No,High School,Near,Female,64,0.37209302325581395,False,True,False
18,90,Medium,No,6,88,Low,Yes,1,Medium,Medium,Private,Negative,1,No,High School,Moderate,Female,65,0.3953488372093023,False,True,False
22,69,Medium,No,8,89,Low,No,0,Low,High,Public,Positive,5,No,High School,Moderate,Female,64,0.48837209302325585,False,False,True
27,69,Low,Yes,5,93,Medium,Yes,1,Medium,Medium,Public,Positive,4,No,College,Moderate,Male,67,0.6046511627906976,False,False,True
15,98,Medium,Yes,9,98,High,Yes,0,Medium,Medium,Private,Positive,3,No,High School,Near,Female,71,0.32558139534883723,False,False,True
17,98,Medium,No,9,87,Low,Yes,0,High,Medium,Private,Positive,3,No,High School,Moderate,Female,69,0.37209302325581395,False,False,True
17,100,High,Yes,5,53,Low,Yes,1,Medium,High,Public,Positive,4,No,High School,Near,Male,70,0.37209302325581395,False,False,True
15,92,Medium,Yes,7,51,Medium,Yes,1,High,High,Public,Positive,3,No,College,Near,Female,69,0.32558139534883723,False,False,True
18,68,High,Yes,7,87,High,Yes,3,Medium,Medium,Public,Positive,4,No,High School,Near,Male,69,0.3953488372093023,True,False,False
25,68,Medium,Yes,8,53,Low,Yes,2,Medium,Medium,Public,Neutral,3,No,College,Moderate,Female,64,0.5581395348837209,False,True,False
14,74,Medium,Yes,7,66,Medium,Yes,0,Medium,High,Private,Negative,3,No,Postgraduate,Near,Male,63,0.3023255813953489,False,True,False
23,73,Medium,No,8,57,Medium,Yes,3,Medium,Medium,Public,Positive,2,No,College,Near,Male,67,0.5116279069767441,True,False,False
10,98,Medium,No,7,98,Low,No,0,Medium,Medium,Public,Neutral,3,No,College,Moderate,Female,66,0.20930232558139533,False,False,True
17,92,High,Yes,8,66,Medium,Yes,2,Low,Medium,Public,Positive,3,No,High School,Near,Female,69,0.37209302325581395,False,False,True
18,89,Medium,No,5,53,Medium,Yes,5,Low,High,Private,Neutral,4,No,College,Near,Male,69,0.3953488372093023,False,False,True
30,67,Medium,No,7,97,High,Yes,2,High,Medium,Public,Neutral,3,Yes,High School,Near,Male,69,0.6744186046511628,False,False,True
18,96,High,Yes,9,80,High,Yes,1,Low,Medium,Public,Positive,3,No,College,Near,Male,72,0.3953488372093023,False,False,True
7,93,High,Yes,9,52,High,Yes,1,Medium,Low,Private,Negative,3,No,High School,Moderate,Female,65,0.13953488372093026,True,False,False
8,67,Medium,Yes,7,92,Medium,Yes,0,High,High,Private,Positive,2,No,College,Near,Male,63,0.16279069767441862,False,False,True
20,95,Medium,No,7,58,Low,Yes,1,Low,High,Public,Neutral,4,No,College,Near,Male,69,0.4418604651162791,False,False,True
24,71,Medium,Yes,9,90,Low,Yes,3,Medium,High,Private,Neutral,3,No,College,Near,Male,69,0.5348837209302325,True,False,False
22,63,Low,Yes,7,80,Medium,Yes,2,High,High,Private,Negative,2,No,College,Moderate,Female,64,0.48837209302325585,False,False,True
21,86,Low,Yes,9,59,High,Yes,2,Medium,High,Private,Positive,3,No,College,Near,Male,69,0.46511627906976744,False,False,True
27,86,High,No,7,88,Medium,Yes,1,Medium,Medium,Private,Neutral,3,No,Postgraduate,Moderate,Male,72,0.6046511627906976,False,False,True
17,64,Low,No,7,73,High,Yes,1,Low,Medium,Public,Neutral,4,No,College,Near,Male,62,0.37209302325581395,False,False,True
25,73,Medium,Yes,5,82,Low,No,1,Medium,Medium,Private,Positive,3,Yes,High School,Near,Male,66,0.5581395348837209,True,False,False
10,100,Medium,No,5,93,Low,Yes,2,Medium,Low,Public,Neutral,1,No,High School,Far,Female,65,0.20930232558139533,False,True,False
15,87,High,Yes,8,63,Medium,Yes,0,High,Medium,Public,Neutral,3,No,College,Near,Female,69,0.32558139534883723,True,False,False
9,89,Low,No,10,68,High,Yes,1,High,High,Public,Negative,3,No,High School,Near,Female,65,0.18604651162790697,False,False,True
18,69,Medium,Yes,7,100,Medium,Yes,3,Medium,High,Public,Negative,2,No,High School,Near,Male,67,0.3953488372093023,True,False,False
20,63,Medium,Yes,7,75,Low,Yes,2,Medium,High,Public,Neutral,2,No,High School,Near,Female,63,0.4418604651162791,False,True,False
21,71,Medium,No,9,78,Low,Yes,2,Medium,Medium,Public,Neutral,4,No,High School,Near,Male,66,0.46511627906976744,True,False,False
20,70,Medium,No,8,64,Low,Yes,0,Low,Low,Private,Positive,3,No,High School,Far,Male,61,0.4418604651162791,False,True,False
14,69,Medium,Yes,4,71,Medium,Yes,1,Medium,Medium,Public,Positive,4,No,High School,Near,Female,64,0.3023255813953489,True,False,False
19,68,Low,Yes,8,75,Low,Yes,1,Medium,Medium,Private,Neutral,4,No,Postgraduate,Near,Male,64,0.4186046511627907,False,False,True
11,83,Medium,Yes,5,63,Medium,Yes,2,Low,Medium,Public,Neutral,3,No,College,Near,Male,65,0.23255813953488375,False,False,True
28,73,Low,No,7,62,Medium,Yes,3,High,Medium,Public,Neutral,3,No,Postgraduate,Moderate,Female,68,0.627906976744186,False,False,True
18,93,High,Yes,6,80,Medium,Yes,1,Medium,Medium,Private,Negative,3,No,High School,Near,Male,69,0.3953488372093023,False,True,False
17,67,Medium,No,6,59,Medium,Yes,0,Medium,Medium,Public,Negative,3,No,High School,Near,Female,61,0.37209302325581395,False,False,True
30,79,High,No,7,78,Medium,No,3,High,High,Private,Positive,2,No,Postgraduate,Moderate,Female,72,0.6744186046511628,False,False,True
13,61,Low,Yes,8,85,Medium,Yes,4,Low,Medium,Private,Neutral,3,No,College,Moderate,Male,61,0.27906976744186046,False,False,True
13,79,High,No,7,60,Medium,Yes,1,Low,High,Private,Neutral,4,No,College,Moderate,Male,66,0.27906976744186046,True,False,False
13,62,Medium,Yes,9,87,Medium,Yes,1,Low,Medium,Public,Negative,1,No,College,Moderate,Male,60,0.27906976744186046,False,True,False
20,99,Low,No,9,68,Low,Yes,1,Low,High,Public,Positive,3,No,Postgraduate,Far,Male,69,0.4418604651162791,False,False,True
23,92,High,No,9,100,Medium,Yes,1,High,High,Public,Neutral,2,Yes,College,Near,Male,72,0.5116279069767441,False,False,True
24,80,High,Yes,7,99,Low,Yes,2,Medium,Medium,Public,Negative,2,No,High School,Moderate,Female,69,0.5348837209302325,False,False,True
35,63,High,Yes,6,90,Low,Yes,0,Medium,Medium,Public,Positive,3,No,College,Near,Male,71,0.7906976744186046,True,False,False
7,84,High,No,7,67,Medium,Yes,1,Medium,Medium,Private,Neutral,3,No,College,Near,Male,64,0.13953488372093026,False,False,True
24,90,Low,Yes,9,97,High,Yes,3,Low,Medium,Public,Positive,4,No,High School,Near,Male,71,0.5348837209302325,False,True,False
17,68,Medium,Yes,9,100,High,Yes,1,Medium,High,Public,Negative,3,No,High School,Moderate,Male,64,0.37209302325581395,False,True,False
16,83,Medium,Yes,4,73,High,Yes,3,Low,Low,Public,Negative,3,No,College,Near,Female,67,0.3488372093023256,False,False,True
16,93,Low,Yes,7,81,Medium,Yes,2,Low,Medium,Private,Negative,3,Yes,Postgraduate,Moderate,Male,67,0.3488372093023256,False,False,True
15,91,High,Yes,4,50,High,Yes,1,Medium,Medium,Public,Neutral,3,No,High School,Moderate,Female,66,0.32558139534883723,False,True,False
30,92,Medium,Yes,7,52,Medium,Yes,3,High,Medium,Private,Positive,4,No,College,Near,Male,73,0.6744186046511628,False,True,False
25,95,High,Yes,6,75,Medium,Yes,1,Medium,Medium,Private,Positive,4,No,High School,Moderate,Male,73,0.5581395348837209,False,False,True
20,98,Medium,No,6,80,Medium,Yes,0,Medium,Medium,Public,Positive,2,No,College,Moderate,Male,70,0.4418604651162791,False,False,True
28,76,Medium,Yes,8,66,Medium,Yes,5,High,Low,Public,Positive,4,No,College,Moderate,Male,70,0.627906976744186,False,True,False
11,83,Low,Yes,6,55,Low,Yes,0,Low,Medium,Public,Positive,4,Yes,Postgraduate,Near,Female,62,0.23255813953488375,False,False,True
12,92,Low,Yes,7,89,Medium,Yes,1,Medium,High,Private,Neutral,2,No,Postgraduate,Moderate,Male,68,0.2558139534883721,True,False,False
7,88,High,Yes,6,71,Medium,Yes,0,Low,Medium,Public,Positive,3,No,High School,Moderate,Female,65,0.13953488372093026,True,False,False
16,100,High,Yes,7,82,Medium,Yes,2,High,Medium,Public,Positive,2,No,High School,Near,Male,73,0.3488372093023256,True,False,False
21,61,Medium,Yes,8,83,High,No,1,Low,Medium,Private,Neutral,3,No,College,Near,Female,65,0.46511627906976744,True,False,False
21,74,High,Yes,6,77,High,No,0,Medium,Medium,Public,Neutral,3,No,College,Near,Male,66,0.46511627906976744,False,False,True
21,71,Medium,Yes,8,59,Medium,Yes,3,Low,Medium,Public,Neutral,3,No,College,Moderate,Male,64,0.46511627906976744,False,True,False
12,70,High,No,7,81,High,Yes,0,Low,Medium,Public,Positive,3,No,High School,Near,Male,63,0.2558139534883721,False,False,True
25,69,Medium,No,7,66,Medium,No,0,Low,Low,Public,Neutral,3,Yes,College,Near,Male,62,0.5581395348837209,False,False,True
21,88,Medium,Yes,6,91,Low,Yes,0,Low,Medium,Private,Neutral,4,No,Postgraduate,Moderate,Female,70,0.46511627906976744,True,False,False
24,63,Medium,No,8,60,Medium,Yes,3,High,Medium,Public,Neutral,3,No,High School,Near,Male,65,0.5348837209302325,False,False,True
9,90,Medium,Yes,8,65,Medium,Yes,0,Medium,Medium,Private,Neutral,5,No,High School,Far,Male,64,0.18604651162790697,False,False,True
22,88,Medium,No,7,72,Low,Yes,4,High,Medium,Public,Negative,2,No,Postgraduate,Near,Male,70,0.48837209302325585,False,False,True
13,70,Medium,No,7,87,Medium,Yes,1,Low,Low,Public,Neutral,5,No,High School,Near,Male,62,0.27906976744186046,False,False,True
18,70,Medium,No,8,86,Medium,Yes,5,High,Medium,Public,Positive,2,No,High School,Near,Female,67,0.3953488372093023,False,False,True
23,85,Low,No,8,67,Low,Yes,1,Medium,Medium,Private,Neutral,3,No,Postgraduate,Far,Female,66,0.5116279069767441,False,False,True
21,90,High,Yes,7,76,High,Yes,2,High,High,Public,Positive,3,No,College,Moderate,Female,74,0.46511627906976744,True,False,False
15,95,High,Yes,9,62,Medium,Yes,2,Medium,Medium,Public,Positive,3,No,High School,Far,Male,69,0.32558139534883723,False,False,True
20,94,High,Yes,8,89,Low,Yes,0,Medium,Medium,Public,Positive,4,Yes,High School,Moderate,Female,70,0.4418604651162791,False,False,True
11,99,Medium,No,10,60,Medium,Yes,1,High,Medium,Public,Positive,1,No,College,Near,Female,68,0.23255813953488375,False,False,True
27,83,Low,No,5,91,Medium,Yes,3,Low,Medium,Public,Neutral,2,No,Postgraduate,Near,Male,70,0.6046511627906976,False,False,True
19,96,Medium,Yes,8,97,Medium,Yes,3,Medium,Medium,Public,Negative,2,No,High School,Near,Male,71,0.4186046511627907,False,False,True
27,92,Low,Yes,9,100,High,Yes,2,Medium,High,Public,Positive,0,No,Postgraduate,Moderate,Female,73,0.6046511627906976,False,False,True
17,96,Medium,No,9,93,Low,Yes,3,Medium,Medium,Private,Neutral,2,No,High School,Far,Male,69,0.37209302325581395,False,False,True
17,60,Low,Yes,7,61,Medium,Yes,1,Low,Medium,Public,Positive,4,No,Postgraduate,Near,Female,61,0.37209302325581395,False,True,False
15,99,Medium,Yes,5,71,Medium,Yes,0,Medium,Medium,Public,Neutral,2,No,College,Moderate,Male,68,0.32558139534883723,False,False,True
25,79,Low,Yes,9,54,Medium,Yes,1,Low,Medium,Private,Positive,2,No,Postgraduate,Far,Male,66,0.5581395348837209,False,False,True
16,92,Low,Yes,6,58,Low,Yes,0,High,Medium,Private,Positive,4,No,High School,Near,Female,67,0.3488372093023256,True,False,False
24,65,High,Yes,7,52,Medium,Yes,1,High,Medium,Public,Neutral,1,No,Postgraduate,Moderate,Female,64,0.5348837209302325,False,True,False
18,76,High,Yes,10,82,High,Yes,1,Medium,Medium,Private,Negative,4,No,College,Near,Male,67,0.3953488372093023,False,True,False
8,71,Medium,Yes,5,77,Medium,No,0,High,Medium,Public,Neutral,4,No,High School,Moderate,Female,61,0.16279069767441862,True,False,False
17,72,Medium,No,8,96,High,Yes,2,Low,High,Public,Neutral,3,No,High School,Near,Male,65,0.37209302325581395,False,True,False
13,65,High,Yes,6,73,Medium,Yes,0,Low,Medium,Private,Positive,3,No,Postgraduate,Near,Female,62,0.27906976744186046,False,True,False
20,92,High,No,6,82,Medium,Yes,0,Medium,Medium,Public,Neutral,5,No,High School,Near,Female,69,0.4418604651162791,False,True,False
13,60,High,No,7,70,Medium,Yes,1,Medium,Medium,Public,Negative,3,No,College,Far,Female,61,0.27906976744186046,True,False,False
26,73,Medium,No,8,91,Medium,Yes,4,Low,Low,Public,Neutral,5,No,High School,Moderate,Male,69,0.5813953488372092,True,False,False
19,67,Low,No,8,96,High,No,1,High,Low,Public,Positive,3,No,College,Near,Male,64,0.4186046511627907,False,False,True
19,84,Low,No,9,72,High,Yes,1,Low,Medium,Public,Positive,3,No,High School,Far,Female,65,0.4186046511627907,False,False,True
24,70,High,No,6,54,Low,Yes,1,High,Medium,Public,Neutral,1,No,High School,Moderate,Female,64,0.5348837209302325,False,False,True
26,70,High,Yes,5,58,Medium,Yes,1,Low,Low,Private,Positive,3,No,Postgraduate,Moderate,Male,68,0.5813953488372092,True,False,False
20,80,Medium,Yes,6,86,High,Yes,1,Low,Medium,Private,Positive,3,No,High School,Near,Female,67,0.4418604651162791,False,True,False
15,86,Medium,Yes,8,66,Low,Yes,0,Medium,High,Private,Positive,5,No,College,Near,Male,68,0.32558139534883723,True,False,False
9,65,Medium,Yes,7,89,Medium,Yes,2,Low,Medium,Public,Positive,4,No,High School,Moderate,Male,61,0.18604651162790697,False,True,False
16,67,High,Yes,4,87,High,Yes,5,High,High,Public,Positive,4,No,College,Near,Male,69,0.3488372093023256,False,False,True
16,70,High,Yes,4,85,High,Yes,0,Medium,Medium,Private,Neutral,3,No,High School,Near,Male,64,0.3488372093023256,False,True,False
21,99,Medium,Yes,7,91,Medium,No,3,Medium,Medium,Public,Positive,4,No,College,Near,Male,74,0.46511627906976744,True,False,False
18,76,Medium,No,8,88,Low,Yes,1,Medium,Medium,Public,Neutral,4,No,College,Near,Female,66,0.3953488372093023,False,False,True
24,84,Medium,No,6,82,Medium,Yes,1,Medium,Medium,Public,Negative,2,No,High School,Near,Male,68,0.5348837209302325,False,False,True
16,70,High,Yes,8,50,High,Yes,3,High,Medium,Private,Neutral,3,No,Postgraduate,Far,Male,65,0.3488372093023256,False,False,True
20,80,High,Yes,5,76,Medium,No,0,Low,Medium,Private,Negative,3,No,College,Near,Female,66,0.4418604651162791,False,False,True
27,63,Low,No,7,80,Medium,No,2,Medium,High,Public,Positive,2,No,High School,Near,Female,66,0.6046511627906976,True,False,False
22,61,Low,No,7,98,High,Yes,3,High,Low,Private,Neutral,2,No,College,Near,Female,65,0.48837209302325585,False,False,True
20,79,Medium,No,8,83,Medium,Yes,3,Low,Medium,Private,Neutral,4,No,College,Moderate,Male,67,0.4418604651162791,False,False,True
16,76,Medium,Yes,5,79,Medium,Yes,0,Low,High,Public,Positive,4,No,Postgraduate,Moderate,Female,65,0.3488372093023256,False,True,False
16,65,Medium,No,5,77,Medium,Yes,1,High,High,Public,Positive,3,No,High School,Moderate,Male,63,0.3488372093023256,False,False,True
15,88,Medium,No,8,55,Medium,Yes,1,High,High,Private,Neutral,2,No,High School,Near,Male,67,0.32558139534883723,True,False,False
17,100,High,Yes,5,71,Low,Yes,2,Low,Medium,Public,Neutral,4,No,High School,Near,Male,70,0.37209302325581395,False,False,True
25,76,High,Yes,6,57,Low,No,0,Medium,Medium,Public,Positive,3,No,Postgraduate,Moderate,Male,68,0.5581395348837209,True,False,False
19,85,Medium,Yes,9,53,High,Yes,1,Medium,Medium,Public,Neutral,3,No,College,Far,Male,66,0.4186046511627907,False,False,True
12,99,Medium,Yes,7,66,Low,Yes,3,Medium,Low,Private,Negative,1,No,Postgraduate,Moderate,Female,67,0.2558139534883721,False,False,True
31,93,Low,No,8,82,Low,Yes,2,High,High,Private,Neutral,1,No,High School,Near,Male,72,0.6976744186046511,False,False,True
22,79,High,Yes,8,93,Medium,Yes,0,Medium,Medium,Private,Negative,2,Yes,High School,Near,Female,68,0.48837209302325585,True,False,False
12,89,High,No,8,91,Medium,No,1,Low,High,Public,Neutral,2,No,High School,Near,Male,66,0.2558139534883721,False,False,True
17,65,Medium,No,7,65,Medium,Yes,0,High,Medium,Private,Neutral,4,No,High School,Moderate,Male,62,0.37209302325581395,False,False,True
21,80,Low,Yes,6,52,Medium,Yes,1,Low,Medium,Public,Negative,4,No,High School,Near,Male,65,0.46511627906976744,True,False,False
30,71,Low,No,10,70,Low,Yes,3,Medium,Medium,Public,Neutral,4,Yes,High School,Near,Female,67,0.6744186046511628,True,False,False
13,66,Medium,Yes,7,66,Low,Yes,3,Medium,Medium,Public,Negative,2,No,College,Near,Female,62,0.27906976744186046,False,False,True
26,77,Low,Yes,7,69,Low,Yes,1,High,Medium,Public,Neutral,3,Yes,High School,Near,Female,66,0.5813953488372092,False,False,True
28,65,Medium,No,8,78,High,No,1,High,Medium,Private,Positive,3,No,College,Near,Female,67,0.627906976744186,False,False,True
16,88,Medium,Yes,6,52,Medium,Yes,2,High,High,Public,Positive,3,No,High School,Near,Female,68,0.3488372093023256,False,False,True
18,78,Medium,Yes,6,69,Medium,Yes,1,Medium,Medium,Public,Negative,4,No,Postgraduate,Moderate,Female,66,0.3953488372093023,False,False,True
14,81,High,No,9,78,Medium,Yes,0,Medium,Medium,Private,Positive,4,No,College,Near,Female,68,0.3023255813953489,True,False,False
19,66,Medium,No,6,72,Medium,Yes,2,Low,Medium,Public,Negative,5,No,High School,Near,Male,62,0.4186046511627907,False,True,False
20,66,High,No,8,83,Medium,Yes,1,Low,Medium,Public,Neutral,2,Yes,College,Near,Male,64,0.4418604651162791,False,False,True
24,83,Low,No,8,59,Medium,Yes,1,Low,Medium,Public,Positive,3,No,High School,Near,Male,68,0.5348837209302325,True,False,False
27,99,Low,Yes,7,58,Low,Yes,2,Medium,Medium,Private,Positive,2,No,Postgraduate,Moderate,Male,71,0.6046511627906976,False,True,False
16,64,Medium,No,7,65,Medium,Yes,2,Medium,High,Public,Neutral,4,No,High School,Near,Male,63,0.3488372093023256,False,False,True
8,71,Medium,No,8,55,High,Yes,1,Low,High,Public,Positive,2,No,College,Moderate,Male,62,0.16279069767441862,True,False,False
20,95,Low,Yes,7,62,Low,Yes,1,Low,Low,Private,Positive,3,No,College,Near,Male,69,0.4418604651162791,True,False,False
22,63,Medium,Yes,4,54,Medium,Yes,0,Medium,Medium,Private,Positive,3,No,High School,Moderate,Male,62,0.48837209302325585,False,False,True
21,95,Medium,Yes,9,70,Medium,Yes,3,High,Medium,Public,Positive,3,No,High School,Near,Female,71,0.46511627906976744,False,True,False
18,81,High,Yes,6,86,Medium,Yes,3,Low,Medium,Public,Positive,4,No,College,Near,Male,69,0.3953488372093023,False,True,False
21,76,Medium,Yes,7,64,Low,Yes,1,Medium,High,Private,Positive,2,No,High School,Moderate,Male,66,0.46511627906976744,False,False,True
29,72,Medium,No,5,50,Low,Yes,0,Low,Medium,Public,Neutral,4,No,High School,Near,Female,64,0.6511627906976744,False,True,False
22,72,High,No,6,78,Low,No,1,Low,High,Public,Neutral,3,No,Postgraduate,Near,Male,65,0.48837209302325585,False,True,False
18,72,High,No,6,85,High,Yes,1,High,High,Private,Positive,1,No,High School,Moderate,Male,68,0.3953488372093023,True,False,False
17,95,Medium,No,7,70,High,Yes,1,Low,Medium,Public,Neutral,3,No,High School,Near,Male,69,0.37209302325581395,True,False,False
19,89,Medium,Yes,6,65,Low,Yes,2,Low,Medium,Public,Neutral,3,Yes,Postgraduate,Near,Male,68,0.4186046511627907,True,False,False
30,87,Medium,Yes,10,75,Low,Yes,3,Low,Low,Public,Neutral,4,No,College,Near,Male,71,0.6744186046511628,False,True,False
19,92,Medium,No,7,55,Medium,Yes,1,Medium,Medium,Public,Neutral,5,No,High School,Far,Male,66,0.4186046511627907,False,True,False
20,70,Low,No,8,82,Medium,Yes,2,Low,High,Private,Positive,3,No,High School,Moderate,Male,65,0.4418604651162791,True,False,False
17,85,Medium,Yes,7,87,Medium,Yes,1,Low,Medium,Private,Neutral,1,No,High School,Near,Female,68,0.37209302325581395,True,False,False
27,78,High,No,8,85,Medium,Yes,0,High,Medium,Public,Positive,3,No,College,Near,Male,72,0.6046511627906976,True,False,False
32,91,Medium,Yes,4,66,Medium,Yes,3,Low,High,Public,Neutral,2,No,Postgraduate,Near,Female,75,0.7209302325581395,True,False,False
23,72,Low,Yes,6,92,Low,Yes,2,High,Medium,Public,Negative,3,No,College,Near,Male,67,0.5116279069767441,True,False,False
20,86,Medium,No,6,97,Low,Yes,1,Low,Medium,Private,Neutral,2,No,High School,Moderate,Male,67,0.4418604651162791,False,False,True
20,95,Medium,No,6,65,High,Yes,2,Low,Medium,Public,Neutral,3,No,College,Near,Female,70,0.4418604651162791,False,False,True
6,76,Medium,Yes,8,63,Medium,Yes,5,Medium,Medium,Public,Neutral,3,No,College,Near,Male,64,0.11627906976744186,False,False,True
24,63,Medium,Yes,8,85,High,Yes,1,Low,Medium,Private,Positive,3,No,High School,Far,Female,65,0.5348837209302325,False,False,True
21,81,Medium,Yes,7,85,Medium,Yes,1,Low,High,Public,Negative,3,No,Postgraduate,Moderate,Male,68,0.46511627906976744,False,False,True
23,74,High,No,7,76,Medium,Yes,1,Medium,Low,Public,Neutral,2,No,College,Moderate,Female,67,0.5116279069767441,True,False,False
16,87,Medium,Yes,10,96,Medium,No,1,Low,High,Public,Positive,1,No,College,Moderate,Male,66,0.3488372093023256,False,True,False
18,98,Medium,No,7,57,Low,Yes,0,High,Medium,Private,Neutral,1,No,Postgraduate,Moderate,Male,69,0.3953488372093023,True,False,False
18,79,High,No,4,74,Low,Yes,2,Low,Medium,Public,Negative,1,No,High School,Near,Female,64,0.3953488372093023,False,True,False
26,79,High,Yes,8,52,High,Yes,1,Medium,Medium,Public,Negative,3,Yes,Postgraduate,Near,Female,68,0.5813953488372092,False,False,True
18,86,Medium,No,8,53,Low,Yes,5,Low,High,Private,Negative,3,No,High School,Near,Male,68,0.3953488372093023,True,False,False
32,64,High,Yes,9,53,Low,No,1,Low,Medium,Private,Positive,3,No,College,Near,Female,65,0.7209302325581395,False,True,False
23,70,Medium,Yes,8,75,Medium,Yes,0,High,Medium,Public,Positive,2,No,High School,Moderate,Male,65,0.5116279069767441,False,False,True
12,97,Medium,Yes,6,79,Medium,No,1,Medium,Medium,Public,Negative,2,No,High School,Near,Male,65,0.2558139534883721,False,True,False
19,87,Medium,No,8,50,Low,Yes,0,High,High,Public,Neutral,2,No,High School,Near,Female,67,0.4186046511627907,True,False,False
16,61,Medium,Yes,7,82,Medium,Yes,2,Low,Medium,Public,Negative,3,No,High School,Near,Female,63,0.3488372093023256,True,False,False
7,68,Medium,No,9,74,Medium,Yes,1,Low,High,Public,Positive,3,No,High School,Near,Female,62,0.13953488372093026,True,False,False
30,87,Medium,Yes,9,61,High,Yes,2,Medium,High,Private,Neutral,4,No,High School,Moderate,Male,73,0.6744186046511628,True,False,False
24,91,High,Yes,7,51,High,Yes,2,Medium,Medium,Public,Neutral,3,No,High School,Moderate,Male,72,0.5348837209302325,True,False,False
23,94,Medium,No,8,58,High,Yes,5,Low,Low,Public,Neutral,6,No,High School,Near,Female,71,0.5116279069767441,False,True,False
21,72,Medium,No,9,80,High,Yes,3,Low,Medium,Public,Neutral,4,No,High School,Near,Male,67,0.46511627906976744,False,False,True
12,97,Low,Yes,7,83,Medium,Yes,0,Low,Medium,Public,Neutral,2,No,College,Moderate,Male,66,0.2558139534883721,False,False,True
17,82,High,Yes,10,82,High,Yes,1,Medium,Medium,Private,Positive,2,No,High School,Moderate,Male,68,0.37209302325581395,False,False,True
25,88,High,Yes,9,58,Low,Yes,0,Low,Medium,Public,Negative,4,No,Postgraduate,Near,Male,70,0.5581395348837209,True,False,False
14,84,Medium,Yes,6,96,Medium,No,2,Low,Medium,Private,Neutral,2,No,Postgraduate,Far,Male,66,0.3023255813953489,False,False,True
5,65,High,No,7,71,Medium,Yes,0,Low,Medium,Private,Negative,2,No,College,Far,Male,56,0.09302325581395349,False,True,False
19,99,High,Yes,8,88,High,No,1,Low,High,Public,Positive,3,No,High School,Far,Female,71,0.4186046511627907,False,False,True
19,65,High,No,10,58,Medium,Yes,2,Medium,High,Private,Positive,3,No,Postgraduate,Moderate,Female,64,0.4186046511627907,False,True,False
21,70,Medium,No,8,74,Low,Yes,2,Medium,Medium,Public,Positive,3,No,Postgraduate,Far,Male,65,0.46511627906976744,False,False,True
24,93,Medium,Yes,7,76,High,Yes,2,Low,Medium,Public,Neutral,1,Yes,High School,Near,Male,70,0.5348837209302325,False,False,True
24,85,Low,Yes,9,89,Medium,Yes,1,Low,Medium,Public,Positive,2,No,Postgraduate,Moderate,Male,70,0.5348837209302325,True,False,False
22,94,High,Yes,7,81,Medium,Yes,2,Medium,High,Public,Neutral,4,No,High School,Far,Male,71,0.48837209302325585,False,True,False
27,81,High,Yes,6,70,Medium,Yes,0,Low,Medium,Public,Positive,5,No,High School,Far,Female,70,0.6046511627906976,True,False,False
11,75,High,No,8,64,Medium,Yes,3,Low,Medium,Public,Neutral,3,Yes,College,Moderate,Female,62,0.23255813953488375,False,True,False
23,97,Medium,Yes,6,99,Low,Yes,1,Low,Medium,Private,Positive,3,No,High School,Near,Female,72,0.5116279069767441,False,False,True
24,61,Medium,No,10,64,Low,Yes,0,Low,Medium,Private,Positive,3,No,High School,Near,Female,62,0.5348837209302325,False,False,True
13,94,Medium,Yes,7,56,High,Yes,2,Low,High,Public,Neutral,4,No,College,Near,Male,67,0.27906976744186046,False,True,False
11,69,Medium,Yes,8,65,Low,Yes,0,Low,Medium,Public,Negative,2,No,College,Moderate,Male,58,0.23255813953488375,False,True,False
16,94,Medium,Yes,6,66,Medium,Yes,3,Medium,High,Public,Negative,4,No,College,Near,Female,69,0.3488372093023256,False,True,False
16,66,Low,No,9,56,Medium,Yes,0,Low,High,Private,Positive,4,Yes,College,Near,Female,60,0.3488372093023256,False,False,True
25,83,High,Yes,7,85,High,Yes,2,Low,Medium,Public,Negative,4,No,College,Near,Male,72,0.5581395348837209,True,False,False
16,96,Medium,No,7,81,Medium,Yes,0,Low,Low,Public,Negative,3,No,High School,Moderate,Male,66,0.3488372093023256,False,False,True
15,79,High,Yes,7,66,Medium,Yes,2,Low,Medium,Public,Positive,3,No,College,Far,Female,66,0.32558139534883723,False,False,True
16,90,High,Yes,5,100,Low,Yes,1,High,Medium,Private,Negative,4,No,High School,Moderate,Male,69,0.3488372093023256,False,False,True
27,92,Medium,Yes,7,83,Low,Yes,2,Low,Medium,Public,Positive,4,Yes,College,Moderate,Female,70,0.6046511627906976,False,True,False
20,89,Medium,Yes,8,85,Medium,Yes,2,Medium,High,Public,Positive,1,No,Postgraduate,Near,Female,70,0.4418604651162791,False,True,False
19,97,High,No,5,78,Low,Yes,0,Medium,Low,Private,Negative,3,No,College,Moderate,Male,70,0.4186046511627907,True,False,False
19,78,High,Yes,9,78,Medium,Yes,2,Low,High,Public,Negative,2,No,College,Near,Female,67,0.4186046511627907,False,True,False
28,67,Medium,Yes,7,51,Medium,Yes,2,Medium,Medium,Public,Neutral,3,No,High School,Near,Female,67,0.627906976744186,True,False,False
16,62,Low,No,7,89,High,Yes,0,Medium,Medium,Public,Neutral,3,No,High School,Far,Female,59,0.3488372093023256,False,True,False
28,70,Medium,Yes,4,96,Low,Yes,1,Medium,Medium,Private,Positive,2,No,High School,Moderate,Male,67,0.627906976744186,False,False,True
21,66,Medium,Yes,7,56,Medium,Yes,1,Low,Medium,Private,Neutral,4,No,Postgraduate,Moderate,Male,65,0.46511627906976744,True,False,False
19,82,Medium,No,5,90,Medium,Yes,1,High,Medium,Public,Negative,3,No,College,Near,Male,68,0.4186046511627907,False,False,True
35,67,High,Yes,6,77,Low,Yes,1,Low,Medium,Public,Positive,3,No,College,Near,Male,71,0.7906976744186046,True,False,False
14,62,Medium,No,5,64,Medium,Yes,2,Low,Medium,Public,Neutral,3,No,College,Near,Male,61,0.3023255813953489,False,False,True
18,61,Medium,Yes,6,96,Medium,Yes,0,Medium,Medium,Public,Negative,3,No,High School,Near,Male,63,0.3953488372093023,False,False,True
13,93,High,Yes,7,51,Low,Yes,1,Low,High,Private,Neutral,3,No,High School,Near,Female,67,0.27906976744186046,False,False,True
26,84,Medium,No,7,64,Medium,No,1,Medium,High,Public,Neutral,4,No,College,Near,Male,69,0.5813953488372092,True,False,False
30,74,High,No,8,94,Low,Yes,0,Medium,Medium,Public,Positive,3,No,High School,Near,Male,70,0.6744186046511628,False,False,True
30,96,Low,Yes,4,74,High,No,0,Low,Low,Public,Negative,3,No,High School,Moderate,Male,69,0.6744186046511628,False,False,True
27,63,Medium,Yes,7,80,Medium,Yes,1,Low,High,Public,Neutral,4,No,High School,Far,Female,66,0.6046511627906976,True,False,False
19,99,Low,Yes,7,87,Low,Yes,1,Medium,Medium,Public,Positive,4,No,High School,Moderate,Female,70,0.4186046511627907,False,False,True
18,85,Medium,Yes,6,57,Low,Yes,2,Medium,High,Public,Neutral,2,No,Postgraduate,Moderate,Male,67,0.3953488372093023,False,False,True
10,67,High,No,6,61,Medium,Yes,0,Low,High,Private,Neutral,2,No,High School,Near,Female,61,0.20930232558139533,True,False,False
32,87,High,Yes,9,100,Medium,Yes,2,Medium,Low,Private,Neutral,2,No,Postgraduate,Moderate,Male,74,0.7209302325581395,False,False,True
23,91,High,Yes,10,62,Low,Yes,1,Medium,High,Private,Negative,3,No,College,Near,Male,70,0.5116279069767441,False,False,True
17,77,Medium,Yes,4,77,Low,Yes,0,Medium,Medium,Private,Positive,4,No,High School,Near,Female,66,0.37209302325581395,True,False,False
28,94,High,Yes,6,65,High,Yes,1,Low,High,Public,Positive,1,No,High School,Near,Female,73,0.627906976744186,False,False,True
14,66,Medium,Yes,5,93,Medium,Yes,1,Medium,Medium,Private,Negative,2,No,High School,Near,Male,62,0.3023255813953489,False,False,True
22,71,Low,Yes,7,98,Low,Yes,2,Low,High,Public,Neutral,2,No,High School,Moderate,Female,65,0.48837209302325585,False,False,True
19,64,Medium,No,9,57,Low,Yes,0,Medium,High,Private,Neutral,3,No,High School,Near,Female,62,0.4186046511627907,True,False,False
24,68,Medium,Yes,8,80,Medium,No,1,Low,Low,Public,Positive,4,No,Postgraduate,Moderate,Male,64,0.5348837209302325,False,True,False
20,70,Medium,Yes,7,91,Medium,Yes,1,Low,Medium,Public,Negative,2,No,High School,Far,Male,63,0.4418604651162791,False,False,True
11,97,Medium,No,7,91,Medium,Yes,1,Medium,Medium,Public,Positive,4,No,High School,Near,Male,69,0.23255813953488375,False,False,True
20,63,Medium,No,7,72,Low,Yes,3,Low,High,Public,Negative,5,Yes,Postgraduate,Near,Male,63,0.4418604651162791,False,False,True
26,77,Medium,Yes,8,61,Medium,Yes,1,Low,Medium,Public,Neutral,4,No,College,Moderate,Male,67,0.5813953488372092,False,False,True
20,81,Low,No,8,69,Medium,Yes,1,Medium,Medium,Private,Neutral,2,No,High School,Near,Female,65,0.4418604651162791,False,False,True
25,96,High,No,8,88,Medium,Yes,0,Low,Medium,Private,Neutral,1,No,High School,Near,Male,71,0.5581395348837209,False,False,True
14,100,Medium,Yes,4,100,Medium,Yes,3,Low,Medium,Public,Neutral,3,No,Postgraduate,Moderate,Female,71,0.3023255813953489,False,False,True
20,90,Medium,No,7,78,High,Yes,0,Medium,High,Public,Positive,4,Yes,Postgraduate,Far,Male,69,0.4418604651162791,False,False,True
16,99,High,Yes,7,60,Medium,Yes,2,Low,High,Private,Neutral,3,No,Postgraduate,Moderate,Male,71,0.3488372093023256,False,False,True
24,91,Medium,Yes,8,52,Medium,Yes,1,Low,Medium,Public,Neutral,5,No,High School,Near,Male,68,0.5348837209302325,False,True,False
20,99,Medium,Yes,7,97,Medium,Yes,2,Low,Medium,Public,Neutral,0,No,High School,Near,Male,70,0.4418604651162791,False,True,False
24,88,High,Yes,8,74,Medium,Yes,0,Low,High,Private,Neutral,3,No,Postgraduate,Near,Male,71,0.5348837209302325,False,False,True
27,63,Medium,Yes,6,86,Medium,Yes,1,Medium,Medium,Public,Positive,4,No,Postgraduate,Near,Female,68,0.6046511627906976,False,False,True
24,76,High,No,8,83,Medium,Yes,1,High,Medium,Private,Positive,4,No,High School,Near,Female,69,0.5348837209302325,False,True,False
22,86,Medium,Yes,9,95,Medium,Yes,4,Medium,Low,Private,Positive,2,No,College,Near,Male,71,0.48837209302325585,False,False,True
14,74,Medium,No,5,63,Low,No,2,Low,High,Private,Positive,3,No,College,Far,Female,63,0.3023255813953489,True,False,False
20,71,Medium,No,5,72,Medium,Yes,4,Medium,Medium,Public,Positive,4,No,Postgraduate,Moderate,Male,66,0.4418604651162791,False,True,False
17,83,Medium,No,8,96,Medium,Yes,1,Low,Medium,Public,Positive,3,No,College,Moderate,Male,67,0.37209302325581395,False,False,True
18,97,Low,Yes,7,79,Medium,Yes,3,High,Medium,Private,Positive,3,No,High School,Far,Male,71,0.3953488372093023,True,False,False
18,61,Low,No,9,54,Medium,Yes,0,Medium,Medium,Public,Neutral,2,No,College,Near,Female,59,0.3953488372093023,False,True,False
14,91,Medium,Yes,7,60,Medium,Yes,0,High,Medium,Public,Neutral,2,No,High School,Near,Male,67,0.3023255813953489,True,False,False
8,89,High,No,8,62,Medium,Yes,2,Medium,Medium,Public,Positive,4,Yes,High School,Moderate,Male,66,0.16279069767441862,True,False,False
16,99,High,Yes,6,100,High,Yes,1,High,High,Public,Positive,3,No,High School,Far,Female,72,0.3488372093023256,False,True,False
21,97,High,No,8,61,Low,Yes,0,Low,High,Public,Neutral,3,Yes,Postgraduate,Near,Female,70,0.46511627906976744,True,False,False
12,90,Medium,Yes,8,93,Low,Yes,3,High,Medium,Public,Neutral,3,No,High School,Near,Female,68,0.2558139534883721,False,False,True
20,81,Medium,No,6,54,Low,Yes,0,Low,Low,Public,Positive,2,No,College,Moderate,Female,63,0.4418604651162791,False,True,False
31,68,Medium,No,9,59,Medium,Yes,3,High,High,Public,Neutral,2,No,Postgraduate,Near,Female,69,0.6976744186046511,False,False,True
26,82,Medium,No,4,94,Low,Yes,0,Low,Low,Private,Positive,3,No,High School,Near,Male,67,0.5813953488372092,False,True,False
30,91,High,Yes,7,95,Low,Yes,1,Medium,High,Public,Positive,3,No,College,Near,Female,75,0.6744186046511628,False,False,True
22,96,Low,Yes,5,59,Medium,Yes,0,Medium,High,Private,Positive,2,No,High School,Far,Female,67,0.48837209302325585,False,True,False
27,92,High,Yes,5,61,Medium,Yes,0,Medium,High,Private,Positive,3,No,Postgraduate,Near,Male,74,0.6046511627906976,True,False,False
16,68,High,Yes,8,77,Medium,Yes,1,Medium,High,Public,Positive,4,No,Postgraduate,Moderate,Male,66,0.3488372093023256,False,False,True
16,84,High,Yes,5,53,Medium,No,2,Low,Medium,Public,Neutral,1,No,High School,Near,Male,65,0.3488372093023256,False,False,True
4,73,Medium,Yes,5,97,High,Yes,1,Low,High,Public,Negative,1,No,High School,Near,Male,60,0.06976744186046512,False,True,False
27,60,High,No,8,68,High,Yes,1,Medium,Medium,Private,Negative,4,Yes,High School,Far,Female,63,0.6046511627906976,False,False,True
29,68,High,Yes,5,74,Low,Yes,3,High,High,Public,Neutral,2,Yes,Postgraduate,Near,Male,69,0.6511627906976744,False,True,False
17,65,High,No,9,55,Medium,Yes,1,Medium,Medium,Public,Positive,2,No,High School,Near,Male,64,0.37209302325581395,True,False,False
18,94,Medium,Yes,8,52,Medium,Yes,1,Medium,Medium,Private,Positive,4,No,College,Near,Female,68,0.3953488372093023,False,True,False
15,70,Medium,No,6,73,Low,Yes,2,Medium,Low,Public,Positive,4,No,High School,Moderate,Male,63,0.32558139534883723,False,False,True
22,71,Medium,Yes,8,56,Low,Yes,0,Medium,High,Public,Neutral,2,No,Postgraduate,Near,Male,65,0.48837209302325585,False,False,True
27,98,High,No,4,82,Medium,Yes,0,High,Medium,Public,Positive,3,No,High School,Near,Female,74,0.6046511627906976,False,False,True
10,75,High,Yes,8,90,Medium,Yes,2,Low,Medium,Public,Positive,2,No,Postgraduate,Moderate,Male,65,0.20930232558139533,False,False,True
22,60,Medium,Yes,5,52,Medium,Yes,0,Low,Medium,Public,Negative,2,No,High School,Near,Female,61,0.48837209302325585,False,False,True
18,71,High,Yes,6,81,Medium,Yes,1,Low,High,Public,Positive,3,No,High School,Near,Male,66,0.3953488372093023,False,False,True
21,65,High,Yes,6,91,High,Yes,1,Medium,High,Public,Positive,3,No,High School,Moderate,Male,67,0.46511627906976744,False,False,True
23,64,Medium,Yes,9,72,Medium,Yes,0,Low,High,Public,Positive,3,No,College,Near,Male,66,0.5116279069767441,True,False,False
19,63,Medium,No,6,98,High,Yes,4,High,Medium,Private,Positive,2,No,Postgraduate,Near,Male,69,0.4186046511627907,True,False,False
19,84,Medium,Yes,7,56,Low,Yes,2,Low,Medium,Public,Neutral,3,No,High School,Moderate,Female,65,0.4186046511627907,False,False,True
19,68,High,No,6,66,Medium,Yes,2,Medium,Medium,Public,Neutral,3,No,High School,Far,Female,65,0.4186046511627907,True,False,False
26,74,Medium,No,6,62,Medium,Yes,0,Low,Medium,Private,Neutral,3,No,High School,Near,Female,66,0.5813953488372092,True,False,False
23,94,High,No,5,100,Low,Yes,2,Medium,High,Public,Neutral,2,No,Postgraduate,Near,Male,73,0.5116279069767441,False,False,True
21,77,Medium,Yes,7,65,Medium,Yes,2,Low,High,Public,Negative,2,No,High School,Moderate,Female,64,0.46511627906976744,False,True,False
12,97,Low,Yes,7,69,Low,Yes,0,Low,High,Public,Positive,5,No,High School,Near,Female,67,0.2558139534883721,False,False,True
18,80,Low,Yes,8,92,High,Yes,0,Medium,High,Private,Positive,1,No,College,Near,Male,67,0.3953488372093023,False,False,True
25,76,Low,Yes,7,96,Medium,Yes,3,Medium,Medium,Public,Positive,4,Yes,High School,Near,Female,68,0.5581395348837209,False,False,True
20,90,Low,Yes,7,97,Medium,Yes,2,High,High,Public,Positive,3,No,College,Moderate,Male,71,0.4418604651162791,False,False,True
24,63,Medium,Yes,8,78,Medium,Yes,0,Low,High,Private,Negative,3,No,High School,Near,Male,64,0.5348837209302325,False,False,True
31,64,Medium,Yes,6,83,Medium,Yes,1,Medium,Medium,Public,Positive,2,No,High School,Moderate,Female,67,0.6976744186046511,False,False,True
26,86,Low,No,5,67,Medium,Yes,2,Low,High,Private,Positive,1,No,High School,Moderate,Female,68,0.5813953488372092,False,False,True
21,79,Medium,Yes,8,80,High,Yes,1,Low,High,Private,Negative,3,No,College,Near,Male,67,0.46511627906976744,False,True,False
17,92,Medium,Yes,6,65,High,Yes,3,Medium,High,Public,Positive,2,No,College,Near,Male,70,0.37209302325581395,False,True,False
5,97,Low,Yes,7,87,Medium,Yes,2,Medium,Medium,Private,Neutral,3,Yes,High School,Far,Female,64,0.09302325581395349,False,False,True
19,76,Medium,Yes,6,65,Medium,Yes,0,Low,Medium,Public,Neutral,4,Yes,High School,Near,Female,63,0.4186046511627907,False,False,True
18,84,High,No,6,94,Medium,Yes,3,High,Medium,Public,Neutral,4,No,High School,Near,Male,71,0.3953488372093023,True,False,False
22,80,Low,No,4,57,Low,Yes,1,Low,Medium,Public,Neutral,3,No,Postgraduate,Moderate,Male,64,0.48837209302325585,False,True,False
19,99,Low,No,8,79,High,Yes,3,Medium,Medium,Private,Positive,4,No,High School,Near,Male,70,0.4186046511627907,False,True,False
18,93,High,No,4,76,High,Yes,3,Low,Medium,Public,Negative,3,No,College,Near,Female,70,0.3953488372093023,False,False,True
9,96,High,Yes,9,63,Medium,Yes,1,High,Medium,Private,Neutral,1,No,High School,Near,Male,67,0.18604651162790697,False,False,True
14,70,Medium,Yes,9,51,Low,Yes,1,Low,High,Public,Negative,4,No,College,Near,Male,62,0.3023255813953489,False,False,True
23,91,Medium,No,6,57,Low,Yes,2,Low,High,Private,Positive,2,No,High School,Near,Male,69,0.5116279069767441,False,False,True
30,71,High,No,9,98,Low,Yes,2,High,Medium,Public,Positive,1,No,High School,Moderate,Female,69,0.6744186046511628,False,True,False
19,68,High,No,10,97,Low,No,0,Low,Medium,Public,Positive,3,No,College,Far,Female,62,0.4186046511627907,False,True,False
22,98,Medium,No,7,56,High,Yes,1,High,Medium,Private,Neutral,1,No,College,Near,Female,70,0.48837209302325585,False,True,False
26,61,Medium,Yes,8,69,High,Yes,2,Medium,High,Public,Positive,3,No,High School,Near,Male,66,0.5813953488372092,False,False,True
15,99,Medium,No,7,73,Low,Yes,1,Low,Medium,Public,Positive,3,No,High School,Near,Male,69,0.32558139534883723,True,False,False
22,66,Low,Yes,9,74,Medium,Yes,3,Low,High,Public,Negative,3,No,Postgraduate,Near,Female,65,0.48837209302325585,False,False,True
16,93,High,Yes,5,65,Low,Yes,0,Medium,Medium,Public,Negative,3,No,High School,Near,Female,66,0.3488372093023256,False,True,False
25,71,Medium,Yes,7,96,Low,Yes,2,Low,Medium,Public,Positive,3,No,High School,Near,Female,69,0.5581395348837209,True,False,False
21,74,Medium,Yes,8,95,Low,Yes,1,Medium,Medium,Private,Positive,5,Yes,High School,Far,Female,66,0.46511627906976744,True,False,False
22,69,High,Yes,8,51,Medium,Yes,1,Low,High,Public,Positive,3,No,High School,Near,Female,65,0.48837209302325585,False,True,False
15,83,Low,Yes,7,83,Low,Yes,1,High,Medium,Public,Neutral,2,No,Postgraduate,Near,Female,66,0.32558139534883723,False,False,True
24,74,Low,Yes,9,54,Medium,Yes,1,Low,Medium,Public,Neutral,3,No,High School,Near,Female,63,0.5348837209302325,False,True,False
33,86,Medium,Yes,7,80,Medium,Yes,0,Low,High,Public,Neutral,3,No,Postgraduate,Near,Female,72,0.7441860465116279,False,True,False
14,61,Medium,Yes,7,93,Low,Yes,3,Medium,High,Public,Negative,2,No,High School,Moderate,Male,62,0.3023255813953489,False,False,True
18,63,High,No,8,82,Medium,Yes,1,High,Medium,Private,Negative,1,No,High School,Near,Male,64,0.3953488372093023,True,False,False
21,64,Low,No,7,73,High,Yes,2,Low,Medium,Public,Negative,2,Yes,College,Far,Female,61,0.46511627906976744,False,False,True
25,77,Medium,Yes,7,98,Low,Yes,0,High,Medium,Public,Positive,2,No,High School,Near,Male,70,0.5581395348837209,True,False,False
17,93,Medium,No,6,87,Medium,Yes,1,Low,High,Private,Negative,2,No,High School,Moderate,Female,67,0.37209302325581395,False,False,True
3,96,High,Yes,10,62,Medium,Yes,3,Low,Medium,Private,Neutral,4,No,High School,Far,Male,66,0.046511627906976744,True,False,False
28,70,Medium,Yes,6,69,Medium,Yes,2,Low,Low,Public,Positive,4,Yes,High School,Near,Male,66,0.627906976744186,False,False,True
25,83,Medium,Yes,8,88,Low,Yes,1,Medium,High,Public,Neutral,3,Yes,College,Near,Male,68,0.5581395348837209,False,True,False
10,91,High,Yes,10,51,Medium,Yes,0,Low,Medium,Public,Positive,3,No,Postgraduate,Moderate,Male,67,0.20930232558139533,True,False,False
16,72,High,No,5,53,Medium,Yes,1,High,High,Public,Positive,3,No,College,Near,Male,65,0.3488372093023256,False,False,True
29,76,High,Yes,8,93,Low,No,0,Medium,High,Public,Positive,4,No,College,Moderate,Male,70,0.6511627906976744,False,False,True
29,81,Medium,Yes,7,52,Medium,No,1,High,Medium,Public,Neutral,4,No,College,Near,Female,69,0.6511627906976744,False,False,True
26,65,Medium,Yes,10,84,Medium,Yes,1,Low,High,Public,Positive,4,No,Postgraduate,Near,Male,68,0.5813953488372092,False,False,True
19,61,Medium,No,6,66,Medium,Yes,0,High,Medium,Public,Neutral,1,No,High School,Near,Male,61,0.4186046511627907,False,False,True
20,66,High,Yes,6,91,Low,Yes,0,Medium,High,Public,Negative,5,No,High School,Far,Male,65,0.4418604651162791,False,False,True
19,85,High,No,7,92,Medium,Yes,3,Medium,Medium,Public,Neutral,2,No,College,Near,Female,71,0.4186046511627907,True,False,False
27,63,High,No,6,98,Low,Yes,0,Medium,Medium,Private,Negative,3,No,High School,Near,Female,66,0.6046511627906976,False,False,True
15,68,High,No,6,55,Medium,No,0,High,Medium,Private,Positive,3,No,High School,Near,Female,62,0.32558139534883723,False,False,True
15,74,Low,No,10,71,Medium,Yes,0,Low,High,Public,Negative,2,No,Postgraduate,Near,Male,61,0.32558139534883723,False,True,False
26,63,High,Yes,7,79,Medium,Yes,1,Low,High,Public,Negative,2,No,High School,Near,Male,67,0.5813953488372092,True,False,False
20,68,High,Yes,6,96,Medium,Yes,0,Low,High,Public,Neutral,3,No,High School,Near,Female,66,0.4418604651162791,False,False,True
28,96,High,No,6,63,High,No,1,High,Medium,Public,Positive,2,No,High School,Moderate,Female,71,0.627906976744186,False,True,False
16,61,High,Yes,8,54,High,Yes,0,Low,High,Private,Positive,3,No,College,Moderate,Male,62,0.3488372093023256,False,False,True
20,86,Medium,Yes,8,60,Low,Yes,1,High,Medium,Public,Neutral,3,Yes,Postgraduate,Near,Male,67,0.4418604651162791,False,False,True
14,75,Medium,Yes,6,75,Medium,Yes,0,Low,High,Public,Neutral,2,No,High School,Near,Male,64,0.3023255813953489,False,False,True
20,87,Low,No,5,84,Medium,Yes,2,Medium,Medium,Private,Neutral,3,No,High School,Near,Male,68,0.4418604651162791,False,False,True
11,84,Medium,Yes,7,85,High,Yes,3,Medium,Medium,Public,Neutral,4,No,College,Moderate,Female,67,0.23255813953488375,False,False,True
17,69,Medium,Yes,7,54,High,Yes,1,High,Low,Public,Neutral,2,No,High School,Near,Male,63,0.37209302325581395,False,False,True
11,94,High,No,6,88,Medium,Yes,2,Medium,Medium,Public,Positive,4,No,High School,Near,Male,70,0.23255813953488375,True,False,False
24,80,High,Yes,9,83,Medium,Yes,1,Low,Low,Public,Negative,1,No,High School,Near,Male,67,0.5348837209302325,False,True,False
24,93,High,Yes,8,70,Low,Yes,1,Medium,High,Private,Neutral,3,No,High School,Moderate,Female,71,0.5348837209302325,False,False,True
10,76,Low,Yes,7,79,Low,Yes,3,Medium,Medium,Private,Neutral,4,No,High School,Far,Female,62,0.20930232558139533,False,False,True
28,99,Medium,Yes,6,88,Medium,Yes,3,Low,Medium,Public,Positive,4,No,High School,Near,Female,75,0.627906976744186,False,False,True
35,91,Medium,Yes,10,63,Low,Yes,1,Medium,Medium,Public,Neutral,5,No,High School,Near,Male,72,0.7906976744186046,False,True,False
20,99,Low,Yes,5,97,Low,Yes,4,High,Medium,Public,Neutral,3,No,College,Near,Female,73,0.4418604651162791,False,False,True
16,81,Medium,No,6,57,High,Yes,3,Low,Low,Private,Positive,3,No,High School,Near,Male,64,0.3488372093023256,False,True,False
37,79,High,No,6,95,High,Yes,1,High,Medium,Public,Negative,1,No,High School,Near,Male,73,0.8372093023255813,False,False,True
12,90,Low,Yes,7,87,Low,Yes,2,Low,High,Public,Neutral,2,No,Postgraduate,Far,Male,66,0.2558139534883721,False,False,True
20,95,Low,No,8,83,High,Yes,1,Medium,Medium,Private,Positive,3,No,High School,Near,Female,69,0.4418604651162791,False,True,False
21,99,Medium,Yes,5,54,High,Yes,1,Low,Medium,Public,Neutral,4,No,College,Moderate,Male,70,0.46511627906976744,False,False,True
28,73,High,Yes,6,96,Medium,Yes,1,Medium,Medium,Public,Negative,0,No,Postgraduate,Near,Female,70,0.627906976744186,False,False,True
22,92,High,No,8,65,Medium,Yes,0,Medium,High,Private,Positive,2,No,High School,Moderate,Male,71,0.48837209302325585,True,False,False
17,68,High,Yes,6,87,High,Yes,0,Low,Medium,Private,Positive,4,Yes,College,Near,Male,64,0.37209302325581395,False,True,False
14,82,High,No,6,94,Low,Yes,7,Medium,High,Private,Negative,4,No,Postgraduate,Near,Male,71,0.3023255813953489,False,False,True
18,67,Medium,Yes,7,62,High,Yes,1,Low,Low,Private,Positive,2,No,High School,Far,Male,63,0.3953488372093023,True,False,False
14,74,High,Yes,6,96,Low,Yes,2,Low,High,Public,Neutral,4,No,College,Near,Male,68,0.3023255813953489,True,False,False
20,97,Medium,No,7,81,Medium,Yes,3,Medium,High,Public,Neutral,3,Yes,College,Near,Male,71,0.4418604651162791,False,False,True
17,66,Medium,Yes,8,83,Medium,Yes,4,Medium,High,Private,Negative,5,No,High School,Moderate,Male,65,0.37209302325581395,False,False,True
11,85,Medium,Yes,7,96,Medium,No,1,Low,Medium,Public,Neutral,3,No,High School,Near,Male,66,0.23255813953488375,True,False,False
28,84,High,Yes,9,76,High,Yes,0,High,Medium,Private,Negative,3,No,High School,Near,Male,72,0.627906976744186,True,False,False
17,65,High,Yes,8,72,Low,Yes,1,Low,Medium,Public,Positive,4,No,College,Moderate,Male,65,0.37209302325581395,True,False,False
12,73,Medium,No,7,82,Medium,No,1,Low,Medium,Public,Positive,3,No,High School,Far,Male,60,0.2558139534883721,False,True,False
19,83,Medium,No,7,78,High,No,2,Low,High,Public,Positive,4,No,Postgraduate,Moderate,Male,67,0.4186046511627907,False,True,False
20,67,High,No,10,53,High,Yes,1,Low,Medium,Private,Positive,2,No,Postgraduate,Near,Male,65,0.4418604651162791,False,False,True
10,92,Low,Yes,6,59,High,Yes,0,Low,Medium,Public,Negative,2,No,High School,Moderate,Female,64,0.20930232558139533,True,False,False
22,99,High,Yes,7,51,Medium,Yes,2,High,High,Public,Negative,4,Yes,High School,Moderate,Male,72,0.48837209302325585,True,False,False
14,69,Medium,No,6,55,Medium,Yes,3,Low,Low,Private,Positive,2,No,High School,Moderate,Male,62,0.3023255813953489,True,False,False
30,67,Medium,Yes,8,86,Medium,Yes,0,Low,Medium,Public,Neutral,4,No,High School,Moderate,Female,67,0.6744186046511628,False,False,True
23,78,Medium,Yes,10,50,Medium,Yes,1,Medium,Medium,Private,Positive,3,Yes,Postgraduate,Near,Female,67,0.5116279069767441,False,False,True
18,90,Medium,No,7,65,Low,Yes,4,Medium,Medium,Public,Positive,3,No,College,Near,Female,69,0.3953488372093023,False,False,True
16,71,High,Yes,7,72,Low,Yes,1,Medium,Low,Private,Neutral,4,No,College,Moderate,Female,65,0.3488372093023256,True,False,False
19,61,High,No,7,97,Low,Yes,0,Medium,High,Public,Negative,3,Yes,College,Far,Male,62,0.4186046511627907,False,False,True
24,82,Medium,Yes,5,66,Medium,Yes,0,Medium,Medium,Private,Neutral,3,No,Postgraduate,Near,Male,69,0.5348837209302325,True,False,False
20,98,High,No,7,89,Medium,Yes,1,High,Medium,Public,Positive,3,No,College,Far,Female,72,0.4418604651162791,False,False,True
19,76,High,Yes,10,70,Low,Yes,1,Low,Medium,Public,Negative,3,No,College,Far,Female,63,0.4186046511627907,False,True,False
20,77,Medium,No,8,55,Low,Yes,1,Medium,Medium,Public,Negative,3,No,College,Far,Female,64,0.4418604651162791,True,False,False
16,99,Medium,Yes,9,55,Medium,Yes,1,High,Medium,Public,Neutral,3,Yes,College,Far,Female,67,0.3488372093023256,False,True,False
18,88,Medium,No,9,72,High,Yes,2,High,High,Public,Neutral,4,No,Postgraduate,Moderate,Male,70,0.3953488372093023,False,False,True
7,89,Low,Yes,6,53,Medium,Yes,3,Low,High,Private,Neutral,2,No,High School,Moderate,Male,64,0.13953488372093026,True,False,False
26,83,Medium,No,10,79,Medium,Yes,1,High,Medium,Public,Neutral,2,No,High School,Moderate,Female,69,0.5813953488372092,False,False,True
22,99,High,No,4,75,Low,Yes,2,Medium,Medium,Private,Negative,4,No,High School,Near,Female,72,0.48837209302325585,True,False,False
15,88,Medium,Yes,7,85,Medium,Yes,4,Medium,Medium,Private,Negative,2,No,Postgraduate,Near,Female,69,0.32558139534883723,False,False,True
31,96,Medium,Yes,4,59,Medium,Yes,3,Low,Medium,Private,Neutral,5,No,High School,Near,Female,75,0.6976744186046511,True,False,False
21,88,Medium,No,4,80,Low,Yes,1,Medium,Medium,Public,Positive,2,Yes,Postgraduate,Near,Male,67,0.46511627906976744,False,True,False
14,89,Medium,Yes,8,59,High,Yes,1,Low,Medium,Private,Neutral,3,No,College,Near,Male,67,0.3023255813953489,False,False,True
25,72,Medium,No,6,86,High,Yes,0,Medium,Medium,Public,Neutral,2,No,High School,Far,Female,66,0.5581395348837209,False,False,True
22,72,Low,Yes,9,65,High,Yes,0,Medium,Medium,Public,Neutral,3,No,High School,Moderate,Male,64,0.48837209302325585,False,False,True
22,91,Low,No,4,81,Medium,Yes,2,Low,High,Private,Negative,3,No,High School,Near,Male,68,0.48837209302325585,False,False,True
17,72,Medium,Yes,7,94,High,Yes,1,Low,Medium,Public,Neutral,5,No,High School,Moderate,Male,66,0.37209302325581395,True,False,False
23,83,Medium,No,5,74,Medium,Yes,3,Low,Medium,Public,Negative,2,No,Postgraduate,Near,Male,69,0.5116279069767441,True,False,False
18,70,Low,Yes,7,60,Medium,Yes,1,Medium,High,Public,Positive,3,No,College,Near,Male,65,0.3953488372093023,True,False,False
23,93,Low,Yes,9,94,High,Yes,2,Medium,Low,Private,Negative,3,No,High School,Moderate,Female,70,0.5116279069767441,False,False,True
9,64,Low,Yes,10,68,Low,Yes,0,Medium,Medium,Private,Negative,3,No,High School,Near,Male,57,0.18604651162790697,False,False,True
17,93,Medium,No,8,87,Low,Yes,2,High,High,Private,Negative,3,No,College,Moderate,Male,69,0.37209302325581395,False,False,True
30,84,Low,Yes,5,66,Low,Yes,0,Medium,Low,Public,Positive,2,No,Postgraduate,Near,Female,70,0.6744186046511628,True,False,False
15,67,Medium,Yes,5,65,Medium,Yes,4,Medium,Medium,Private,Negative,2,No,College,Near,Male,63,0.32558139534883723,False,True,False
16,82,Medium,No,7,82,Medium,Yes,1,Medium,Low,Public,Neutral,3,No,Postgraduate,Moderate,Female,66,0.3488372093023256,False,False,True
17,71,Medium,Yes,6,58,Medium,Yes,3,Medium,Medium,Private,Positive,3,Yes,High School,Near,Male,64,0.37209302325581395,False,False,True
13,73,High,No,8,93,Medium,Yes,0,High,High,Public,Neutral,3,No,Postgraduate,Near,Female,65,0.27906976744186046,False,False,True
7,74,Medium,No,10,69,High,Yes,1,High,Medium,Public,Positive,4,No,High School,Near,Male,64,0.13953488372093026,True,False,False
19,63,Low,Yes,6,51,High,Yes,2,Medium,Medium,Public,Neutral,4,No,High School,Near,Male,62,0.4186046511627907,False,False,True
21,99,Medium,Yes,6,65,Low,Yes,1,Medium,Medium,Private,Positive,2,No,College,Far,Female,71,0.46511627906976744,True,False,False
20,61,High,No,5,89,Medium,Yes,1,Medium,Medium,Public,Neutral,2,No,Postgraduate,Far,Female,64,0.4418604651162791,False,False,True
19,86,High,Yes,7,93,High,Yes,1,Medium,High,Public,Neutral,2,No,High School,Near,Male,72,0.4186046511627907,True,False,False
20,75,Medium,No,7,78,Medium,Yes,0,Low,Medium,Public,Negative,2,No,College,Near,Female,64,0.4418604651162791,False,False,True
26,86,Low,Yes,7,65,Medium,Yes,2,High,High,Private,Neutral,4,No,Postgraduate,Moderate,Male,71,0.5813953488372092,False,False,True
19,74,Medium,Yes,8,76,High,Yes,5,Medium,High,Public,Neutral,4,Yes,College,Near,Female,68,0.4186046511627907,False,False,True
17,87,Medium,Yes,8,92,Medium,No,3,High,Low,Public,Negative,2,No,College,Near,Male,68,0.37209302325581395,False,False,True
18,89,Medium,No,7,66,Medium,Yes,2,Medium,Medium,Public,Positive,3,No,College,Moderate,Male,68,0.3953488372093023,False,False,True
23,88,Medium,No,7,69,Medium,Yes,3,Low,High,Public,Negative,3,No,High School,Near,Male,69,0.5116279069767441,False,False,True
28,65,Medium,Yes,7,77,High,Yes,1,Low,High,Public,Positive,3,No,College,Near,Male,67,0.627906976744186,False,True,False
16,86,Low,No,7,94,Low,Yes,0,Low,Medium,Private,Positive,4,No,High School,Near,Male,66,0.3488372093023256,False,False,True
21,71,Medium,Yes,6,79,Medium,Yes,1,Low,Medium,Private,Neutral,4,No,Postgraduate,Far,Male,65,0.46511627906976744,False,False,True
22,61,High,No,5,60,High,Yes,0,High,Low,Private,Neutral,2,No,High School,Moderate,Male,63,0.48837209302325585,False,False,True
14,77,Low,No,7,54,Medium,Yes,1,Medium,High,Public,Negative,2,No,High School,Moderate,Male,62,0.3023255813953489,True,False,False
20,77,High,No,6,55,Medium,Yes,1,High,Low,Private,Neutral,1,No,College,Near,Male,67,0.4418604651162791,True,False,False
11,79,Medium,Yes,8,98,Medium,Yes,2,Low,Medium,Public,Neutral,4,No,High School,Near,Female,65,0.23255813953488375,False,False,True
9,88,Medium,Yes,7,91,Medium,Yes,1,Low,Medium,Public,Negative,3,No,College,Near,Female,66,0.18604651162790697,False,False,True
22,72,High,No,7,88,Medium,No,2,Medium,Medium,Public,Positive,4,No,High School,Near,Female,66,0.48837209302325585,False,True,False
18,73,Medium,Yes,8,75,Medium,Yes,0,High,Medium,Public,Neutral,1,Yes,College,Near,Female,64,0.3953488372093023,False,False,True
21,62,Medium,Yes,5,84,Medium,Yes,5,Low,Medium,Public,Positive,4,No,High School,Near,Female,67,0.46511627906976744,True,False,False
20,87,Medium,No,10,56,Medium,Yes,2,Medium,Medium,Public,Neutral,2,No,College,Moderate,Female,67,0.4418604651162791,False,False,True
14,83,Low,No,4,81,Low,Yes,1,Low,Medium,Public,Negative,4,Yes,High School,Moderate,Male,61,0.3023255813953489,False,True,False
20,74,Medium,Yes,9,91,Medium,Yes,1,Low,Medium,Public,Neutral,5,No,High School,Near,Male,66,0.4418604651162791,False,False,True
13,88,Medium,Yes,7,53,Medium,Yes,2,Medium,Medium,Private,Negative,4,No,College,Moderate,Male,66,0.27906976744186046,True,False,False
28,81,Low,Yes,6,65,Medium,Yes,1,Low,Medium,Public,Positive,2,No,High School,Moderate,Male,67,0.627906976744186,False,False,True
12,79,Medium,No,5,56,High,Yes,1,Low,Low,Public,Positive,5,No,High School,Near,Female,64,0.2558139534883721,True,False,False
19,80,Low,No,6,63,Low,Yes,1,Low,Medium,Public,Neutral,3,No,High School,Near,Male,64,0.4186046511627907,True,False,False
14,85,Medium,No,7,89,Medium,Yes,2,Medium,High,Public,Positive,2,No,College,Moderate,Male,67,0.3023255813953489,False,True,False
23,86,High,No,7,67,Low,Yes,2,Medium,High,Private,Neutral,3,Yes,College,Near,Female,68,0.5116279069767441,False,True,False
18,72,Low,No,9,84,Medium,Yes,2,Medium,Medium,Public,Neutral,4,No,High School,Near,Male,64,0.3953488372093023,False,False,True
17,66,Medium,Yes,7,89,Medium,Yes,0,Medium,Medium,Private,Negative,3,No,College,Near,Male,63,0.37209302325581395,False,False,True
25,66,High,Yes,7,91,Medium,Yes,2,Low,High,Public,Neutral,3,No,College,Near,Male,68,0.5581395348837209,False,False,True
20,86,Low,No,8,94,Low,Yes,2,Low,Medium,Private,Negative,2,No,High School,Far,Female,64,0.4418604651162791,False,True,False
23,95,Medium,Yes,7,80,High,Yes,2,Low,Medium,Public,Neutral,4,No,High School,Moderate,Female,70,0.5116279069767441,False,True,False
14,76,Medium,No,7,64,Medium,Yes,3,Medium,Medium,Private,Positive,3,No,College,Near,Male,64,0.3023255813953489,False,True,False
12,67,Medium,No,7,58,Medium,Yes,0,High,Medium,Public,Neutral,2,Yes,High School,Far,Male,59,0.2558139534883721,True,False,False
21,90,Medium,Yes,8,75,Medium,Yes,4,Low,High,Public,Neutral,2,No,High School,Moderate,Male,71,0.46511627906976744,True,False,False
18,93,Medium,Yes,6,55,Medium,Yes,3,Low,Medium,Public,Negative,5,No,High School,Moderate,Male,67,0.3953488372093023,False,True,False
24,95,Low,Yes,6,96,High,Yes,3,Low,Medium,Private,Neutral,3,No,Postgraduate,Near,Female,73,0.5348837209302325,False,False,True
20,84,Low,No,8,72,Medium,Yes,3,High,Medium,Public,Neutral,3,No,High School,Near,Male,66,0.4418604651162791,False,True,False
21,94,High,No,5,94,Medium,Yes,2,Low,High,Private,Neutral,2,No,College,Near,Male,73,0.46511627906976744,True,False,False
10,61,Medium,Yes,7,85,High,Yes,1,Medium,Medium,Public,Neutral,4,No,High School,Near,Female,62,0.20930232558139533,True,False,False
31,64,High,No,6,93,Medium,Yes,1,Low,High,Public,Neutral,3,No,High School,Near,Female,69,0.6976744186046511,False,False,True
19,64,High,No,8,94,Medium,Yes,3,Medium,High,Private,Neutral,3,Yes,Postgraduate,Near,Female,66,0.4186046511627907,False,False,True
24,89,Low,Yes,9,53,Medium,Yes,1,Low,High,Private,Neutral,3,No,High School,Near,Male,68,0.5348837209302325,False,False,True
15,63,Medium,Yes,6,86,Low,Yes,4,High,Medium,Public,Positive,5,No,High School,Near,Male,65,0.32558139534883723,False,False,True
22,80,Medium,Yes,8,61,High,Yes,1,Low,Medium,Public,Positive,2,No,College,Moderate,Male,67,0.48837209302325585,False,False,True
12,79,Medium,Yes,7,99,Low,Yes,2,Medium,Medium,Public,Negative,2,Yes,High School,Near,Female,64,0.2558139534883721,False,False,True
23,72,High,Yes,6,89,Medium,No,0,Medium,High,Private,Negative,3,No,High School,Moderate,Male,67,0.5116279069767441,True,False,False
18,95,Low,Yes,7,50,Low,Yes,3,Medium,Medium,Private,Neutral,3,No,High School,Moderate,Female,66,0.3953488372093023,False,True,False
20,67,Medium,No,9,96,High,Yes,1,High,High,Public,Positive,3,No,High School,Near,Female,68,0.4418604651162791,True,False,False
24,74,Medium,Yes,7,65,Low,Yes,3,Medium,High,Public,Neutral,2,No,College,Near,Male,68,0.5348837209302325,False,False,True
13,91,Low,Yes,9,71,Low,Yes,1,Low,Medium,Public,Positive,2,No,College,Far,Male,64,0.27906976744186046,False,False,True
16,61,Medium,Yes,7,81,Low,Yes,2,Medium,Medium,Public,Neutral,1,No,High School,Near,Female,63,0.3488372093023256,True,False,False
23,87,Medium,No,5,96,Medium,Yes,2,Medium,Medium,Public,Positive,3,No,College,Moderate,Female,72,0.5116279069767441,True,False,False
33,93,Medium,No,7,96,Medium,Yes,1,Low,High,Public,Positive,1,No,Postgraduate,Moderate,Female,75,0.7441860465116279,True,False,False
19,97,Medium,No,5,78,Low,Yes,2,Low,Medium,Public,Positive,3,No,High School,Near,Male,71,0.4186046511627907,True,False,False
24,95,Medium,No,7,66,Low,Yes,2,High,High,Public,Negative,3,No,High School,Near,Male,71,0.5348837209302325,True,False,False
19,73,Medium,Yes,6,64,Low,Yes,4,Medium,Medium,Public,Positive,5,Yes,College,Near,Female,66,0.4186046511627907,False,False,True
32,83,Medium,Yes,10,68,Medium,No,3,Low,Medium,Private,Positive,4,No,High School,Moderate,Female,71,0.7209302325581395,True,False,False
10,63,Medium,No,9,59,Low,Yes,0,Medium,High,Public,Positive,5,No,Postgraduate,Moderate,Male,61,0.20930232558139533,True,False,False
21,70,Medium,Yes,7,83,Medium,Yes,1,Medium,Medium,Public,Neutral,3,No,High School,Far,Male,65,0.46511627906976744,False,False,True
10,64,Low,No,9,76,Low,Yes,1,Low,Medium,Private,Positive,1,No,High School,Near,Female,58,0.20930232558139533,False,False,True
5,73,Low,Yes,6,89,High,Yes,1,Medium,Medium,Public,Neutral,2,No,High School,Near,Male,62,0.09302325581395349,True,False,False
22,95,Low,No,5,55,Medium,Yes,2,High,High,Public,Neutral,0,Yes,College,Near,Female,69,0.48837209302325585,True,False,False
21,74,Low,Yes,8,70,Medium,Yes,1,Medium,Medium,Public,Neutral,3,No,Postgraduate,Far,Male,65,0.46511627906976744,False,False,True
18,82,Medium,Yes,8,62,High,Yes,3,Low,Medium,Private,Neutral,4,No,High School,Near,Female,69,0.3953488372093023,True,False,False
19,77,Medium,Yes,6,77,High,Yes,1,Low,High,Private,Neutral,3,No,College,Near,Female,68,0.4186046511627907,True,False,False
39,78,Medium,No,6,73,Medium,Yes,0,Low,Medium,Public,Positive,2,No,College,Far,Male,70,0.883720930232558,False,False,True
18,99,Medium,Yes,8,72,Medium,Yes,4,Low,Medium,Public,Neutral,4,No,High School,Near,Female,72,0.3953488372093023,True,False,False
23,72,Medium,Yes,4,66,Low,No,3,Low,Medium,Private,Positive,4,No,Postgraduate,Near,Female,66,0.5116279069767441,False,True,False
16,85,High,Yes,8,86,Low,Yes,2,High,Medium,Private,Neutral,4,No,High School,Near,Female,68,0.3488372093023256,False,True,False
22,77,Medium,Yes,7,74,High,Yes,2,Low,Low,Private,Negative,4,No,College,Near,Male,67,0.48837209302325585,False,False,True
19,62,Low,Yes,8,60,Medium,Yes,1,Low,Medium,Public,Positive,2,No,College,Far,Female,61,0.4186046511627907,True,False,False
18,80,Low,Yes,8,77,Medium,Yes,1,Low,High,Public,Negative,2,No,College,Near,Female,64,0.3953488372093023,False,True,False
31,93,Medium,No,6,80,Medium,Yes,3,Medium,Medium,Public,Neutral,2,No,High School,Near,Male,74,0.6976744186046511,True,False,False
27,64,Medium,No,5,51,High,Yes,1,Low,High,Public,Negative,3,No,High School,Near,Female,64,0.6046511627906976,False,False,True
21,63,Low,Yes,9,60,Medium,Yes,2,Medium,Medium,Public,Negative,2,No,Postgraduate,Near,Male,64,0.46511627906976744,True,False,False
6,66,Medium,Yes,7,62,Low,Yes,2,Low,Medium,Public,Neutral,4,No,Postgraduate,Near,Male,61,0.11627906976744186,True,False,False
18,91,High,Yes,7,62,Medium,Yes,3,Low,Medium,Private,Positive,3,No,High School,Near,Male,71,0.3953488372093023,True,False,False
36,89,Low,Yes,8,62,Low,Yes,2,Low,High,Private,Negative,3,No,College,Moderate,Male,72,0.8139534883720929,True,False,False
19,83,High,No,6,64,Medium,Yes,0,Medium,Medium,Private,Negative,5,No,Postgraduate,Near,Female,68,0.4186046511627907,True,False,False
27,79,High,Yes,8,63,High,Yes,2,Low,Medium,Public,Negative,5,No,College,Moderate,Female,69,0.6046511627906976,False,True,False
29,96,High,No,8,94,High,No,2,Low,High,Public,Negative,4,No,High School,Near,Male,74,0.6511627906976744,False,False,True
21,91,High,Yes,9,66,Low,Yes,3,Low,Medium,Public,Neutral,4,No,College,Moderate,Female,70,0.46511627906976744,False,False,True
15,92,Low,Yes,9,67,Low,Yes,1,High,High,Public,Positive,2,No,Postgraduate,Near,Male,69,0.32558139534883723,True,False,False
5,93,Low,No,7,63,Medium,Yes,2,Medium,High,Public,Neutral,3,No,Postgraduate,Near,Male,64,0.09302325581395349,False,True,False
24,86,Low,Yes,8,98,Medium,Yes,2,High,Medium,Public,Positive,5,No,Postgraduate,Far,Male,71,0.5348837209302325,False,True,False
15,78,Low,Yes,7,77,Low,Yes,0,High,Medium,Public,Neutral,3,No,College,Near,Male,65,0.32558139534883723,True,False,False
21,95,Medium,Yes,7,81,Medium,Yes,0,Medium,Medium,Public,Neutral,3,No,High School,Near,Male,71,0.46511627906976744,True,False,False
13,97,High,Yes,5,87,Low,Yes,1,Medium,High,Public,Neutral,2,No,Postgraduate,Near,Female,71,0.27906976744186046,True,False,False
18,61,Medium,Yes,7,67,Medium,Yes,5,High,High,Public,Positive,2,No,Postgraduate,Near,Male,66,0.3953488372093023,False,True,False
20,62,Medium,No,4,98,High,Yes,1,High,Low,Public,Negative,4,No,High School,Near,Male,64,0.4418604651162791,False,False,True
22,98,Medium,No,7,58,Medium,Yes,0,Medium,Medium,Private,Neutral,3,No,High School,Near,Male,70,0.48837209302325585,False,False,True
13,71,Low,No,9,73,Low,Yes,1,High,High,Private,Neutral,3,No,High School,Moderate,Male,61,0.27906976744186046,False,True,False
27,95,Medium,Yes,8,57,High,Yes,1,Medium,Low,Private,Positive,3,No,High School,Moderate,Female,71,0.6046511627906976,False,False,True
16,76,Medium,No,7,90,Medium,Yes,0,Low,Medium,Public,Neutral,3,No,Postgraduate,Moderate,Male,65,0.3488372093023256,False,False,True
10,65,High,No,7,55,Medium,Yes,0,Low,High,Public,Neutral,3,No,High School,Near,Female,59,0.20930232558139533,False,True,False
19,63,Medium,Yes,6,78,Low,Yes,3,Medium,Medium,Public,Neutral,2,Yes,College,Near,Male,63,0.4186046511627907,False,False,True
20,66,Medium,Yes,6,55,Low,Yes,1,High,High,Public,Negative,3,No,Postgraduate,Moderate,Female,64,0.4418604651162791,False,False,True
21,70,Low,No,8,73,Low,Yes,0,High,Medium,Public,Neutral,4,No,College,Near,Male,63,0.46511627906976744,False,True,False
28,80,High,No,5,64,Medium,Yes,1,Low,Medium,Private,Neutral,2,No,Postgraduate,Moderate,Female,70,0.627906976744186,True,False,False
19,88,Medium,Yes,5,95,Medium,Yes,1,Medium,High,Public,Neutral,3,No,High School,Near,Male,70,0.4186046511627907,True,False,False
19,99,High,Yes,8,53,Medium,Yes,1,Medium,Medium,Private,Neutral,4,No,College,Near,Male,72,0.4186046511627907,True,False,False
13,78,High,No,7,82,High,Yes,0,Low,High,Public,Neutral,2,No,College,Moderate,Female,65,0.27906976744186046,False,False,True
25,81,Medium,Yes,7,85,High,Yes,3,Medium,Medium,Public,Negative,1,No,Postgraduate,Moderate,Female,71,0.5581395348837209,True,False,False
21,81,Medium,Yes,7,94,Medium,Yes,3,Medium,Medium,Public,Neutral,1,No,Postgraduate,Moderate,Male,70,0.46511627906976744,True,False,False
17,82,Low,No,10,94,Medium,Yes,1,High,High,Private,Neutral,3,No,High School,Moderate,Female,66,0.37209302325581395,False,False,True
9,81,Medium,Yes,7,99,Medium,Yes,2,Low,Medium,Public,Neutral,3,No,High School,Moderate,Female,64,0.18604651162790697,False,False,True
29,60,High,No,7,63,Medium,Yes,0,Low,Medium,Public,Negative,4,No,Postgraduate,Near,Male,64,0.6511627906976744,False,True,False
13,60,Low,No,10,64,Low,Yes,1,Medium,Medium,Public,Neutral,4,No,College,Far,Male,59,0.27906976744186046,True,False,False
16,64,High,Yes,7,70,Medium,Yes,5,Low,Low,Public,Positive,4,No,High School,Moderate,Male,65,0.3488372093023256,False,False,True
22,64,Medium,Yes,10,77,Medium,Yes,1,Low,High,Public,Positive,3,No,High School,Moderate,Male,66,0.48837209302325585,True,False,False
13,88,Medium,Yes,4,68,High,Yes,1,High,Medium,Public,Positive,2,No,High School,Near,Female,67,0.27906976744186046,False,False,True
11,68,Medium,Yes,5,87,Medium,Yes,1,Low,Medium,Public,Positive,4,Yes,High School,Far,Male,62,0.23255813953488375,True,False,False
7,96,Low,No,6,50,Medium,Yes,1,High,Medium,Private,Negative,3,No,College,Near,Male,65,0.13953488372093026,True,False,False
24,97,Medium,Yes,8,51,Medium,Yes,3,Low,Medium,Public,Neutral,2,No,Postgraduate,Near,Female,73,0.5348837209302325,True,False,False
17,99,Medium,No,10,86,Low,Yes,1,Medium,Medium,Private,Positive,2,No,College,Near,Male,70,0.37209302325581395,False,False,True
38,98,Medium,No,6,94,Medium,Yes,2,Low,Low,Public,Negative,4,No,Postgraduate,Near,Female,75,0.8604651162790697,False,True,False
14,71,High,Yes,8,89,Medium,Yes,0,Medium,Medium,Public,Neutral,3,No,Postgraduate,Near,Female,66,0.3023255813953489,True,False,False
14,80,Medium,No,10,56,Low,Yes,1,Low,Medium,Public,Positive,3,No,Postgraduate,Moderate,Female,65,0.3023255813953489,True,False,False
17,67,Medium,No,9,97,Medium,Yes,1,Medium,Low,Public,Neutral,3,No,Postgraduate,Moderate,Female,64,0.37209302325581395,False,False,True
21,92,Low,No,6,76,Low,Yes,2,Low,Medium,Public,Positive,5,No,College,Near,Male,70,0.46511627906976744,True,False,False
17,96,High,Yes,8,87,Medium,Yes,0,Medium,Medium,Private,Positive,5,No,High School,Moderate,Male,71,0.37209302325581395,False,False,True
24,94,Medium,No,8,60,Low,Yes,0,Medium,Medium,Public,Neutral,3,No,High School,Near,Male,68,0.5348837209302325,False,True,False
14,77,Medium,Yes,6,77,Low,Yes,1,Low,High,Private,Neutral,2,No,College,Near,Male,64,0.3023255813953489,False,False,True
12,90,High,No,8,67,Low,Yes,2,Low,Low,Public,Neutral,3,No,High School,Near,Female,67,0.2558139534883721,True,False,False
9,64,High,Yes,6,99,Medium,Yes,6,Low,High,Public,Positive,6,Yes,High School,Moderate,Male,65,0.18604651162790697,False,False,True
7,62,Medium,Yes,7,74,Medium,Yes,3,Medium,Medium,Public,Neutral,3,No,Postgraduate,Near,Female,62,0.13953488372093026,True,False,False
17,90,High,Yes,5,88,Low,Yes,1,Medium,Medium,Public,Negative,1,No,College,Near,Female,68,0.37209302325581395,False,True,False
18,77,Medium,Yes,4,80,Medium,Yes,1,Medium,Low,Private,Negative,2,No,College,Near,Male,66,0.3953488372093023,True,False,False
16,100,High,Yes,7,55,High,Yes,1,Low,Medium,Public,Negative,2,Yes,College,Moderate,Male,69,0.3488372093023256,True,False,False
27,64,Medium,Yes,7,77,High,Yes,3,High,Medium,Public,Neutral,4,No,High School,Moderate,Male,68,0.6046511627906976,False,False,True
27,94,Low,No,5,77,Medium,Yes,0,Medium,High,Public,Positive,2,No,College,Near,Female,71,0.6046511627906976,False,False,True
18,79,High,Yes,8,86,Medium,Yes,3,Low,Low,Public,Neutral,4,No,College,Near,Female,68,0.3953488372093023,False,False,True
9,93,Low,Yes,7,66,Medium,Yes,0,Low,Low,Private,Neutral,2,No,College,Moderate,Male,64,0.18604651162790697,True,False,False
17,93,Medium,No,8,93,Low,Yes,0,Low,Medium,Public,Negative,3,No,College,Moderate,Male,66,0.37209302325581395,False,True,False
16,97,Low,Yes,8,81,High,Yes,0,High,High,Private,Positive,2,No,High School,Near,Male,70,0.3488372093023256,False,False,True
16,72,Medium,No,9,52,Medium,Yes,1,Medium,High,Public,Negative,1,Yes,College,Moderate,Female,60,0.3488372093023256,False,True,False
16,98,Medium,Yes,8,85,Low,Yes,0,Low,High,Public,Positive,2,No,College,Far,Male,69,0.3488372093023256,False,False,True
16,66,Medium,Yes,7,95,Low,Yes,1,Medium,Medium,Public,Positive,4,No,College,Near,Male,65,0.3488372093023256,False,False,True
18,63,High,Yes,7,84,Medium,Yes,1,Medium,High,Public,Neutral,2,No,High School,Near,Female,66,0.3953488372093023,True,False,False
16,77,Low,No,10,69,Medium,Yes,1,Medium,Medium,Private,Neutral,3,No,High School,Near,Female,64,0.3488372093023256,False,False,True
21,93,High,No,8,80,Medium,Yes,0,High,High,Public,Positive,1,No,College,Moderate,Female,71,0.46511627906976744,False,False,True
22,79,Low,No,7,59,Medium,Yes,0,Medium,Medium,Public,Positive,3,No,College,Near,Male,66,0.48837209302325585,True,False,False
15,93,Low,Yes,7,80,Low,Yes,0,Low,Medium,Public,Positive,3,No,High School,Near,Female,66,0.32558139534883723,False,False,True
28,89,Medium,No,6,75,Medium,Yes,1,Low,Low,Private,Negative,3,No,High School,Moderate,Male,68,0.627906976744186,False,False,True
14,68,High,No,5,51,High,Yes,1,High,Medium,Public,Neutral,5,Yes,High School,Moderate,Male,63,0.3023255813953489,True,False,False
10,98,Low,Yes,10,66,Low,Yes,1,Low,High,Public,Negative,2,No,College,Near,Female,66,0.20930232558139533,False,False,True
22,62,Medium,No,8,60,Low,No,0,Medium,High,Public,Positive,2,No,College,Near,Male,61,0.48837209302325585,False,True,False
15,96,Low,No,5,70,High,Yes,4,Low,High,Private,Positive,3,No,College,Near,Male,70,0.32558139534883723,False,False,True
22,72,High,Yes,7,62,Low,Yes,5,High,Medium,Private,Neutral,2,No,College,Moderate,Female,68,0.48837209302325585,False,False,True
6,80,Medium,Yes,9,92,Low,Yes,5,Low,Medium,Public,Neutral,2,No,Postgraduate,Moderate,Male,65,0.11627906976744186,False,False,True
28,77,Medium,No,6,85,High,Yes,0,Low,Medium,Public,Negative,1,No,Postgraduate,Near,Female,69,0.627906976744186,True,False,False
24,67,High,Yes,6,87,Low,Yes,0,Medium,Medium,Public,Positive,4,No,College,Near,Male,67,0.5348837209302325,False,False,True
11,74,Medium,No,8,68,Low,Yes,0,Medium,Medium,Public,Positive,3,No,High School,Moderate,Male,62,0.23255813953488375,True,False,False
11,68,High,Yes,8,50,Low,Yes,2,Low,High,Private,Positive,4,No,High School,Near,Female,61,0.23255813953488375,False,True,False
30,68,High,Yes,6,61,High,Yes,1,Medium,Medium,Public,Positive,3,No,Postgraduate,Near,Female,70,0.6744186046511628,True,False,False
16,67,Medium,Yes,6,88,Medium,Yes,0,High,Low,Public,Neutral,3,No,College,Near,Male,65,0.3488372093023256,True,False,False
15,80,Medium,No,8,80,Medium,Yes,1,Low,Medium,Public,Neutral,4,No,High School,Moderate,Female,65,0.32558139534883723,True,False,False
6,92,Medium,Yes,5,77,Medium,Yes,1,Low,High,Public,Positive,4,No,High School,Near,Male,66,0.11627906976744186,False,False,True
18,83,High,Yes,6,64,Low,No,1,Medium,High,Private,Negative,3,No,High School,Near,Female,66,0.3953488372093023,False,False,True
19,96,Medium,Yes,7,54,High,Yes,1,Low,Medium,Public,Neutral,3,No,College,Near,Male,69,0.4186046511627907,False,False,True
24,85,High,No,8,89,Medium,Yes,1,Low,Medium,Public,Neutral,3,No,High School,Moderate,Female,70,0.5348837209302325,True,False,False
12,88,Medium,No,6,52,Low,No,1,Medium,High,Public,Negative,1,No,High School,Near,Male,63,0.2558139534883721,True,False,False
11,87,Medium,No,8,53,High,Yes,1,Medium,Medium,Public,Positive,3,No,High School,Near,Female,64,0.23255813953488375,False,True,False
23,78,Low,No,9,65,High,Yes,1,Low,High,Public,Neutral,2,Yes,College,Far,Female,65,0.5116279069767441,True,False,False
26,88,Medium,Yes,6,79,Medium,Yes,1,Low,High,Public,Neutral,4,No,High School,Far,Male,71,0.5813953488372092,True,False,False
11,63,Medium,Yes,10,100,High,Yes,0,Medium,Medium,Public,Neutral,3,No,High School,Far,Female,61,0.23255813953488375,False,False,True
26,94,Low,Yes,9,55,Low,Yes,2,High,Medium,Public,Neutral,3,No,High School,Near,Male,69,0.5813953488372092,False,True,False
20,91,Medium,No,7,74,Medium,Yes,1,Medium,Medium,Public,Neutral,4,No,High School,Moderate,Male,69,0.4418604651162791,True,False,False
27,70,Medium,No,7,80,Low,Yes,1,Low,Medium,Public,Neutral,3,No,High School,Near,Female,66,0.6046511627906976,False,False,True
20,91,Medium,No,6,91,Medium,Yes,3,High,High,Public,Neutral,2,No,High School,Near,Male,72,0.4418604651162791,True,False,False
5,61,Medium,No,9,84,High,Yes,1,Medium,Medium,Public,Neutral,3,No,College,Near,Male,60,0.09302325581395349,True,False,False
19,69,Low,No,7,90,Medium,Yes,0,Low,Medium,Public,Neutral,1,No,College,Near,Male,62,0.4186046511627907,False,True,False
26,63,Medium,Yes,5,76,Medium,Yes,3,Medium,High,Public,Neutral,5,Yes,High School,Near,Female,66,0.5813953488372092,False,False,True
15,91,High,Yes,4,72,Low,Yes,1,High,High,Private,Neutral,2,No,High School,Near,Male,69,0.32558139534883723,False,False,True
18,90,Medium,No,7,81,Medium,Yes,2,Medium,Low,Public,Negative,3,No,Postgraduate,Moderate,Male,69,0.3953488372093023,True,False,False
19,93,High,No,7,95,Low,Yes,3,Medium,Medium,Private,Negative,3,No,High School,Near,Female,71,0.4186046511627907,False,False,True
3,60,Low,Yes,6,78,Low,Yes,1,Low,Medium,Public,Positive,1,No,Postgraduate,Near,Female,57,0.046511627906976744,False,False,True
30,80,High,No,5,80,Medium,Yes,0,Low,Medium,Private,Positive,4,No,Postgraduate,Near,Female,72,0.6744186046511628,True,False,False
15,88,Medium,Yes,4,67,Medium,Yes,1,Medium,High,Private,Positive,4,No,High School,Far,Female,66,0.32558139534883723,False,True,False
23,66,Medium,Yes,6,80,Medium,Yes,1,Medium,Medium,Public,Positive,3,No,College,Near,Female,66,0.5116279069767441,False,False,True
19,86,Medium,No,6,81,Medium,Yes,3,Medium,High,Public,Neutral,3,No,College,Near,Male,70,0.4186046511627907,False,False,True
28,63,Medium,No,8,88,Medium,Yes,2,Low,High,Public,Positive,2,No,High School,Near,Male,67,0.627906976744186,False,False,True
22,67,Medium,Yes,7,79,Medium,Yes,1,Medium,Low,Private,Neutral,3,No,College,Moderate,Female,65,0.48837209302325585,False,False,True
19,79,Medium,Yes,9,60,Low,Yes,1,Low,Medium,Public,Neutral,3,Yes,High School,Near,Female,63,0.4186046511627907,False,False,True
15,86,Low,No,8,79,Medium,Yes,3,Low,Medium,Public,Positive,3,No,College,Near,Female,68,0.32558139534883723,True,False,False
25,66,Medium,Yes,8,65,Medium,Yes,0,Medium,Medium,Public,Positive,3,Yes,High School,Near,Male,63,0.5581395348837209,False,True,False
9,67,High,Yes,8,54,Medium,Yes,3,Medium,High,Private,Positive,5,No,College,Moderate,Male,63,0.18604651162790697,False,False,True
24,68,Medium,Yes,5,91,High,Yes,1,High,Medium,Public,Negative,4,No,College,Near,Female,68,0.5348837209302325,False,False,True
13,70,Medium,Yes,6,53,Medium,Yes,2,Low,Medium,Public,Negative,0,Yes,College,Moderate,Female,60,0.27906976744186046,False,False,True
28,69,Medium,No,10,82,High,Yes,0,Medium,Medium,Private,Neutral,2,No,High School,Near,Female,67,0.627906976744186,False,False,True
21,76,Low,Yes,4,99,High,Yes,0,Low,Low,Public,Positive,3,No,College,Far,Male,65,0.46511627906976744,False,True,False
24,86,Low,Yes,7,54,Medium,Yes,0,Low,High,Public,Neutral,2,No,College,Near,Male,68,0.5348837209302325,True,False,False
20,78,Low,No,8,61,Medium,Yes,0,Medium,Medium,Public,Neutral,2,Yes,High School,Moderate,Female,62,0.4418604651162791,False,False,True
9,91,Low,No,4,88,Low,Yes,2,Medium,Medium,Public,Neutral,4,Yes,Postgraduate,Near,Female,65,0.18604651162790697,False,False,True
15,89,Medium,Yes,6,55,High,Yes,1,Low,Medium,Private,Positive,3,No,High School,Near,Male,66,0.32558139534883723,False,False,True
24,65,Medium,Yes,10,92,Low,Yes,3,Medium,High,Public,Neutral,4,No,High School,Near,Male,67,0.5348837209302325,False,False,True
21,62,High,Yes,7,50,Low,No,1,High,Medium,Public,Negative,2,No,High School,Moderate,Female,60,0.46511627906976744,False,True,False
27,95,High,Yes,6,94,High,Yes,2,Medium,Medium,Public,Neutral,4,No,Postgraduate,Far,Female,74,0.6046511627906976,False,True,False
22,63,Low,Yes,7,53,Medium,Yes,1,High,Medium,Public,Neutral,4,No,High School,Near,Male,62,0.48837209302325585,False,True,False
14,66,Medium,Yes,6,96,Low,Yes,0,High,Medium,Public,Negative,3,No,College,Moderate,Male,61,0.3023255813953489,False,True,False
15,61,Medium,No,10,93,High,Yes,0,Medium,High,Public,Neutral,4,No,High School,Near,Male,63,0.32558139534883723,False,False,True
21,85,Low,No,6,77,Medium,Yes,2,Low,Medium,Public,Neutral,3,No,College,Far,Male,66,0.46511627906976744,False,False,True
6,83,Medium,No,6,89,Medium,Yes,1,Low,Medium,Public,Positive,4,No,Postgraduate,Near,Female,65,0.11627906976744186,False,False,True
30,99,Medium,No,5,54,Medium,Yes,0,Medium,Medium,Private,Positive,3,No,Postgraduate,Near,Male,72,0.6744186046511628,False,True,False
23,95,Medium,No,7,57,Medium,Yes,1,Low,Medium,Private,Neutral,2,No,High School,Near,Female,70,0.5116279069767441,True,False,False
27,76,High,Yes,7,68,Medium,Yes,1,Medium,Medium,Public,Neutral,3,No,Postgraduate,Moderate,Female,71,0.6046511627906976,True,False,False
11,75,High,Yes,9,77,Medium,No,1,High,High,Private,Neutral,2,Yes,College,Moderate,Male,64,0.23255813953488375,True,False,False
27,72,High,No,5,93,Low,Yes,1,High,Medium,Public,Positive,2,No,College,Near,Male,70,0.6046511627906976,False,False,True
33,66,Medium,No,8,77,Medium,Yes,2,Medium,Low,Public,Neutral,3,No,High School,Near,Male,68,0.7441860465116279,False,False,True
12,66,High,Yes,7,83,Medium,No,1,Medium,Medium,Public,Neutral,3,No,High School,Near,Male,61,0.2558139534883721,False,True,False
25,65,Medium,Yes,4,84,High,Yes,1,High,Medium,Public,Positive,2,No,High School,Near,Male,68,0.5581395348837209,True,False,False
20,65,Medium,No,6,94,Medium,Yes,1,Low,High,Public,Positive,2,No,Postgraduate,Near,Female,64,0.4418604651162791,False,True,False
11,70,High,Yes,6,89,Low,Yes,2,Medium,Medium,Public,Positive,4,No,High School,Near,Female,64,0.23255813953488375,False,False,True
23,72,High,Yes,10,99,Medium,Yes,2,Medium,High,Private,Neutral,4,No,Postgraduate,Near,Female,71,0.5116279069767441,False,False,True
25,98,High,Yes,8,51,Medium,Yes,0,Medium,Medium,Private,Positive,2,No,College,Moderate,Female,72,0.5581395348837209,False,False,True
16,83,Medium,Yes,7,60,Medium,Yes,0,High,Medium,Public,Positive,1,No,College,Moderate,Female,66,0.3488372093023256,False,False,True
27,100,Medium,Yes,4,97,Low,Yes,4,Low,High,Public,Positive,3,No,High School,Near,Female,74,0.6046511627906976,False,True,False
10,75,Medium,Yes,4,90,Medium,Yes,3,Medium,High,Public,Positive,3,Yes,Postgraduate,Moderate,Male,65,0.20930232558139533,False,False,True
11,78,High,No,8,63,Low,Yes,1,Low,Medium,Public,Neutral,3,No,High School,Near,Female,64,0.23255813953488375,True,False,False
21,73,Medium,Yes,8,99,Medium,Yes,1,Medium,High,Public,Positive,4,No,College,Moderate,Male,69,0.46511627906976744,True,False,False
20,67,Medium,No,6,93,Low,No,1,Low,Medium,Public,Negative,3,Yes,College,Near,Male,62,0.4418604651162791,False,False,True
16,66,Medium,Yes,7,53,High,Yes,2,Medium,Medium,Public,Negative,2,No,Postgraduate,Moderate,Male,62,0.3488372093023256,False,False,True
25,98,Low,Yes,7,91,Medium,Yes,2,Low,Low,Public,Positive,3,No,Postgraduate,Near,Female,72,0.5581395348837209,False,True,False
23,99,High,No,7,89,High,Yes,1,Medium,Medium,Public,Neutral,3,No,High School,Near,Female,73,0.5116279069767441,False,False,True
25,62,Low,No,6,61,High,Yes,1,Medium,Medium,Public,Positive,4,No,Postgraduate,Moderate,Female,64,0.5581395348837209,False,False,True
19,66,Medium,No,8,83,Medium,Yes,2,Medium,High,Public,Neutral,3,No,High School,Near,Female,65,0.4186046511627907,False,False,True
24,77,High,Yes,9,99,Medium,Yes,1,Low,Medium,Public,Positive,1,No,High School,Near,Male,70,0.5348837209302325,True,False,False
17,67,Medium,Yes,6,84,High,Yes,1,High,High,Public,Neutral,3,No,Postgraduate,Moderate,Female,66,0.37209302325581395,False,False,True
32,75,High,No,5,91,Low,Yes,1,High,Medium,Public,Positive,2,No,College,Moderate,Female,70,0.7209302325581395,False,True,False
15,65,High,Yes,6,55,Low,Yes,2,Medium,Medium,Private,Positive,3,No,High School,Near,Female,63,0.32558139534883723,False,False,True
33,78,Low,No,7,86,Medium,Yes,1,Low,High,Public,Positive,4,No,High School,Near,Male,69,0.7441860465116279,False,True,False
20,71,Medium,Yes,8,60,Low,Yes,0,Medium,Medium,Public,Neutral,2,No,High School,Near,Male,64,0.4418604651162791,True,False,False
12,74,Medium,No,8,54,Medium,Yes,2,Medium,Medium,Private,Positive,5,No,Postgraduate,Moderate,Female,63,0.2558139534883721,False,True,False
28,64,Medium,No,8,78,Low,Yes,2,Medium,Medium,Private,Negative,3,No,Postgraduate,Near,Male,66,0.627906976744186,False,False,True
21,77,Medium,Yes,8,88,Low,Yes,2,High,Medium,Private,Positive,1,No,College,Moderate,Female,68,0.46511627906976744,False,False,True
25,99,Medium,Yes,7,77,Medium,Yes,0,High,High,Public,Neutral,3,No,High School,Near,Male,97,0.5581395348837209,False,False,True
27,73,Low,No,9,97,Medium,Yes,2,Medium,High,Public,Neutral,1,No,High School,Near,Female,67,0.6046511627906976,False,True,False
22,95,Medium,No,7,85,Medium,Yes,0,Medium,Medium,Private,Positive,4,No,College,Near,Male,71,0.48837209302325585,False,False,True
16,94,Low,Yes,8,56,Low,Yes,2,Low,High,Public,Positive,2,No,College,Near,Female,66,0.3488372093023256,False,True,False
26,98,Low,Yes,7,97,Medium,Yes,2,Low,Medium,Public,Neutral,2,Yes,Postgraduate,Moderate,Male,72,0.5813953488372092,False,False,True
20,92,Medium,Yes,7,58,Low,Yes,2,Low,Low,Public,Neutral,4,No,Postgraduate,Near,Female,70,0.4418604651162791,True,False,False
24,86,Medium,Yes,7,88,Medium,Yes,1,Low,Medium,Public,Neutral,3,No,High School,Far,Male,69,0.5348837209302325,False,False,True
7,94,Low,Yes,9,57,High,Yes,2,Medium,Medium,Public,Negative,3,No,Postgraduate,Near,Female,66,0.13953488372093026,False,False,True
23,63,High,No,7,100,Low,Yes,2,Medium,High,Private,Positive,3,No,Postgraduate,Near,Female,69,0.5116279069767441,True,False,False
16,79,Medium,Yes,6,67,Low,No,2,Medium,High,Private,Positive,3,No,College,Near,Male,65,0.3488372093023256,False,False,True
30,100,High,No,6,75,Medium,Yes,0,Low,Medium,Public,Neutral,4,No,College,Moderate,Female,75,0.6744186046511628,True,False,False
24,91,Medium,No,8,73,Medium,Yes,2,Low,High,Private,Positive,2,No,Postgraduate,Moderate,Male,70,0.5348837209302325,False,True,False
21,98,Low,Yes,6,55,Low,Yes,1,Medium,Medium,Public,Positive,3,No,High School,Near,Male,70,0.46511627906976744,True,False,False
23,91,High,Yes,7,75,Low,Yes,2,Low,High,Public,Negative,2,No,High School,Far,Male,69,0.5116279069767441,False,False,True
14,95,Medium,No,7,57,Medium,Yes,2,Low,Low,Public,Neutral,2,No,College,Near,Female,68,0.3023255813953489,True,False,False
30,88,Medium,Yes,6,90,High,Yes,4,High,Medium,Private,Negative,2,No,College,Moderate,Male,73,0.6744186046511628,False,True,False
32,90,Medium,Yes,5,98,High,Yes,0,Medium,High,Public,Neutral,3,No,College,Moderate,Male,74,0.7209302325581395,False,False,True
22,81,Low,No,5,90,Medium,Yes,0,High,Medium,Public,Positive,2,No,College,Moderate,Female,66,0.48837209302325585,False,True,False
30,97,Medium,Yes,6,72,High,Yes,1,Low,High,Public,Positive,2,No,High School,Far,Female,74,0.6744186046511628,True,False,False
17,93,Low,Yes,5,50,Low,Yes,3,High,Medium,Public,Positive,2,No,High School,Moderate,Male,67,0.37209302325581395,False,False,True
15,94,Medium,Yes,8,52,Low,Yes,1,Medium,Medium,Private,Positive,2,No,College,Far,Female,67,0.32558139534883723,True,False,False
20,87,High,No,10,75,Low,Yes,3,Medium,Medium,Private,Neutral,2,No,College,Near,Female,70,0.4418604651162791,False,False,True
23,72,High,Yes,6,84,Medium,Yes,1,High,High,Public,Neutral,2,No,High School,Near,Male,67,0.5116279069767441,False,True,False
18,61,Low,Yes,6,91,High,Yes,3,Medium,High,Public,Positive,3,No,College,Moderate,Female,80,0.3953488372093023,False,False,True
23,97,High,Yes,6,80,Low,Yes,1,Low,Low,Public,Negative,2,No,College,Moderate,Male,70,0.5116279069767441,False,False,True
22,83,Medium,No,8,99,Low,Yes,4,High,High,Public,Negative,4,Yes,High School,Near,Female,71,0.48837209302325585,True,False,False
14,72,Low,No,8,75,High,Yes,4,High,Medium,Private,Positive,2,Yes,College,Near,Male,64,0.3023255813953489,False,False,True
23,66,High,Yes,7,80,Medium,Yes,1,Medium,Medium,Public,Positive,3,No,College,Moderate,Female,68,0.5116279069767441,True,False,False
25,93,Medium,No,5,62,Medium,Yes,0,Low,Medium,Public,Neutral,3,No,High School,Far,Male,68,0.5581395348837209,False,False,True
21,93,Medium,Yes,6,67,Medium,No,1,High,Medium,Public,Positive,3,No,High School,Near,Female,69,0.46511627906976744,False,False,True
27,93,Low,Yes,7,84,Low,Yes,1,Medium,Medium,Private,Neutral,2,No,Postgraduate,Near,Male,72,0.6046511627906976,True,False,False
13,86,Medium,No,7,80,Medium,Yes,0,Low,Medium,Private,Negative,5,No,College,Near,Male,65,0.27906976744186046,False,False,True
23,75,Low,Yes,7,68,Medium,Yes,1,High,Low,Private,Neutral,4,Yes,High School,Near,Male,64,0.5116279069767441,False,True,False
13,72,High,No,8,56,Low,Yes,1,Low,High,Public,Positive,4,No,Postgraduate,Moderate,Female,64,0.27906976744186046,False,False,True
13,60,Medium,No,5,67,High,Yes,1,Low,Medium,Public,Positive,4,Yes,High School,Far,Male,58,0.27906976744186046,False,True,False
16,93,Medium,Yes,7,52,Low,Yes,2,Medium,High,Public,Neutral,3,No,High School,Near,Male,69,0.3488372093023256,True,False,False
14,63,Low,No,7,79,Medium,Yes,1,Low,Medium,Public,Neutral,3,No,High School,Near,Male,61,0.3023255813953489,True,False,False
17,85,High,Yes,6,66,Medium,Yes,0,Medium,High,Public,Neutral,2,No,College,Moderate,Female,68,0.37209302325581395,True,False,False
19,80,Medium,Yes,6,69,Low,Yes,1,Low,Low,Private,Neutral,4,Yes,College,Near,Male,66,0.4186046511627907,True,False,False
25,81,Medium,No,8,79,Low,Yes,1,Medium,Medium,Public,Neutral,4,No,College,Near,Female,68,0.5581395348837209,False,False,True
18,97,High,No,5,79,Low,Yes,2,Low,High,Public,Positive,3,No,College,Moderate,Male,70,0.3953488372093023,False,True,False
10,61,Low,Yes,10,79,Medium,Yes,4,High,High,Public,Positive,2,Yes,College,Moderate,Male,62,0.20930232558139533,True,False,False
27,91,Medium,No,8,75,Low,Yes,2,Medium,High,Private,Neutral,3,No,High School,Near,Male,71,0.6046511627906976,False,False,True
15,62,Medium,No,7,74,High,Yes,0,Low,High,Public,Negative,3,No,Postgraduate,Moderate,Female,61,0.32558139534883723,False,False,True
20,62,Medium,Yes,7,91,Low,Yes,1,Medium,Low,Public,Negative,3,No,College,Near,Male,64,0.4418604651162791,True,False,False
23,77,Low,No,8,73,Medium,Yes,1,Low,Low,Public,Positive,2,No,College,Near,Male,65,0.5116279069767441,False,False,True
21,63,Medium,Yes,6,77,Low,Yes,3,Medium,High,Public,Negative,1,No,High School,Near,Male,63,0.46511627906976744,False,True,False
27,92,Medium,Yes,6,99,Low,Yes,4,Low,Low,Private,Positive,3,No,High School,Near,Female,74,0.6046511627906976,True,False,False
23,81,High,No,9,59,Low,Yes,2,Medium,High,Public,Neutral,2,No,College,Near,Male,68,0.5116279069767441,False,False,True
15,61,Medium,Yes,6,86,High,Yes,2,High,High,Public,Neutral,3,No,High School,Near,Female,65,0.32558139534883723,True,False,False
33,62,Medium,No,7,74,Low,Yes,2,Medium,Medium,Public,Neutral,2,No,College,Moderate,Male,66,0.7441860465116279,False,False,True
21,85,High,Yes,6,92,Medium,Yes,1,Medium,High,Public,Neutral,2,Yes,High School,Moderate,Male,69,0.46511627906976744,False,False,True
19,92,Medium,Yes,7,70,Low,Yes,2,High,Medium,Private,Positive,2,No,College,Near,Male,69,0.4186046511627907,False,True,False
26,78,Medium,No,8,65,Medium,Yes,3,Medium,Medium,Public,Positive,3,No,College,Near,Female,70,0.5813953488372092,True,False,False
21,82,Medium,Yes,10,60,High,Yes,3,High,High,Public,Positive,4,No,High School,Near,Female,70,0.46511627906976744,False,False,True
22,92,Medium,Yes,6,94,Medium,Yes,1,Medium,Medium,Public,Positive,3,No,High School,Near,Male,71,0.48837209302325585,False,False,True
35,84,Medium,No,5,86,Medium,Yes,1,Medium,Medium,Public,Neutral,3,No,High School,Near,Female,72,0.7906976744186046,False,False,True
18,69,Low,No,7,54,Medium,Yes,1,Low,High,Public,Neutral,4,No,High School,Moderate,Male,61,0.3953488372093023,False,False,True
18,85,High,Yes,6,86,High,No,1,Medium,Medium,Private,Neutral,3,No,High School,Near,Female,68,0.3953488372093023,False,False,True
21,85,Low,Yes,7,52,Medium,Yes,3,Low,Medium,Private,Neutral,3,No,High School,Near,Male,66,0.46511627906976744,False,False,True
26,89,Medium,Yes,8,59,Low,Yes,1,Low,High,Public,Neutral,4,No,High School,Near,Male,70,0.5813953488372092,False,False,True
11,85,Low,No,10,80,Low,No,0,Low,High,Public,Positive,3,No,College,Near,Female,63,0.23255813953488375,False,False,True
8,99,High,Yes,6,73,Medium,Yes,1,Medium,Medium,Public,Positive,3,No,High School,Far,Female,68,0.16279069767441862,False,False,True
16,68,Medium,Yes,4,92,Medium,No,1,Medium,Medium,Public,Negative,4,No,College,Near,Male,62,0.3488372093023256,False,True,False
10,98,High,No,7,80,Low,Yes,3,Medium,Medium,Private,Neutral,3,No,College,Near,Male,69,0.20930232558139533,False,False,True
17,82,Medium,Yes,8,98,Medium,Yes,3,Medium,High,Public,Positive,4,No,High School,Moderate,Male,69,0.37209302325581395,False,False,True
23,87,Low,Yes,6,93,Medium,Yes,1,High,High,Private,Positive,4,No,Postgraduate,Near,Female,72,0.5116279069767441,False,False,True
15,64,Medium,Yes,7,67,Medium,Yes,2,Low,High,Public,Positive,3,No,High School,Near,Male,64,0.32558139534883723,True,False,False
11,75,Medium,No,7,92,Medium,No,2,Low,High,Public,Positive,4,No,College,Moderate,Female,63,0.23255813953488375,False,True,False
20,91,Medium,Yes,7,93,High,Yes,1,Low,Medium,Public,Negative,3,No,Postgraduate,Moderate,Male,70,0.4418604651162791,False,False,True
25,88,Medium,Yes,8,98,Low,No,1,Low,Low,Private,Neutral,4,No,Postgraduate,Near,Male,69,0.5581395348837209,False,True,False
10,62,High,No,7,51,Medium,Yes,1,Medium,High,Private,Positive,2,No,High School,Near,Male,61,0.20930232558139533,True,False,False
25,82,High,No,8,94,Low,Yes,2,Low,Medium,Public,Neutral,3,No,High School,Moderate,Male,70,0.5581395348837209,True,False,False
25,64,Medium,Yes,4,53,Low,Yes,1,Medium,Medium,Public,Neutral,2,No,College,Near,Male,64,0.5581395348837209,False,False,True
26,100,High,Yes,6,76,High,Yes,0,Medium,High,Public,Negative,4,No,Postgraduate,Near,Male,76,0.5813953488372092,True,False,False
27,96,Medium,Yes,6,71,Medium,Yes,2,Medium,Medium,Public,Neutral,2,No,College,Near,Female,73,0.6046511627906976,False,False,True
33,61,Low,Yes,5,96,Medium,Yes,2,Medium,Medium,Public,Negative,3,No,High School,Near,Male,67,0.7441860465116279,False,True,False
18,94,Medium,Yes,7,70,Medium,No,2,Medium,High,Public,Negative,3,No,College,Near,Female,69,0.3953488372093023,False,False,True
21,97,Medium,Yes,6,80,Low,Yes,2,Medium,Medium,Private,Positive,4,No,College,Near,Male,72,0.46511627906976744,False,False,True
18,74,Medium,No,6,85,Medium,Yes,4,Medium,Medium,Private,Negative,3,No,College,Moderate,Female,66,0.3953488372093023,False,False,True
20,89,Medium,Yes,8,51,Medium,Yes,3,Medium,High,Public,Positive,3,No,Postgraduate,Near,Female,70,0.4418604651162791,False,False,True
29,78,High,Yes,7,80,Medium,Yes,2,Medium,Medium,Public,Positive,4,No,Postgraduate,Near,Female,73,0.6511627906976744,False,False,True
12,86,Medium,Yes,5,76,Low,No,2,High,Medium,Public,Positive,3,No,Postgraduate,Near,Female,68,0.2558139534883721,True,False,False
15,74,High,No,6,80,Medium,Yes,2,High,Medium,Public,Negative,3,No,Postgraduate,Moderate,Male,66,0.32558139534883723,False,False,True
28,73,Medium,Yes,8,54,Medium,Yes,4,Medium,Medium,Private,Neutral,1,No,High School,Near,Female,67,0.627906976744186,False,True,False
26,77,Low,No,7,53,High,No,3,Medium,High,Private,Positive,3,No,High School,Near,Female,67,0.5813953488372092,False,False,True
18,66,High,Yes,9,59,Medium,No,0,Low,Medium,Private,Positive,3,No,High School,Near,Male,62,0.3953488372093023,False,False,True
25,93,Medium,No,8,93,Medium,Yes,2,Medium,Medium,Public,Positive,3,No,College,Near,Male,72,0.5581395348837209,False,True,False
22,74,High,Yes,6,68,Medium,Yes,0,Medium,Low,Public,Positive,4,No,High School,Far,Male,65,0.48837209302325585,False,True,False
29,76,Low,Yes,9,72,Medium,Yes,1,High,Medium,Public,Positive,3,No,High School,Near,Male,69,0.6511627906976744,False,False,True
20,96,High,No,9,70,Medium,Yes,2,Low,Low,Public,Positive,2,Yes,High School,Near,Male,69,0.4418604651162791,False,False,True
26,80,Medium,Yes,4,86,Medium,No,0,Low,Medium,Public,Positive,4,No,College,Moderate,Male,69,0.5813953488372092,True,False,False
36,82,Low,Yes,7,63,Medium,Yes,0,Medium,Medium,Private,Positive,3,No,High School,Near,Male,69,0.8139534883720929,False,True,False
24,98,Medium,Yes,6,53,Medium,Yes,1,Medium,Low,Public,Neutral,2,No,High School,Near,Female,69,0.5348837209302325,False,True,False
20,95,High,Yes,7,69,Low,Yes,0,Medium,High,Public,Neutral,3,No,High School,Near,Male,70,0.4418604651162791,False,False,True
24,67,Low,No,6,86,Medium,Yes,6,Low,Medium,Private,Positive,3,Yes,Postgraduate,Moderate,Female,67,0.5348837209302325,True,False,False
18,79,High,Yes,6,96,Medium,Yes,3,Medium,Low,Public,Positive,3,Yes,Postgraduate,Near,Male,69,0.3953488372093023,False,False,True
34,99,Medium,Yes,8,53,Medium,Yes,0,Medium,High,Public,Neutral,5,No,College,Near,Male,75,0.7674418604651162,False,False,True
21,75,Medium,Yes,5,91,Medium,Yes,2,Low,Low,Public,Neutral,3,No,High School,Near,Male,66,0.46511627906976744,False,True,False
18,75,Low,Yes,7,53,Medium,Yes,0,High,High,Public,Neutral,2,No,High School,Near,Male,63,0.3953488372093023,False,False,True
15,68,Medium,Yes,5,67,Medium,Yes,3,Medium,High,Private,Negative,4,No,Postgraduate,Moderate,Male,64,0.32558139534883723,False,False,True
27,65,Medium,Yes,9,51,Medium,Yes,2,High,Medium,Private,Positive,2,No,Postgraduate,Moderate,Female,66,0.6046511627906976,False,False,True
25,90,Medium,Yes,7,96,Medium,Yes,1,Medium,Medium,Public,Positive,4,No,College,Moderate,Male,72,0.5581395348837209,False,False,True
17,91,High,No,8,85,High,Yes,3,Medium,High,Public,Neutral,4,No,College,Moderate,Female,71,0.37209302325581395,False,False,True
23,99,Medium,Yes,7,68,Medium,Yes,0,High,High,Private,Positive,2,No,High School,Far,Male,70,0.5116279069767441,False,True,False
11,91,Medium,No,7,69,Medium,Yes,2,Low,Medium,Private,Positive,2,No,College,Near,Male,67,0.23255813953488375,True,False,False
21,70,Low,No,7,82,High,Yes,0,High,High,Public,Positive,3,No,High School,Near,Female,65,0.46511627906976744,False,False,True
23,62,High,Yes,9,54,Low,Yes,3,Low,Medium,Private,Neutral,4,No,High School,Near,Male,65,0.5116279069767441,True,False,False
30,99,Medium,Yes,6,57,Medium,Yes,0,Low,Medium,Public,Neutral,4,No,Postgraduate,Near,Male,73,0.6744186046511628,False,False,True
15,74,Medium,Yes,4,92,Low,Yes,1,Medium,Medium,Private,Positive,3,No,Postgraduate,Near,Male,66,0.32558139534883723,False,False,True
12,72,Medium,Yes,6,60,High,Yes,0,Low,Medium,Public,Neutral,4,No,Postgraduate,Near,Male,62,0.2558139534883721,False,True,False
15,96,High,No,5,86,Medium,Yes,2,High,Medium,Private,Positive,2,No,High School,Near,Male,71,0.32558139534883723,False,False,True
12,83,High,No,8,61,Medium,Yes,3,High,Medium,Public,Neutral,5,Yes,High School,Near,Male,66,0.2558139534883721,False,False,True
28,69,High,Yes,7,54,Low,No,1,Low,Medium,Public,Neutral,2,No,College,Far,Male,65,0.627906976744186,True,False,False
29,96,High,Yes,8,95,Medium,Yes,0,High,Medium,Private,Positive,2,No,High School,Near,Female,75,0.6511627906976744,False,False,True
22,100,Medium,No,7,95,Medium,Yes,2,Low,Medium,Public,Positive,4,No,College,Near,Male,74,0.48837209302325585,True,False,False
27,63,Low,Yes,7,80,High,Yes,1,Medium,High,Private,Neutral,3,No,High School,Moderate,Male,65,0.6046511627906976,False,False,True
21,94,Medium,No,7,73,Low,Yes,2,Low,Medium,Private,Positive,3,No,Postgraduate,Near,Female,71,0.46511627906976744,False,False,True
19,76,Low,Yes,9,78,Low,Yes,1,Low,Medium,Public,Negative,1,No,Postgraduate,Near,Female,65,0.4186046511627907,True,False,False
18,81,Low,Yes,7,70,High,Yes,0,Low,Medium,Private,Neutral,2,No,College,Near,Male,65,0.3953488372093023,False,False,True
18,97,Low,No,9,88,Medium,Yes,0,Low,Medium,Public,Neutral,4,No,High School,Moderate,Female,67,0.3953488372093023,False,False,True
11,99,Low,Yes,9,88,Medium,Yes,2,Low,Medium,Public,Neutral,2,No,High School,Moderate,Male,67,0.23255813953488375,False,False,True
22,70,Medium,No,7,91,Medium,Yes,2,Medium,Medium,Public,Positive,1,No,High School,Near,Male,66,0.48837209302325585,False,False,True
20,69,Medium,Yes,7,76,High,Yes,1,Medium,Medium,Public,Positive,3,No,High School,Near,Female,67,0.4418604651162791,True,False,False
24,63,Medium,No,6,90,Medium,No,2,Low,Medium,Private,Neutral,5,No,Postgraduate,Near,Female,66,0.5348837209302325,False,False,True
21,82,High,No,9,58,Medium,Yes,0,Medium,Medium,Public,Negative,2,No,High School,Near,Male,65,0.46511627906976744,False,True,False
19,61,Medium,Yes,6,52,Low,No,1,Low,Medium,Public,Neutral,3,No,High School,Far,Female,59,0.4186046511627907,True,False,False
15,76,High,Yes,6,82,Medium,Yes,4,Low,High,Private,Positive,4,No,High School,Moderate,Female,69,0.32558139534883723,True,False,False
20,63,Medium,No,7,55,High,Yes,2,Low,High,Public,Negative,3,No,High School,Near,Male,63,0.4418604651162791,False,False,True
24,76,Medium,No,5,78,High,Yes,1,Medium,Medium,Private,Neutral,4,Yes,High School,Moderate,Male,65,0.5348837209302325,False,True,False
13,62,Low,No,6,86,High,Yes,2,Low,Medium,Public,Neutral,4,No,High School,Near,Male,61,0.27906976744186046,False,False,True
21,93,Medium,No,9,70,Medium,Yes,0,Medium,High,Public,Neutral,1,No,Postgraduate,Far,Female,68,0.46511627906976744,False,True,False
21,68,High,Yes,8,52,Medium,Yes,3,Low,Medium,Public,Neutral,2,No,College,Moderate,Male,65,0.46511627906976744,False,False,True
16,73,Low,No,6,94,Medium,No,1,Low,Medium,Private,Negative,2,No,College,Near,Female,61,0.3488372093023256,False,True,False
16,95,High,Yes,8,52,Medium,Yes,0,Low,Medium,Private,Positive,3,No,Postgraduate,Moderate,Male,69,0.3488372093023256,False,False,True
21,90,Medium,Yes,10,95,High,Yes,2,High,High,Private,Neutral,4,No,College,Near,Male,72,0.46511627906976744,False,True,False
13,69,Low,Yes,7,53,High,No,2,Medium,Medium,Private,Negative,3,Yes,High School,Near,Female,59,0.27906976744186046,False,False,True
22,63,Medium,No,9,87,Low,Yes,0,High,High,Public,Negative,2,No,College,Moderate,Female,63,0.48837209302325585,False,False,True
15,89,Medium,Yes,8,96,High,Yes,3,Low,High,Public,Negative,3,No,High School,Near,Male,69,0.32558139534883723,False,False,True
26,76,Low,No,7,95,High,Yes,1,Low,High,Public,Neutral,1,No,Postgraduate,Near,Male,67,0.5813953488372092,False,True,False
34,91,Medium,No,7,95,Medium,No,1,Medium,Medium,Public,Negative,3,Yes,College,Moderate,Male,70,0.7674418604651162,False,True,False
15,78,High,No,8,94,High,Yes,0,Low,Medium,Private,Positive,4,No,Postgraduate,Moderate,Male,67,0.32558139534883723,False,False,True
23,74,Medium,Yes,6,76,Medium,No,1,Low,Medium,Public,Positive,2,No,College,Near,Male,66,0.5116279069767441,False,False,True
16,78,Medium,Yes,4,78,Medium,Yes,5,High,Medium,Public,Positive,3,No,High School,Near,Female,68,0.3488372093023256,False,False,True
26,90,High,Yes,6,81,Medium,Yes,1,Low,Medium,Private,Neutral,3,No,Postgraduate,Near,Male,71,0.5813953488372092,False,True,False
12,96,Medium,No,4,95,Medium,Yes,3,Medium,Medium,Private,Neutral,0,Yes,High School,Near,Male,69,0.2558139534883721,True,False,False
23,62,Medium,Yes,6,92,Low,Yes,0,High,Medium,Public,Neutral,2,No,High School,Moderate,Male,65,0.5116279069767441,True,False,False
15,81,Medium,No,4,89,High,Yes,0,Low,Medium,Private,Negative,3,No,Postgraduate,Near,Female,66,0.32558139534883723,False,False,True
19,61,High,Yes,8,84,High,Yes,2,Medium,High,Public,Positive,4,No,High School,Near,Male,66,0.4186046511627907,False,False,True
14,79,Medium,No,5,81,High,Yes,3,High,Medium,Public,Negative,3,No,High School,Near,Female,67,0.3023255813953489,True,False,False
25,95,Medium,Yes,8,96,Low,Yes,1,Medium,Medium,Public,Neutral,4,No,Postgraduate,Near,Male,74,0.5581395348837209,True,False,False
15,74,High,No,8,60,Low,Yes,3,Low,Medium,Public,Positive,5,No,High School,Moderate,Male,66,0.32558139534883723,True,False,False
23,97,High,Yes,8,60,Medium,Yes,1,Medium,High,Public,Neutral,3,No,College,Near,Male,72,0.5116279069767441,False,False,True
18,85,Low,Yes,4,99,High,Yes,0,Low,Medium,Private,Neutral,4,No,College,Near,Male,69,0.3953488372093023,True,False,False
19,97,High,No,9,78,Medium,Yes,0,Medium,Medium,Private,Negative,4,No,High School,Moderate,Female,68,0.4186046511627907,False,True,False
21,90,High,Yes,8,74,Medium,Yes,4,Low,Medium,Private,Neutral,3,No,High School,Near,Male,71,0.46511627906976744,False,False,True
15,64,Medium,No,8,93,Medium,Yes,0,Low,Medium,Public,Negative,2,No,High School,Near,Female,61,0.32558139534883723,False,False,True
21,69,Medium,Yes,10,92,Low,Yes,2,Low,Medium,Private,Neutral,3,No,High School,Near,Male,65,0.46511627906976744,False,False,True
29,76,High,Yes,8,59,Medium,Yes,4,Low,High,Public,Neutral,2,No,Postgraduate,Near,Male,71,0.6511627906976744,False,False,True
15,67,Medium,Yes,5,59,Low,Yes,0,Low,Medium,Private,Neutral,3,No,High School,Near,Male,59,0.32558139534883723,False,True,False
27,80,Medium,No,8,90,Low,Yes,1,Medium,High,Public,Neutral,3,No,Postgraduate,Near,Female,71,0.6046511627906976,True,False,False
29,79,High,No,5,89,Medium,Yes,0,High,High,Public,Neutral,3,No,Postgraduate,Near,Female,72,0.6511627906976744,False,False,True
15,98,High,Yes,7,61,Medium,Yes,1,Low,High,Private,Positive,3,No,College,Moderate,Female,71,0.32558139534883723,True,False,False
11,77,Low,Yes,6,92,Low,Yes,0,Low,Medium,Public,Neutral,5,No,High School,Near,Male,61,0.23255813953488375,False,True,False
22,91,Medium,No,7,74,Medium,Yes,1,Medium,Medium,Private,Negative,2,Yes,College,Moderate,Female,67,0.48837209302325585,False,False,True
17,98,Medium,No,5,73,Low,Yes,0,Low,High,Public,Negative,2,No,College,Moderate,Male,67,0.37209302325581395,False,False,True
31,95,Medium,No,5,99,Medium,Yes,1,Medium,Medium,Private,Neutral,4,No,High School,Near,Female,74,0.6976744186046511,False,False,True
20,68,High,No,6,76,Low,Yes,2,Medium,Medium,Public,Neutral,3,No,High School,Near,Female,66,0.4418604651162791,True,False,False
15,80,Medium,Yes,7,57,Low,Yes,1,Low,Medium,Private,Negative,4,No,High School,Near,Male,63,0.32558139534883723,False,False,True
13,74,Medium,No,6,64,Low,Yes,4,High,High,Private,Neutral,3,Yes,High School,Near,Male,63,0.27906976744186046,False,False,True
27,76,High,No,9,67,Medium,Yes,1,Low,Medium,Public,Positive,4,No,High School,Far,Female,68,0.6046511627906976,True,False,False
17,74,Low,Yes,8,98,Low,Yes,1,High,High,Public,Neutral,3,No,High School,Near,Female,65,0.37209302325581395,False,False,True
20,93,Low,No,8,63,Medium,Yes,0,Low,High,Public,Negative,3,No,High School,Moderate,Male,66,0.4418604651162791,False,False,True
26,78,Medium,No,6,72,Medium,Yes,1,Low,Medium,Private,Neutral,3,No,High School,Moderate,Female,67,0.5813953488372092,False,False,True
17,81,Medium,No,5,87,High,Yes,0,Low,High,Private,Neutral,2,No,College,Near,Female,67,0.37209302325581395,False,False,True
20,99,Low,Yes,7,64,High,Yes,0,Medium,Medium,Public,Positive,4,No,High School,Near,Male,70,0.4418604651162791,False,False,True
20,62,Medium,Yes,10,85,High,Yes,5,Low,Medium,Private,Neutral,4,No,High School,Near,Male,65,0.4418604651162791,False,True,False
24,80,Medium,Yes,7,60,Medium,Yes,1,High,High,Public,Positive,3,No,High School,Moderate,Female,68,0.5348837209302325,False,False,True
24,91,High,Yes,9,62,Low,Yes,3,Low,Medium,Public,Negative,4,No,College,Moderate,Male,70,0.5348837209302325,False,False,True
19,66,Low,No,9,99,Medium,Yes,1,Medium,Medium,Public,Positive,3,No,College,Near,Male,66,0.4186046511627907,True,False,False
20,84,Medium,Yes,8,68,Medium,Yes,0,Low,Medium,Private,Positive,4,No,Postgraduate,Near,Male,69,0.4418604651162791,True,False,False
18,70,Medium,No,7,86,Medium,Yes,1,High,Medium,Public,Positive,2,No,High School,Near,Female,65,0.3953488372093023,False,False,True
11,95,Medium,Yes,6,92,Medium,No,2,Medium,Low,Public,Neutral,3,No,Postgraduate,Moderate,Female,68,0.23255813953488375,False,False,True
22,73,Medium,Yes,7,67,Medium,Yes,3,High,Medium,Private,Positive,2,No,High School,Far,Male,65,0.48837209302325585,False,True,False
31,73,High,Yes,6,68,High,Yes,1,Medium,Medium,Public,Positive,3,No,High School,Near,Female,70,0.6976744186046511,False,False,True
15,84,Low,Yes,7,89,High,Yes,1,Low,High,Public,Neutral,3,No,High School,Near,Female,65,0.32558139534883723,False,True,False
15,67,Medium,Yes,5,80,High,Yes,3,Medium,High,Public,Neutral,4,No,College,Near,Male,67,0.32558139534883723,True,False,False
15,71,Low,No,6,68,Low,No,5,Low,Medium,Public,Positive,4,No,College,Near,Female,64,0.32558139534883723,True,False,False
24,77,Medium,No,8,87,High,Yes,2,Low,Medium,Public,Positive,1,Yes,Postgraduate,Moderate,Female,68,0.5348837209302325,False,False,True
23,74,High,Yes,6,93,Medium,Yes,4,High,Medium,Private,Neutral,3,No,High School,Near,Female,70,0.5116279069767441,False,False,True
19,81,High,Yes,6,62,Medium,No,1,Medium,Low,Public,Negative,3,No,High School,Moderate,Female,64,0.4186046511627907,False,True,False
14,84,Medium,No,6,51,Low,Yes,4,High,Medium,Public,Neutral,3,No,High School,Near,Male,67,0.3023255813953489,True,False,False
21,83,High,No,7,64,Medium,Yes,2,Medium,Low,Private,Neutral,2,No,High School,Near,Male,68,0.46511627906976744,True,False,False
11,86,Medium,Yes,4,84,Medium,Yes,5,Low,High,Public,Neutral,4,Yes,High School,Near,Male,67,0.23255813953488375,False,False,True
21,72,Low,Yes,6,96,Low,Yes,4,High,Medium,Public,Positive,2,Yes,College,Moderate,Female,66,0.46511627906976744,False,False,True
25,65,High,Yes,8,93,Low,No,2,Medium,Medium,Public,Negative,3,No,College,Moderate,Female,66,0.5581395348837209,False,False,True
12,90,Low,Yes,7,61,Medium,Yes,2,Low,High,Private,Positive,2,No,High School,Near,Male,66,0.2558139534883721,False,False,True
11,94,Low,Yes,8,94,Medium,Yes,2,Low,Medium,Public,Positive,2,No,College,Near,Male,67,0.23255813953488375,False,True,False
29,70,Medium,Yes,4,91,Low,Yes,2,Low,Medium,Public,Positive,3,No,College,Near,Male,69,0.6511627906976744,False,False,True
16,76,Medium,No,6,87,Medium,Yes,3,Low,Medium,Private,Neutral,4,No,College,Near,Female,65,0.3488372093023256,False,True,False
27,80,Low,Yes,7,84,Low,Yes,4,Low,Medium,Public,Positive,3,No,College,Moderate,Male,68,0.6046511627906976,False,True,False
19,81,High,No,8,90,Medium,Yes,2,Low,Medium,Private,Neutral,3,No,High School,Near,Female,67,0.4186046511627907,False,True,False
19,86,Medium,Yes,9,93,Low,Yes,1,Low,High,Public,Positive,3,No,College,Near,Male,69,0.4186046511627907,False,False,True
23,62,Medium,No,8,91,High,No,3,High,Low,Public,Neutral,3,No,High School,Moderate,Male,64,0.5116279069767441,False,False,True
15,89,Medium,No,6,56,Low,Yes,2,Medium,Medium,Public,Positive,4,No,College,Near,Male,67,0.32558139534883723,False,False,True
21,62,Medium,No,6,86,Medium,Yes,2,Medium,High,Private,Positive,4,No,High School,Near,Female,67,0.46511627906976744,True,False,False
18,79,High,No,9,92,Low,Yes,1,Low,Medium,Private,Neutral,3,No,College,Near,Male,67,0.3953488372093023,False,False,True
12,93,High,No,6,59,Medium,Yes,2,Low,Medium,Private,Positive,3,No,High School,Moderate,Female,67,0.2558139534883721,False,False,True
22,78,High,Yes,5,61,Low,Yes,2,Low,Medium,Public,Neutral,4,No,College,Near,Male,68,0.48837209302325585,False,False,True
18,66,Medium,Yes,7,89,High,Yes,4,Low,Medium,Public,Positive,3,Yes,High School,Near,Male,65,0.3953488372093023,False,False,True
19,99,High,No,9,67,Low,Yes,3,High,Medium,Public,Neutral,1,No,College,Moderate,Male,70,0.4186046511627907,False,True,False
13,96,Medium,No,6,70,Medium,Yes,1,Low,High,Public,Neutral,3,No,College,Near,Female,68,0.27906976744186046,False,False,True
30,91,Low,Yes,6,69,Medium,Yes,2,Medium,High,Public,Negative,4,No,High School,Moderate,Female,72,0.6744186046511628,True,False,False
25,76,High,No,6,61,Medium,Yes,1,Medium,Medium,Public,Neutral,3,No,Postgraduate,Far,Male,67,0.5581395348837209,False,False,True
26,67,Low,Yes,8,97,Medium,Yes,2,Medium,Medium,Public,Neutral,0,No,High School,Moderate,Female,66,0.5813953488372092,True,False,False
18,98,Low,Yes,7,90,Low,Yes,0,High,High,Private,Positive,1,No,High School,Moderate,Male,68,0.3953488372093023,False,True,False
10,81,High,No,8,63,Medium,Yes,1,Low,Low,Public,Neutral,2,No,High School,Near,Male,64,0.20930232558139533,False,False,True
32,94,High,Yes,9,55,High,Yes,4,Medium,Medium,Private,Positive,2,Yes,High School,Near,Male,75,0.7209302325581395,False,False,True
20,74,Low,Yes,5,69,High,Yes,1,Medium,Medium,Public,Positive,4,No,College,Moderate,Female,66,0.4418604651162791,True,False,False
16,73,High,Yes,6,71,Medium,Yes,0,Low,Medium,Public,Positive,4,No,Postgraduate,Near,Male,67,0.3488372093023256,True,False,False
23,99,High,No,6,50,Medium,No,1,High,Medium,Private,Neutral,5,Yes,High School,Near,Male,71,0.5116279069767441,True,False,False
27,81,High,No,7,94,Low,Yes,0,Low,Medium,Public,Neutral,4,No,College,Moderate,Male,68,0.6046511627906976,False,True,False
20,66,Medium,Yes,8,93,Medium,Yes,2,Low,High,Public,Neutral,3,No,High School,Near,Male,65,0.4418604651162791,False,False,True
28,69,High,Yes,6,93,Low,Yes,0,High,Low,Public,Negative,3,No,College,Near,Male,67,0.627906976744186,False,True,False
26,79,High,Yes,6,90,Low,No,0,High,Medium,Private,Negative,2,Yes,College,Moderate,Male,66,0.5813953488372092,False,True,False
14,62,Medium,No,8,87,Medium,Yes,1,Medium,Medium,Public,Positive,1,No,High School,Moderate,Male,60,0.3023255813953489,False,True,False
16,79,Medium,No,8,82,Low,Yes,2,Low,Medium,Private,Neutral,3,Yes,Postgraduate,Moderate,Female,64,0.3488372093023256,False,False,True
26,77,Medium,Yes,7,98,Low,Yes,0,High,Medium,Public,Neutral,1,No,Postgraduate,Near,Male,69,0.5813953488372092,False,False,True
4,91,Medium,No,4,86,Low,Yes,3,Low,Medium,Private,Neutral,4,Yes,College,Moderate,Male,64,0.06976744186046512,False,False,True
19,74,High,No,9,82,High,Yes,2,Low,Medium,Private,Neutral,3,No,High School,Moderate,Male,66,0.4186046511627907,False,False,True
11,99,Medium,Yes,7,89,High,Yes,3,Low,Medium,Public,Positive,3,No,College,Near,Male,72,0.23255813953488375,True,False,False
17,67,Low,Yes,7,62,Medium,Yes,0,Low,Medium,Public,Positive,4,No,High School,Moderate,Female,60,0.37209302325581395,False,True,False
18,84,High,Yes,6,98,Low,Yes,3,Medium,Medium,Public,Positive,3,No,High School,Near,Male,69,0.3953488372093023,False,True,False
18,64,Medium,Yes,6,51,Medium,Yes,2,Low,Medium,Public,Positive,1,No,High School,Near,Female,62,0.3953488372093023,False,False,True
17,89,Medium,Yes,6,82,Medium,Yes,3,Medium,Medium,Private,Positive,3,No,College,Near,Female,70,0.37209302325581395,False,False,True
13,100,Low,Yes,4,54,Low,Yes,3,Low,Low,Public,Positive,2,No,High School,Near,Female,65,0.27906976744186046,False,True,False
34,93,Medium,Yes,6,93,High,Yes,2,Low,High,Public,Neutral,4,No,High School,Near,Male,77,0.7674418604651162,True,False,False
31,82,High,Yes,5,98,Medium,Yes,0,Low,Low,Public,Neutral,3,No,High School,Near,Male,71,0.6976744186046511,False,False,True
13,79,High,No,7,70,High,Yes,4,Low,Medium,Public,Positive,3,Yes,High School,Near,Female,66,0.27906976744186046,False,False,True
29,93,Medium,No,5,93,Medium,Yes,2,Low,Medium,Public,Positive,3,No,Postgraduate,Near,Female,74,0.6511627906976744,False,False,True
18,97,High,No,8,67,Medium,Yes,1,Medium,High,Public,Neutral,3,No,High School,Near,Male,70,0.3953488372093023,False,False,True
21,100,Medium,No,5,58,Medium,Yes,2,Medium,Medium,Private,Neutral,2,No,High School,Moderate,Male,69,0.46511627906976744,False,False,True
20,76,Medium,No,9,64,Low,Yes,2,Low,Medium,Public,Negative,2,No,College,Moderate,Male,64,0.4418604651162791,False,False,True
16,100,Medium,Yes,8,65,High,Yes,1,High,Medium,Public,Positive,2,Yes,College,Moderate,Female,69,0.3488372093023256,False,False,True
26,66,High,Yes,5,82,Medium,Yes,1,Low,Medium,Public,Neutral,3,No,High School,Near,Female,68,0.5813953488372092,True,False,False
21,70,Low,Yes,7,90,Medium,No,1,Low,Medium,Public,Neutral,4,No,High School,Moderate,Male,63,0.46511627906976744,False,False,True
17,64,Medium,Yes,6,60,Medium,Yes,1,Medium,Medium,Private,Positive,2,Yes,High School,Near,Male,61,0.37209302325581395,False,False,True
12,71,Medium,No,8,54,Medium,Yes,0,Low,Low,Public,Positive,5,No,College,Near,Male,61,0.2558139534883721,False,False,True
15,91,Low,Yes,10,61,Medium,Yes,0,Low,High,Public,Neutral,4,No,High School,Moderate,Male,65,0.32558139534883723,False,False,True
10,94,High,No,9,65,Medium,Yes,3,Low,Low,Private,Negative,2,No,High School,Moderate,Female,65,0.20930232558139533,False,False,True
20,91,Medium,Yes,6,64,High,Yes,0,High,Medium,Private,Positive,3,Yes,High School,Moderate,Female,69,0.4418604651162791,True,False,False
13,85,High,Yes,7,61,High,Yes,3,Medium,High,Public,Positive,2,No,High School,Moderate,Female,69,0.27906976744186046,True,False,False
18,81,Medium,No,9,73,Medium,Yes,1,High,Medium,Public,Negative,2,No,High School,Near,Male,65,0.3953488372093023,False,True,False
28,88,High,Yes,8,93,Medium,Yes,3,Low,Medium,Public,Negative,1,No,Postgraduate,Moderate,Female,72,0.627906976744186,False,True,False
27,76,High,Yes,9,55,Medium,Yes,3,Low,Medium,Private,Neutral,0,No,High School,Moderate,Female,69,0.6046511627906976,True,False,False
20,94,Medium,Yes,8,93,Low,Yes,1,Medium,Medium,Public,Neutral,3,No,College,Moderate,Female,71,0.4418604651162791,True,False,False
19,87,Medium,Yes,7,75,Medium,Yes,2,Low,Low,Public,Negative,3,No,High School,Moderate,Female,67,0.4186046511627907,False,False,True
31,88,High,No,7,83,Medium,Yes,0,Low,Medium,Private,Neutral,2,No,High School,Near,Male,72,0.6976744186046511,False,False,True
23,81,High,No,5,91,Low,Yes,0,High,High,Public,Positive,3,Yes,High School,Near,Female,70,0.5116279069767441,True,False,False
18,95,Medium,Yes,6,65,High,Yes,1,Low,High,Public,Negative,3,No,High School,Near,Female,68,0.3953488372093023,False,True,False
11,70,Medium,No,6,98,Medium,Yes,3,High,Medium,Private,Neutral,4,No,Postgraduate,Near,Female,66,0.23255813953488375,False,False,True
22,75,High,No,6,54,Low,Yes,4,Low,High,Public,Positive,4,No,High School,Near,Male,68,0.48837209302325585,False,False,True
25,91,Low,Yes,7,76,Low,Yes,1,Low,High,Private,Positive,3,No,College,Near,Female,71,0.5581395348837209,True,False,False
16,80,Medium,Yes,7,63,High,Yes,2,Low,Medium,Private,Neutral,3,No,High School,Far,Male,63,0.3488372093023256,False,True,False
22,96,High,No,7,70,Medium,No,2,Medium,Medium,Private,Negative,4,No,College,Moderate,Male,70,0.48837209302325585,False,False,True
18,74,High,No,8,72,High,Yes,1,Low,High,Public,Negative,2,No,College,Moderate,Male,65,0.3953488372093023,False,False,True
19,75,High,Yes,6,96,Medium,Yes,2,Medium,Medium,Public,Positive,4,No,High School,Near,Female,70,0.4186046511627907,True,False,False
5,96,Low,Yes,8,72,Low,Yes,3,Medium,Medium,Public,Negative,5,No,High School,Near,Male,65,0.09302325581395349,False,False,True
19,79,High,Yes,9,85,Medium,Yes,0,Medium,Medium,Public,Positive,2,No,High School,Moderate,Male,68,0.4186046511627907,True,False,False
26,81,Medium,Yes,8,98,Low,Yes,1,Medium,Low,Private,Neutral,2,Yes,High School,Near,Female,69,0.5813953488372092,True,False,False
16,73,Medium,Yes,6,75,High,Yes,3,Medium,Medium,Public,Positive,3,No,High School,Moderate,Female,66,0.3488372093023256,False,False,True
20,71,Medium,No,8,70,Medium,Yes,0,Medium,High,Private,Neutral,3,No,High School,Far,Female,62,0.4418604651162791,False,True,False
15,86,High,No,8,99,High,Yes,2,Medium,Medium,Public,Neutral,5,No,High School,Near,Male,70,0.32558139534883723,False,False,True
22,65,Low,No,8,91,Medium,Yes,2,High,Medium,Public,Negative,2,No,College,Moderate,Female,65,0.48837209302325585,True,False,False
19,95,High,Yes,9,97,Low,Yes,0,Medium,Medium,Public,Neutral,2,No,Postgraduate,Near,Male,71,0.4186046511627907,False,True,False
14,91,High,Yes,8,70,Medium,Yes,2,Low,Medium,Private,Neutral,0,No,Postgraduate,Moderate,Male,68,0.3023255813953489,False,False,True
28,68,Low,Yes,9,85,Medium,Yes,0,Medium,Medium,Public,Negative,3,No,Postgraduate,Near,Male,65,0.627906976744186,False,True,False
26,88,High,Yes,7,62,High,No,1,High,High,Private,Positive,2,No,High School,Near,Female,70,0.5813953488372092,False,True,False
16,84,High,Yes,6,93,Medium,Yes,0,High,Medium,Public,Positive,3,No,High School,Moderate,Male,69,0.3488372093023256,False,False,True
23,67,Low,Yes,9,97,Medium,Yes,1,Medium,Medium,Private,Positive,3,No,College,Moderate,Male,66,0.5116279069767441,False,False,True
23,71,Medium,Yes,6,63,Low,Yes,1,Low,High,Public,Positive,5,No,High School,Moderate,Male,66,0.5116279069767441,False,False,True
24,76,Medium,No,10,55,Low,Yes,2,Low,Medium,Public,Positive,4,No,High School,Near,Male,67,0.5348837209302325,True,False,False
10,88,Medium,No,9,60,Medium,Yes,1,Low,Medium,Public,Positive,3,No,High School,Moderate,Female,63,0.20930232558139533,False,True,False
26,86,High,Yes,7,82,Medium,Yes,2,Low,Medium,Private,Positive,3,No,High School,Moderate,Female,70,0.5813953488372092,False,True,False
17,81,Medium,No,9,64,Medium,Yes,0,High,Medium,Public,Positive,3,Yes,High School,Far,Male,65,0.37209302325581395,True,False,False
18,91,High,No,8,82,Medium,Yes,3,Medium,Medium,Private,Positive,2,No,High School,Moderate,Male,70,0.3953488372093023,False,False,True
36,90,High,Yes,5,68,Low,Yes,1,Low,High,Public,Positive,2,No,High School,Moderate,Male,74,0.8139534883720929,False,False,True
22,85,Medium,Yes,6,96,Medium,Yes,0,Low,Medium,Public,Neutral,3,No,High School,Moderate,Female,69,0.48837209302325585,True,False,False
18,91,Medium,No,7,73,Low,Yes,0,Low,Medium,Public,Negative,4,No,College,Near,Male,68,0.3953488372093023,True,False,False
7,73,Medium,Yes,7,75,Medium,Yes,1,High,High,Private,Positive,3,No,College,Near,Male,64,0.13953488372093026,False,False,True
28,95,Medium,No,9,67,Low,Yes,2,Medium,Medium,Public,Neutral,3,No,High School,Near,Male,73,0.627906976744186,True,False,False
12,85,Medium,Yes,7,54,Medium,Yes,4,Low,High,Public,Positive,3,No,College,Moderate,Male,66,0.2558139534883721,False,False,True
14,93,Low,Yes,5,75,Low,Yes,0,Medium,High,Public,Negative,3,No,High School,Moderate,Male,65,0.3023255813953489,False,False,True
18,82,Low,Yes,6,89,High,Yes,0,Medium,Medium,Private,Positive,1,Yes,College,Moderate,Male,66,0.3953488372093023,True,False,False
28,69,Low,No,8,98,Medium,Yes,0,Medium,Medium,Public,Positive,5,No,High School,Near,Male,67,0.627906976744186,False,False,True
25,82,High,No,4,54,Medium,Yes,0,Medium,Medium,Public,Neutral,3,No,High School,Near,Male,67,0.5581395348837209,False,False,True
19,75,Medium,Yes,5,90,High,Yes,0,Medium,Medium,Private,Negative,3,No,Postgraduate,Near,Female,66,0.4186046511627907,False,False,True
22,88,Low,Yes,6,63,Low,Yes,3,Low,Medium,Public,Positive,3,No,Postgraduate,Near,Male,69,0.48837209302325585,False,False,True
16,79,Medium,Yes,8,91,Medium,Yes,4,High,Medium,Private,Positive,1,No,Postgraduate,Near,Male,69,0.3488372093023256,False,False,True
21,93,Low,No,7,67,High,Yes,2,Low,Medium,Public,Neutral,3,No,College,Far,Female,68,0.46511627906976744,False,False,True
20,87,Low,No,8,56,Medium,No,1,High,Medium,Public,Negative,1,No,College,Near,Female,64,0.4418604651162791,False,True,False
26,87,Medium,Yes,7,81,Medium,Yes,1,High,Medium,Public,Negative,2,No,High School,Near,Male,70,0.5813953488372092,False,False,True
26,69,Medium,No,7,95,Medium,Yes,1,Low,Medium,Public,Negative,4,No,Postgraduate,Near,Female,67,0.5813953488372092,False,False,True
23,99,Low,No,6,59,Medium,Yes,1,Medium,Medium,Public,Positive,3,No,High School,Far,Male,68,0.5116279069767441,False,True,False
18,94,Medium,Yes,8,51,Medium,Yes,0,High,Medium,Public,Positive,3,Yes,College,Moderate,Female,67,0.3953488372093023,False,False,True
24,92,Medium,Yes,5,94,Low,Yes,1,Medium,Medium,Public,Neutral,2,No,Postgraduate,Near,Female,73,0.5348837209302325,True,False,False
19,73,Medium,Yes,7,85,Medium,Yes,1,Medium,Medium,Public,Neutral,3,No,High School,Far,Male,65,0.4186046511627907,False,False,True
14,81,High,No,9,90,Medium,Yes,3,High,High,Public,Neutral,3,No,Postgraduate,Near,Male,69,0.3023255813953489,False,False,True
18,65,Medium,Yes,6,53,Medium,Yes,1,Medium,Medium,Private,Positive,3,Yes,Postgraduate,Near,Male,63,0.3953488372093023,False,False,True
21,82,Medium,No,5,95,Medium,Yes,3,Low,Low,Public,Positive,4,No,High School,Near,Female,68,0.46511627906976744,False,False,True
25,66,High,No,4,71,High,Yes,0,Medium,Medium,Public,Negative,3,Yes,High School,Near,Female,64,0.5581395348837209,False,False,True
19,82,High,No,8,95,Medium,Yes,2,Low,High,Public,Neutral,4,Yes,Postgraduate,Moderate,Female,68,0.4186046511627907,False,True,False
13,86,High,Yes,8,53,Medium,Yes,2,Low,High,Public,Positive,4,No,High School,Far,Male,66,0.27906976744186046,False,False,True
20,76,Medium,No,6,94,Low,Yes,2,Low,High,Public,Neutral,3,Yes,High School,Moderate,Male,65,0.4418604651162791,False,False,True
21,80,Medium,Yes,5,84,Low,Yes,4,Low,Medium,Private,Neutral,2,No,Postgraduate,Near,Female,69,0.46511627906976744,False,False,True
21,95,Medium,No,7,78,High,Yes,2,Low,High,Public,Neutral,2,Yes,High School,Near,Male,69,0.46511627906976744,False,True,False
26,64,High,Yes,9,53,Medium,No,2,Low,High,Public,Negative,4,No,College,Near,Male,64,0.5813953488372092,False,True,False
26,92,High,No,5,84,High,Yes,0,Medium,High,Public,Neutral,2,No,Postgraduate,Near,Male,74,0.5813953488372092,True,False,False
16,67,Medium,No,9,80,Medium,Yes,1,Low,High,Public,Neutral,3,No,High School,Near,Female,64,0.3488372093023256,True,False,False
16,61,Low,No,4,86,Medium,Yes,3,Medium,High,Public,Positive,4,No,High School,Near,Female,63,0.3488372093023256,False,False,True
14,67,Medium,Yes,5,86,Medium,No,0,High,Medium,Public,Positive,4,No,College,Moderate,Female,64,0.3023255813953489,True,False,False
24,91,Medium,Yes,7,72,Medium,Yes,3,Medium,High,Public,Neutral,3,No,High School,Moderate,Male,71,0.5348837209302325,False,False,True
29,76,High,Yes,8,60,Medium,Yes,2,Medium,Medium,Public,Negative,3,No,High School,Near,Female,68,0.6511627906976744,False,True,False
18,95,Medium,Yes,9,96,Low,Yes,4,Medium,Medium,Public,Negative,4,No,College,Near,Female,72,0.3953488372093023,False,False,True
19,81,Low,Yes,8,96,High,Yes,1,Low,Medium,Private,Negative,4,No,Postgraduate,Near,Male,67,0.4186046511627907,False,False,True
29,61,High,No,9,61,Medium,Yes,0,Low,Medium,Private,Negative,3,No,High School,Near,Male,64,0.6511627906976744,False,False,True
23,89,Low,No,7,82,Medium,Yes,2,High,High,Public,Positive,1,No,College,Near,Male,70,0.5116279069767441,False,False,True
23,64,Medium,Yes,6,60,Low,Yes,2,Medium,Medium,Public,Negative,3,No,College,Near,Female,65,0.5116279069767441,True,False,False
13,92,Medium,No,9,93,High,Yes,2,High,Medium,Public,Negative,2,No,College,Moderate,Male,69,0.27906976744186046,True,False,False
24,67,Medium,No,9,55,High,Yes,2,Low,Low,Public,Positive,2,No,College,Moderate,Male,65,0.5348837209302325,True,False,False
14,74,Medium,No,8,100,Medium,Yes,1,Low,Medium,Public,Neutral,3,No,College,Near,Male,66,0.3023255813953489,True,False,False
13,90,Medium,No,8,81,Medium,Yes,0,Medium,Medium,Public,Positive,3,No,High School,Moderate,Female,67,0.27906976744186046,True,False,False
18,98,Low,No,9,51,Medium,Yes,1,High,Medium,Public,Neutral,4,No,College,Near,Male,68,0.3953488372093023,False,False,True
16,75,Medium,Yes,8,94,Medium,Yes,0,Medium,Medium,Private,Positive,3,No,High School,Moderate,Male,65,0.3488372093023256,False,False,True
19,93,Medium,No,7,84,High,No,0,Medium,Low,Public,Neutral,2,No,College,Near,Male,68,0.4186046511627907,False,False,True
11,68,High,Yes,8,85,High,No,2,Medium,Medium,Public,Negative,2,No,College,Near,Male,63,0.23255813953488375,False,False,True
26,92,Medium,No,8,64,Medium,Yes,1,Medium,Medium,Private,Positive,5,No,High School,Near,Male,71,0.5813953488372092,False,False,True
27,86,Medium,No,8,67,Medium,Yes,1,Low,Medium,Public,Positive,4,No,College,Near,Male,71,0.6046511627906976,True,False,False
8,68,Medium,Yes,7,96,Medium,Yes,2,Low,High,Public,Positive,3,No,Postgraduate,Near,Female,65,0.16279069767441862,True,False,False
26,72,Low,No,8,82,Medium,Yes,2,Medium,Low,Public,Negative,2,No,Postgraduate,Far,Female,65,0.5813953488372092,False,False,True
15,65,Low,Yes,8,51,Medium,Yes,1,High,Medium,Public,Positive,3,No,High School,Moderate,Female,61,0.32558139534883723,False,False,True
25,75,High,Yes,7,66,Low,Yes,0,Low,High,Public,Negative,4,No,High School,Near,Male,68,0.5581395348837209,True,False,False
20,68,Medium,Yes,6,80,Low,Yes,4,Low,Medium,Private,Neutral,4,No,College,Near,Female,65,0.4418604651162791,False,True,False
20,86,Medium,No,9,57,Medium,Yes,0,Medium,High,Public,Positive,4,No,High School,Moderate,Male,66,0.4418604651162791,False,True,False
19,100,Low,Yes,5,55,Low,Yes,2,Low,Medium,Public,Positive,4,No,High School,Moderate,Male,69,0.4186046511627907,True,False,False
27,60,High,No,6,53,Low,Yes,3,Low,Low,Private,Positive,2,No,High School,Moderate,Female,65,0.6046511627906976,True,False,False
13,82,High,No,7,82,Medium,Yes,1,Low,Low,Public,Positive,3,No,High School,Near,Female,65,0.27906976744186046,False,False,True
24,83,Medium,No,4,66,High,Yes,2,Medium,High,Private,Positive,4,Yes,Postgraduate,Moderate,Male,70,0.5348837209302325,True,False,False
27,97,Medium,No,9,69,Medium,Yes,1,Low,Medium,Private,Neutral,2,No,High School,Moderate,Female,70,0.6046511627906976,False,False,True
24,80,Medium,Yes,7,53,Medium,Yes,2,Low,Medium,Public,Positive,4,Yes,High School,Near,Female,67,0.5348837209302325,False,False,True
34,82,High,Yes,9,87,High,Yes,3,Low,Medium,Public,Positive,4,No,High School,Near,Female,75,0.7674418604651162,False,False,True
17,79,Low,Yes,10,88,Low,Yes,3,Medium,High,Private,Neutral,3,No,High School,Moderate,Female,65,0.37209302325581395,False,True,False
26,71,Medium,Yes,7,91,Medium,No,2,Low,Medium,Private,Neutral,3,No,High School,Moderate,Female,66,0.5813953488372092,False,False,True
19,62,Medium,Yes,9,83,High,Yes,2,Medium,Medium,Public,Positive,3,No,College,Near,Male,67,0.4186046511627907,True,False,False
27,76,Medium,Yes,5,89,Low,Yes,0,Low,Medium,Private,Positive,4,No,Postgraduate,Far,Male,67,0.6046511627906976,False,True,False
20,62,Medium,No,8,79,High,Yes,2,Low,Medium,Public,Positive,1,No,High School,Near,Female,62,0.4418604651162791,False,True,False
18,82,Medium,Yes,6,75,Medium,Yes,0,Low,Medium,Private,Negative,4,No,College,Near,Male,66,0.3953488372093023,False,False,True
28,72,High,No,8,63,Low,Yes,1,Low,High,Public,Neutral,2,No,High School,Near,Male,66,0.627906976744186,False,True,False
17,81,Low,Yes,8,53,High,Yes,0,Medium,Medium,Public,Neutral,2,No,High School,Far,Male,64,0.37209302325581395,True,False,False
12,65,Medium,No,7,65,Medium,Yes,2,Medium,Medium,Public,Neutral,2,No,High School,Near,Male,60,0.2558139534883721,False,True,False
17,97,Medium,Yes,8,84,Medium,No,3,Low,Low,Private,Neutral,3,No,Postgraduate,Near,Female,70,0.37209302325581395,False,False,True
24,96,Medium,No,8,96,Medium,Yes,2,Low,Low,Public,Positive,3,No,College,Near,Female,72,0.5348837209302325,False,False,True
28,68,Medium,Yes,7,63,Medium,Yes,0,Low,High,Public,Negative,2,No,College,Near,Male,67,0.627906976744186,True,False,False
21,74,High,Yes,10,83,Low,Yes,1,High,Medium,Public,Neutral,3,No,High School,Moderate,Female,67,0.46511627906976744,False,False,True
28,85,Medium,Yes,7,74,Medium,Yes,1,Medium,High,Public,Positive,3,No,Postgraduate,Near,Female,72,0.627906976744186,False,False,True
12,64,High,Yes,9,81,Medium,No,1,High,High,Public,Neutral,3,No,High School,Moderate,Male,63,0.2558139534883721,True,False,False
17,74,Medium,No,9,50,Medium,Yes,0,Low,High,Public,Negative,2,No,High School,Far,Female,60,0.37209302325581395,False,True,False
18,70,Medium,Yes,4,56,Medium,Yes,1,High,High,Public,Neutral,4,No,High School,Near,Male,65,0.3953488372093023,False,False,True
19,97,Medium,Yes,9,61,High,Yes,2,Medium,High,Public,Neutral,1,No,Postgraduate,Moderate,Male,72,0.4186046511627907,True,False,False
21,94,High,No,9,95,Low,Yes,0,Medium,High,Private,Negative,3,No,High School,Near,Male,70,0.46511627906976744,False,False,True
24,83,Medium,Yes,7,52,High,Yes,1,Medium,High,Public,Positive,4,No,College,Near,Female,71,0.5348837209302325,True,False,False
17,81,Medium,Yes,8,78,Low,Yes,1,Low,High,Private,Positive,4,No,College,Moderate,Male,66,0.37209302325581395,False,True,False
21,97,Medium,Yes,8,96,High,Yes,2,Low,High,Public,Positive,4,No,College,Moderate,Female,72,0.46511627906976744,False,True,False
20,97,Medium,Yes,9,83,High,Yes,3,Medium,High,Public,Positive,3,No,Postgraduate,Near,Female,73,0.4418604651162791,False,True,False
14,99,Medium,Yes,6,74,Medium,Yes,2,Medium,Medium,Public,Neutral,3,No,College,Near,Male,71,0.3023255813953489,True,False,False
19,65,Low,No,9,69,Medium,Yes,4,Low,High,Public,Neutral,2,No,College,Far,Male,64,0.4186046511627907,True,False,False
19,66,High,Yes,5,81,Medium,Yes,1,High,Medium,Private,Positive,3,No,College,Moderate,Male,66,0.4186046511627907,False,False,True
19,87,Medium,No,4,74,High,Yes,1,High,Medium,Public,Positive,3,No,College,Near,Male,69,0.4186046511627907,False,False,True
20,82,Medium,No,8,85,Low,Yes,1,Medium,High,Private,Neutral,3,Yes,Postgraduate,Near,Female,66,0.4418604651162791,False,True,False
20,61,High,No,9,81,Medium,Yes,0,High,High,Public,Neutral,2,Yes,High School,Near,Male,63,0.4418604651162791,False,False,True
17,62,Medium,Yes,7,78,Medium,Yes,0,Medium,High,Public,Negative,3,No,High School,Near,Male,62,0.37209302325581395,False,False,True
28,96,Low,Yes,4,98,High,Yes,1,High,High,Public,Positive,3,No,High School,Near,Male,98,0.627906976744186,True,False,False
13,95,High,Yes,5,92,Low,Yes,1,Medium,Medium,Private,Positive,2,No,College,Near,Female,71,0.27906976744186046,True,False,False
16,74,Medium,No,8,80,Medium,Yes,0,Low,Medium,Public,Positive,4,No,Postgraduate,Near,Female,66,0.3488372093023256,True,False,False
37,96,Medium,No,7,77,Medium,Yes,2,Medium,Medium,Public,Positive,3,No,High School,Moderate,Female,75,0.8372093023255813,False,False,True
14,84,Medium,Yes,9,86,High,Yes,1,Low,Medium,Private,Positive,4,No,High School,Near,Female,68,0.3023255813953489,True,False,False
12,92,Medium,No,7,90,Medium,Yes,2,Medium,High,Public,Negative,5,No,High School,Near,Male,69,0.2558139534883721,True,False,False
24,77,Low,Yes,6,65,High,Yes,2,Medium,High,Private,Positive,3,No,High School,Near,Male,68,0.5348837209302325,False,False,True
8,65,Medium,No,7,83,Low,Yes,3,Medium,Medium,Public,Negative,4,No,High School,Near,Female,60,0.16279069767441862,False,False,True
19,77,Low,No,9,57,Low,Yes,4,Medium,Medium,Public,Neutral,3,Yes,High School,Near,Female,64,0.4186046511627907,False,False,True
33,78,Medium,No,9,72,Medium,Yes,4,Medium,Medium,Public,Positive,3,No,High School,Moderate,Male,71,0.7441860465116279,False,False,True
11,82,High,No,7,97,Low,Yes,2,High,Medium,Public,Positive,3,No,College,Near,Male,69,0.23255813953488375,True,False,False
8,64,Medium,Yes,7,66,Medium,Yes,1,Low,Medium,Private,Positive,3,No,College,Near,Male,60,0.16279069767441862,False,False,True
11,100,High,Yes,8,58,High,Yes,1,Low,Medium,Private,Positive,3,No,College,Near,Female,70,0.23255813953488375,True,False,False
25,70,Medium,Yes,6,57,Medium,Yes,4,Medium,Medium,Private,Neutral,3,No,High School,Near,Male,66,0.5581395348837209,False,True,False
27,68,Medium,No,8,70,High,Yes,0,Medium,Medium,Private,Positive,3,No,Postgraduate,Near,Male,68,0.6046511627906976,True,False,False
17,81,Low,No,7,61,Medium,Yes,2,High,Medium,Public,Positive,2,No,College,Near,Female,67,0.37209302325581395,True,False,False
24,81,Medium,Yes,7,71,High,Yes,1,Medium,High,Public,Neutral,3,No,College,Near,Male,70,0.5348837209302325,False,False,True
28,78,Medium,Yes,7,86,Low,Yes,0,Low,High,Public,Neutral,2,No,College,Moderate,Male,69,0.627906976744186,True,False,False
31,91,High,Yes,7,94,High,Yes,2,High,High,Public,Negative,3,No,High School,Far,Male,75,0.6976744186046511,False,False,True
19,81,Low,Yes,10,56,Low,Yes,1,Medium,High,Public,Positive,3,No,High School,Near,Male,65,0.4186046511627907,False,False,True
6,84,Medium,Yes,6,88,Medium,Yes,1,Low,Medium,Private,Positive,5,No,Postgraduate,Moderate,Male,65,0.11627906976744186,False,False,True
15,89,Low,No,6,55,Medium,Yes,1,Medium,Medium,Public,Positive,4,No,Postgraduate,Moderate,Male,66,0.32558139534883723,False,False,True
17,61,Medium,Yes,9,69,High,Yes,1,Medium,High,Public,Positive,3,No,High School,Far,Male,64,0.37209302325581395,True,False,False
18,83,Medium,No,8,100,Medium,Yes,1,Low,High,Private,Negative,2,No,High School,Near,Female,66,0.3953488372093023,False,True,False
19,95,High,Yes,8,53,Medium,Yes,3,Low,Medium,Public,Positive,1,No,High School,Moderate,Female,70,0.4186046511627907,False,False,True
27,61,Low,No,5,51,High,Yes,1,Low,Medium,Private,Positive,1,No,College,Far,Male,63,0.6046511627906976,True,False,False
28,76,Low,No,7,67,High,Yes,1,High,Low,Public,Negative,4,No,College,Near,Male,66,0.627906976744186,False,True,False
19,97,Medium,Yes,8,98,Low,Yes,1,Medium,Medium,Public,Positive,3,No,College,Near,Female,71,0.4186046511627907,False,True,False
27,74,High,No,6,51,High,Yes,2,Medium,Medium,Private,Positive,4,No,High School,Far,Male,68,0.6046511627906976,False,False,True
22,78,Medium,Yes,8,61,Medium,Yes,2,High,Medium,Public,Positive,5,No,High School,Moderate,Male,68,0.48837209302325585,False,False,True
20,99,Medium,No,7,80,High,Yes,0,Medium,High,Public,Negative,3,No,Postgraduate,Near,Male,71,0.4418604651162791,False,True,False
25,68,Medium,No,6,62,Low,Yes,1,Low,High,Private,Negative,4,No,College,Moderate,Female,63,0.5581395348837209,False,True,False
20,63,Low,No,9,53,Low,Yes,1,Medium,Medium,Public,Positive,4,No,High School,Near,Male,60,0.4418604651162791,False,True,False
32,94,High,Yes,9,53,Medium,Yes,1,Medium,Medium,Public,Neutral,3,No,High School,Near,Female,73,0.7209302325581395,False,False,True
11,95,Medium,Yes,7,78,Low,Yes,4,Medium,Medium,Private,Negative,4,No,High School,Near,Female,68,0.23255813953488375,False,False,True
17,79,High,Yes,8,78,Medium,Yes,2,High,Medium,Public,Positive,5,No,High School,Near,Female,70,0.37209302325581395,True,False,False
19,81,Medium,Yes,9,85,Medium,Yes,1,Low,Medium,Public,Neutral,1,No,High School,Moderate,Male,66,0.4186046511627907,False,False,True
23,93,Medium,No,6,57,Medium,Yes,1,High,Medium,Public,Positive,2,No,Postgraduate,Near,Female,72,0.5116279069767441,True,False,False
28,90,Low,Yes,8,75,Medium,Yes,1,Low,High,Public,Neutral,3,Yes,High School,Moderate,Male,70,0.627906976744186,True,False,False
20,71,High,Yes,6,80,Medium,Yes,2,High,Low,Public,Positive,3,No,High School,Near,Male,68,0.4418604651162791,True,False,False
11,61,Medium,Yes,5,61,Medium,Yes,3,Medium,High,Public,Neutral,0,Yes,Postgraduate,Near,Male,60,0.23255813953488375,False,False,True
25,79,Medium,No,6,77,Low,No,2,Low,High,Public,Neutral,3,No,High School,Near,Male,68,0.5581395348837209,True,False,False
25,94,High,No,5,85,High,Yes,1,Medium,Medium,Public,Neutral,2,No,College,Near,Female,74,0.5581395348837209,True,False,False
8,96,Medium,Yes,8,100,High,Yes,1,High,Medium,Public,Negative,4,No,High School,Moderate,Male,68,0.16279069767441862,False,False,True
20,98,Medium,Yes,6,80,Low,Yes,4,Medium,Medium,Public,Positive,4,No,College,Near,Male,72,0.4418604651162791,False,True,False
10,95,High,Yes,5,93,High,Yes,0,Low,High,Public,Positive,3,No,High School,Moderate,Male,69,0.20930232558139533,False,False,True
16,83,Medium,Yes,8,92,Low,Yes,2,High,High,Public,Positive,4,No,Postgraduate,Near,Female,98,0.3488372093023256,False,True,False
15,78,High,No,8,97,Medium,Yes,1,Medium,Medium,Public,Neutral,4,No,Postgraduate,Near,Male,68,0.32558139534883723,False,False,True
25,91,Low,No,7,86,Medium,Yes,0,Medium,Medium,Public,Neutral,5,No,High School,Near,Female,70,0.5581395348837209,False,False,True
21,90,Medium,No,8,61,Medium,Yes,1,High,Medium,Public,Positive,4,No,Postgraduate,Moderate,Female,69,0.46511627906976744,False,False,True
12,82,Low,No,6,65,Low,Yes,3,Medium,Medium,Private,Negative,3,No,High School,Near,Female,64,0.2558139534883721,True,False,False
25,63,Low,No,6,89,High,Yes,1,Medium,High,Private,Neutral,4,No,High School,Moderate,Male,65,0.5581395348837209,False,False,True
11,97,Medium,No,8,76,High,Yes,2,Medium,High,Public,Positive,2,No,High School,Moderate,Female,69,0.23255813953488375,False,False,True
22,78,Low,No,9,63,High,Yes,2,Medium,High,Public,Neutral,4,No,High School,Near,Male,67,0.48837209302325585,False,False,True
15,75,High,No,6,83,Low,Yes,1,High,Medium,Private,Negative,2,No,High School,Near,Female,65,0.32558139534883723,False,False,True
18,85,High,Yes,6,95,High,Yes,2,Low,Low,Private,Positive,4,No,College,Near,Female,70,0.3953488372093023,False,False,True
23,87,Low,No,8,68,Medium,Yes,0,High,High,Private,Neutral,3,No,College,Far,Male,68,0.5116279069767441,True,False,False
23,68,Medium,Yes,8,80,Medium,Yes,1,Medium,Low,Public,Neutral,1,No,High School,Near,Female,65,0.5116279069767441,False,False,True
28,93,Medium,No,7,79,High,Yes,0,Medium,Medium,Public,Positive,4,No,Postgraduate,Near,Male,74,0.627906976744186,False,False,True
20,72,Medium,Yes,9,56,Medium,Yes,4,High,Medium,Public,Negative,2,No,High School,Near,Male,65,0.4418604651162791,False,False,True
22,67,High,Yes,10,55,Medium,Yes,1,Low,Medium,Public,Positive,2,No,High School,Moderate,Male,65,0.48837209302325585,True,False,False
17,76,Medium,Yes,8,94,Medium,Yes,3,Medium,Medium,Public,Neutral,4,No,High School,Moderate,Female,68,0.37209302325581395,True,False,False
21,89,Medium,No,6,97,Medium,No,1,Low,Medium,Private,Negative,3,No,Postgraduate,Far,Female,68,0.46511627906976744,False,False,True
23,99,Medium,No,8,95,High,Yes,5,Medium,Medium,Public,Neutral,4,No,High School,Moderate,Female,74,0.5116279069767441,False,False,True
19,92,Medium,No,6,70,High,Yes,2,Medium,Medium,Private,Negative,3,No,High School,Near,Female,71,0.4186046511627907,True,False,False
9,98,Medium,Yes,9,64,Medium,Yes,1,Low,Medium,Private,Negative,3,No,High School,Near,Male,67,0.18604651162790697,True,False,False
22,66,Medium,Yes,6,97,Low,Yes,0,High,Low,Public,Neutral,3,No,High School,Moderate,Female,64,0.48837209302325585,False,False,True
22,63,Low,Yes,7,94,Medium,Yes,0,Medium,Medium,Public,Negative,3,Yes,High School,Far,Male,61,0.48837209302325585,False,True,False
16,82,Medium,No,6,91,Medium,Yes,0,Low,Medium,Public,Positive,3,No,High School,Near,Female,66,0.3488372093023256,False,False,True
12,72,Medium,No,7,67,Low,Yes,0,Low,Medium,Public,Positive,2,No,High School,Near,Female,61,0.2558139534883721,False,False,True
29,93,High,No,7,82,Medium,Yes,5,Low,Medium,Public,Negative,3,No,High School,Moderate,Male,73,0.6511627906976744,False,False,True
23,87,Medium,No,8,88,High,Yes,2,Medium,High,Public,Neutral,3,No,High School,Near,Male,70,0.5116279069767441,False,True,False
19,99,Medium,No,7,79,Medium,Yes,2,Low,Medium,Private,Neutral,2,No,Postgraduate,Near,Male,70,0.4186046511627907,False,True,False
13,70,Low,Yes,7,80,High,Yes,1,High,Medium,Public,Positive,4,No,College,Far,Female,63,0.27906976744186046,False,False,True
15,79,Medium,Yes,6,88,Medium,Yes,3,High,Medium,Public,Neutral,3,No,Postgraduate,Moderate,Male,69,0.32558139534883723,True,False,False
28,80,High,No,7,88,Medium,Yes,2,High,Medium,Public,Negative,2,No,High School,Near,Male,72,0.627906976744186,True,False,False
21,70,High,Yes,5,62,Medium,Yes,2,Low,High,Public,Neutral,2,No,High School,Near,Female,66,0.46511627906976744,False,False,True
17,84,High,No,9,70,Medium,Yes,1,High,Medium,Public,Negative,4,No,High School,Near,Male,68,0.37209302325581395,True,False,False
23,78,High,No,7,89,Medium,Yes,1,Medium,Low,Public,Neutral,3,No,High School,Far,Male,67,0.5116279069767441,False,False,True
15,78,High,Yes,9,63,Medium,No,2,Medium,Medium,Private,Positive,3,No,Postgraduate,Far,Female,65,0.32558139534883723,False,False,True
29,75,Medium,Yes,7,96,Low,Yes,2,Low,Medium,Public,Positive,3,No,High School,Moderate,Male,68,0.6511627906976744,False,True,False
28,61,Medium,Yes,4,92,Low,Yes,1,Medium,High,Private,Neutral,4,No,College,Near,Female,68,0.627906976744186,True,False,False
17,81,Medium,No,6,95,High,Yes,2,Medium,Medium,Private,Positive,3,No,High School,Near,Male,69,0.37209302325581395,True,False,False
16,73,High,Yes,7,65,Low,Yes,1,Medium,Medium,Private,Positive,4,No,College,Moderate,Male,66,0.3488372093023256,True,False,False
4,60,Medium,Yes,7,55,Medium,Yes,2,Low,Medium,Private,Neutral,2,No,Postgraduate,Near,Male,58,0.06976744186046512,False,False,True
11,72,Low,No,8,55,High,Yes,0,Medium,Low,Public,Neutral,3,Yes,College,Near,Male,60,0.23255813953488375,True,False,False
12,71,High,Yes,7,78,High,Yes,3,Low,Medium,Public,Positive,4,No,College,Moderate,Female,67,0.2558139534883721,True,False,False
21,76,Medium,Yes,6,65,Low,Yes,2,Low,High,Public,Negative,2,No,High School,Near,Female,65,0.46511627906976744,False,False,True
18,65,Medium,Yes,6,63,High,Yes,1,Low,Medium,Public,Negative,2,No,High School,Far,Male,62,0.3953488372093023,True,False,False
12,80,High,Yes,6,61,Medium,Yes,0,High,High,Private,Neutral,2,No,High School,Near,Male,65,0.2558139534883721,False,False,True
18,88,High,No,8,78,Medium,Yes,0,Medium,Medium,Public,Neutral,2,No,College,Moderate,Male,69,0.3953488372093023,True,False,False
23,85,High,No,8,77,Medium,Yes,0,High,Medium,Public,Positive,4,No,College,Near,Male,70,0.5116279069767441,False,True,False
23,92,High,Yes,6,71,High,Yes,2,Low,Medium,Public,Positive,2,No,High School,Moderate,Male,70,0.5116279069767441,False,True,False
9,78,Medium,No,9,57,Low,Yes,1,Low,High,Public,Positive,5,No,High School,Moderate,Female,63,0.18604651162790697,True,False,False
19,81,Medium,Yes,8,96,High,Yes,0,Medium,High,Public,Neutral,4,No,Postgraduate,Near,Male,69,0.4186046511627907,False,True,False
12,92,Medium,No,6,71,Low,Yes,0,Medium,High,Private,Negative,4,No,High School,Near,Male,64,0.2558139534883721,False,True,False
25,77,High,No,7,56,Medium,Yes,1,Low,Medium,Public,Positive,3,No,Postgraduate,Near,Male,69,0.5581395348837209,False,False,True
25,88,Medium,Yes,8,52,Low,Yes,1,Medium,Medium,Public,Positive,2,No,High School,Near,Male,70,0.5581395348837209,True,False,False
15,77,Medium,Yes,5,58,Medium,Yes,1,Low,Medium,Public,Positive,3,No,College,Moderate,Female,64,0.32558139534883723,False,False,True
15,77,Medium,Yes,5,65,Low,No,2,Low,Medium,Public,Positive,4,Yes,Postgraduate,Near,Male,65,0.32558139534883723,True,False,False
17,90,Medium,No,8,82,Medium,Yes,0,Medium,High,Public,Neutral,4,No,College,Near,Male,70,0.37209302325581395,True,False,False
6,67,Low,Yes,6,99,Low,Yes,0,Medium,Medium,Private,Neutral,2,No,College,Near,Male,60,0.11627906976744186,False,False,True
22,74,High,Yes,9,64,High,Yes,3,Medium,Medium,Public,Neutral,3,No,High School,Near,Female,68,0.48837209302325585,False,False,True
18,69,Low,Yes,10,89,Low,Yes,2,Low,High,Public,Neutral,1,Yes,High School,Moderate,Male,61,0.3953488372093023,False,True,False
26,74,Low,Yes,8,96,Medium,Yes,2,Medium,High,Private,Neutral,3,No,High School,Near,Female,68,0.5813953488372092,False,False,True
13,69,Low,No,8,70,Medium,Yes,1,High,High,Private,Neutral,3,No,High School,Moderate,Male,61,0.27906976744186046,False,False,True
16,83,Medium,No,5,63,Low,Yes,2,High,Medium,Private,Positive,3,Yes,High School,Moderate,Female,64,0.3488372093023256,False,True,False
11,92,Medium,No,5,75,Medium,Yes,2,Medium,Medium,Public,Negative,3,No,High School,Near,Female,66,0.23255813953488375,False,False,True
14,91,Medium,Yes,7,95,Medium,Yes,2,High,High,Public,Positive,2,No,High School,Moderate,Male,70,0.3023255813953489,False,False,True
13,75,High,Yes,5,51,Medium,Yes,3,Medium,Medium,Private,Negative,3,No,High School,Near,Female,65,0.27906976744186046,True,False,False
26,100,High,Yes,7,74,High,Yes,1,Medium,Medium,Public,Neutral,2,No,High School,Near,Female,74,0.5813953488372092,False,False,True
16,84,High,No,6,88,Low,Yes,1,Medium,Medium,Private,Negative,1,Yes,High School,Near,Male,66,0.3488372093023256,True,False,False
21,76,Medium,Yes,7,80,High,Yes,3,Low,Medium,Public,Negative,2,Yes,College,Near,Male,65,0.46511627906976744,False,True,False
18,93,High,No,7,75,High,Yes,1,High,Medium,Private,Positive,1,No,College,Moderate,Female,69,0.3953488372093023,False,True,False
12,89,High,Yes,8,78,Low,Yes,4,Low,Medium,Public,Neutral,5,No,Postgraduate,Near,Female,69,0.2558139534883721,False,False,True
19,90,High,No,7,81,Medium,Yes,2,Medium,Medium,Private,Positive,2,No,High School,Near,Female,69,0.4186046511627907,False,True,False
24,68,Low,No,6,84,Medium,Yes,1,Low,High,Public,Positive,4,No,High School,Near,Female,66,0.5348837209302325,True,False,False
13,79,Low,No,5,68,Medium,No,2,High,Medium,Private,Positive,3,No,High School,Near,Female,63,0.27906976744186046,False,False,True
25,94,Low,Yes,7,76,Medium,Yes,1,Low,High,Private,Neutral,2,Yes,High School,Moderate,Female,69,0.5581395348837209,False,False,True
15,80,High,Yes,4,64,Medium,Yes,1,Medium,Medium,Public,Neutral,1,No,High School,Near,Male,65,0.32558139534883723,False,False,True
17,87,Medium,No,9,99,Medium,Yes,1,Medium,Low,Private,Neutral,3,No,High School,Moderate,Male,67,0.37209302325581395,False,False,True
23,84,Medium,No,8,59,Low,Yes,1,Low,High,Public,Positive,4,Yes,Postgraduate,Far,Female,66,0.5116279069767441,False,False,True
16,94,Medium,Yes,8,58,Medium,Yes,2,Low,Medium,Public,Positive,3,Yes,College,Near,Male,67,0.3488372093023256,False,True,False
20,71,High,Yes,6,63,High,Yes,1,Low,Medium,Public,Positive,2,No,College,Moderate,Male,65,0.4418604651162791,False,True,False
18,83,High,No,8,96,Low,Yes,0,Medium,High,Public,Positive,4,Yes,Postgraduate,Near,Female,69,0.3953488372093023,False,False,True
21,65,High,No,6,83,Medium,Yes,3,Low,High,Public,Neutral,5,No,High School,Near,Male,65,0.46511627906976744,False,True,False
6,88,High,Yes,7,73,Medium,Yes,3,Low,Medium,Private,Neutral,3,No,College,Near,Male,67,0.11627906976744186,True,False,False
9,89,Medium,Yes,6,96,Medium,Yes,0,High,Low,Public,Negative,4,No,High School,Near,Male,66,0.18604651162790697,False,False,True
24,62,Medium,No,7,95,Medium,Yes,1,High,Low,Public,Positive,3,No,College,Far,Female,64,0.5348837209302325,False,True,False
26,87,High,No,5,70,Low,Yes,1,Low,Medium,Private,Positive,2,No,High School,Near,Female,70,0.5813953488372092,False,False,True
15,77,High,Yes,7,78,Medium,Yes,0,Low,High,Public,Neutral,3,No,High School,Moderate,Male,65,0.32558139534883723,False,False,True
19,65,Medium,Yes,5,95,Medium,Yes,2,Medium,High,Private,Neutral,4,No,College,Near,Male,65,0.4186046511627907,False,True,False
22,77,Low,No,10,66,Medium,Yes,2,Low,Medium,Public,Positive,3,No,College,Moderate,Male,64,0.48837209302325585,False,True,False
24,68,Low,Yes,7,70,Low,Yes,1,Low,Low,Public,Neutral,3,No,College,Near,Male,64,0.5348837209302325,False,False,True
8,77,Low,Yes,7,90,Low,Yes,1,Medium,Medium,Public,Neutral,0,No,High School,Moderate,Male,61,0.16279069767441862,False,False,True
15,75,Medium,No,8,85,Medium,Yes,1,Low,High,Public,Neutral,3,No,High School,Near,Male,65,0.32558139534883723,True,False,False
18,90,Medium,Yes,5,52,Low,Yes,5,Medium,Medium,Private,Positive,3,Yes,High School,Moderate,Male,68,0.3953488372093023,True,False,False
24,91,High,Yes,6,56,Medium,Yes,1,Low,High,Public,Positive,2,No,College,Moderate,Male,70,0.5348837209302325,False,True,False
35,84,Medium,Yes,8,92,High,Yes,6,Low,High,Public,Negative,4,No,High School,Moderate,Male,74,0.7906976744186046,False,True,False
19,61,Medium,No,7,51,Low,Yes,1,Low,High,Public,Neutral,1,No,High School,Near,Female,60,0.4186046511627907,False,False,True
12,97,Low,Yes,6,96,Medium,Yes,2,Low,High,Public,Positive,2,No,Postgraduate,Near,Female,71,0.2558139534883721,True,False,False
22,87,High,Yes,8,64,Medium,No,2,Medium,High,Public,Negative,3,No,High School,Moderate,Female,70,0.48837209302325585,True,False,False
28,61,Medium,Yes,7,80,Low,Yes,2,Medium,Medium,Public,Positive,4,No,Postgraduate,Near,Female,67,0.627906976744186,False,True,False
21,93,Medium,Yes,8,78,Medium,No,0,Low,Medium,Private,Neutral,3,No,High School,Near,Male,68,0.46511627906976744,False,False,True
15,68,Medium,No,8,70,Medium,Yes,3,Medium,High,Public,Negative,3,No,High School,Near,Female,64,0.32558139534883723,True,False,False
26,83,Low,No,6,52,Medium,Yes,0,Low,High,Public,Negative,3,No,High School,Near,Male,67,0.5813953488372092,True,False,False
24,79,Low,No,7,60,Low,Yes,0,Low,High,Public,Neutral,3,No,Postgraduate,Near,Female,65,0.5348837209302325,False,True,False
14,77,Medium,Yes,4,81,Low,Yes,3,Medium,Medium,Private,Neutral,3,No,College,Near,Female,66,0.3023255813953489,False,False,True
22,96,Medium,Yes,6,72,Low,Yes,1,High,Medium,Public,Positive,4,No,College,Near,Female,72,0.48837209302325585,False,False,True
26,77,Medium,Yes,7,71,High,Yes,3,High,Medium,Public,Neutral,3,No,High School,Near,Female,69,0.5813953488372092,False,True,False
27,63,Medium,Yes,8,55,Low,Yes,1,Medium,Medium,Private,Neutral,3,No,Postgraduate,Near,Female,65,0.6046511627906976,False,False,True
20,98,High,Yes,8,67,Medium,Yes,0,High,Medium,Public,Positive,3,No,High School,Near,Female,71,0.4418604651162791,False,True,False
18,97,High,Yes,6,76,Medium,Yes,0,Medium,High,Public,Neutral,5,No,High School,Moderate,Male,72,0.3953488372093023,True,False,False
27,87,Medium,No,6,54,Medium,Yes,0,Medium,Medium,Private,Positive,2,No,High School,Near,Female,70,0.6046511627906976,True,False,False
13,79,Medium,No,9,53,Medium,No,1,Medium,Medium,Private,Positive,2,No,College,Moderate,Male,63,0.27906976744186046,True,False,False
23,64,Medium,No,7,75,Medium,Yes,2,Medium,High,Public,Positive,2,No,High School,Near,Female,66,0.5116279069767441,False,False,True
12,92,Low,Yes,7,78,High,Yes,3,Medium,High,Public,Negative,2,No,College,Near,Male,67,0.2558139534883721,False,True,False
26,63,High,No,8,63,Low,Yes,1,High,High,Public,Neutral,3,No,Postgraduate,Near,Male,67,0.5813953488372092,False,False,True
18,63,Medium,Yes,7,66,Low,Yes,2,Medium,Medium,Private,Negative,2,No,College,Near,Female,62,0.3953488372093023,False,False,True
28,81,High,Yes,7,90,High,Yes,3,Medium,Medium,Private,Negative,3,No,High School,Moderate,Male,72,0.627906976744186,False,False,True
23,66,High,Yes,7,93,High,Yes,1,High,High,Public,Positive,1,No,High School,Near,Female,69,0.5116279069767441,False,False,True
13,60,Medium,Yes,6,66,Medium,Yes,1,Medium,High,Public,Positive,5,Yes,College,Moderate,Male,61,0.27906976744186046,False,False,True
29,77,Low,Yes,7,68,High,Yes,1,Medium,Medium,Public,Positive,3,No,High School,Far,Female,67,0.6511627906976744,False,False,True
29,65,Medium,Yes,4,92,Medium,No,0,Medium,Medium,Private,Positive,4,No,High School,Near,Female,66,0.6511627906976744,False,True,False
25,66,Medium,Yes,6,99,Medium,Yes,2,Medium,Medium,Public,Positive,3,No,College,Near,Female,68,0.5581395348837209,False,False,True
15,63,High,No,8,66,High,Yes,1,Low,Medium,Private,Negative,4,No,College,Near,Male,62,0.32558139534883723,False,False,True
18,68,Low,Yes,8,89,Medium,Yes,0,Medium,Low,Public,Negative,3,No,College,Far,Male,63,0.3953488372093023,True,False,False
21,89,Medium,Yes,9,74,High,Yes,3,Low,Medium,Private,Positive,4,No,High School,Moderate,Female,70,0.46511627906976744,False,False,True
16,92,High,Yes,8,63,Medium,Yes,2,Low,Medium,Public,Neutral,4,No,College,Moderate,Male,68,0.3488372093023256,False,True,False
30,78,High,Yes,8,84,Medium,Yes,1,High,Low,Private,Negative,1,No,College,Near,Male,71,0.6744186046511628,False,False,True
21,80,Low,No,7,73,Medium,Yes,0,Medium,Low,Private,Neutral,2,No,High School,Moderate,Female,65,0.46511627906976744,True,False,False
4,61,High,Yes,6,63,Medium,Yes,4,Medium,Medium,Public,Neutral,3,No,High School,Moderate,Male,59,0.06976744186046512,False,True,False
22,63,Low,Yes,8,55,Medium,Yes,2,Medium,Medium,Private,Neutral,4,No,High School,Near,Male,64,0.48837209302325585,True,False,False
18,70,High,No,7,93,Medium,Yes,0,Medium,High,Public,Positive,3,No,College,Near,Male,67,0.3953488372093023,False,False,True
20,82,Medium,No,6,94,Medium,Yes,3,Low,Medium,Private,Positive,2,No,High School,Near,Male,68,0.4418604651162791,False,False,True
18,90,High,Yes,6,54,Low,Yes,1,Medium,High,Public,Negative,3,No,High School,Near,Female,95,0.3953488372093023,True,False,False
25,84,Medium,Yes,7,83,High,Yes,1,Low,Medium,Public,Positive,3,No,High School,Moderate,Male,70,0.5581395348837209,False,False,True
27,76,Medium,No,9,58,Medium,Yes,1,Medium,Medium,Public,Positive,3,No,College,Near,Female,68,0.6046511627906976,False,False,True
22,65,Medium,No,7,82,Medium,Yes,2,Medium,High,Public,Positive,4,Yes,College,Near,Male,65,0.48837209302325585,False,True,False
18,91,Medium,No,7,95,Medium,Yes,2,Low,High,Public,Positive,2,No,Postgraduate,Near,Male,70,0.3953488372093023,False,True,False
20,75,Medium,No,8,63,Medium,Yes,4,Medium,Low,Public,Neutral,3,No,Postgraduate,Near,Male,67,0.4418604651162791,False,False,True
20,89,High,No,8,67,Medium,Yes,2,Low,High,Public,Neutral,2,Yes,College,Near,Male,69,0.4418604651162791,False,False,True
15,81,High,Yes,7,90,High,Yes,1,Low,Medium,Private,Positive,2,No,Postgraduate,Far,Female,68,0.32558139534883723,False,False,True
23,90,High,No,7,87,High,Yes,1,Low,Medium,Public,Neutral,2,No,High School,Near,Female,72,0.5116279069767441,True,False,False
23,96,High,No,6,70,Medium,Yes,1,Medium,Medium,Public,Neutral,2,No,High School,Near,Male,71,0.5116279069767441,False,False,True
29,97,High,Yes,9,92,Medium,Yes,2,Low,Medium,Public,Positive,4,No,High School,Moderate,Female,75,0.6511627906976744,False,False,True
28,81,High,No,6,96,Medium,Yes,0,Medium,Medium,Public,Neutral,2,No,High School,Near,Male,70,0.627906976744186,False,False,True
16,80,Medium,No,9,73,Medium,Yes,2,Medium,Medium,Private,Negative,4,No,College,Near,Male,66,0.3488372093023256,False,False,True
25,71,High,Yes,7,52,High,Yes,3,Low,Medium,Private,Neutral,3,No,High School,Near,Male,67,0.5581395348837209,False,False,True
14,97,Medium,Yes,7,75,High,Yes,1,Medium,Medium,Public,Positive,4,No,College,Near,Female,70,0.3023255813953489,False,False,True
24,78,High,Yes,8,87,Medium,Yes,2,Medium,Medium,Public,Neutral,3,No,High School,Near,Male,71,0.5348837209302325,True,False,False
17,65,Medium,No,6,61,Medium,Yes,5,Low,Medium,Public,Positive,4,No,High School,Near,Female,64,0.37209302325581395,False,False,True
14,77,Medium,No,8,55,High,Yes,2,High,High,Private,Neutral,4,No,High School,Near,Male,65,0.3023255813953489,False,False,True
22,65,Medium,Yes,7,64,High,Yes,1,Medium,High,Private,Negative,2,No,High School,Moderate,Male,64,0.48837209302325585,False,False,True
4,80,Medium,Yes,8,51,Medium,Yes,4,Medium,High,Public,Negative,5,No,High School,Near,Male,62,0.06976744186046512,False,True,False
9,82,Low,Yes,6,86,Medium,Yes,2,Low,High,Private,Negative,2,No,College,Far,Female,64,0.18604651162790697,True,False,False
19,74,High,Yes,6,57,High,Yes,1,Medium,Medium,Private,Positive,2,No,High School,Near,Female,66,0.4186046511627907,False,False,True
20,63,Medium,Yes,4,86,Low,Yes,0,High,Medium,Public,Neutral,3,No,College,Near,Male,64,0.4418604651162791,False,False,True
18,98,Medium,Yes,6,62,Low,Yes,3,Medium,High,Public,Positive,3,No,High School,Far,Female,71,0.3953488372093023,True,False,False
11,91,Low,Yes,6,100,Low,Yes,4,Low,Medium,Public,Negative,2,No,Postgraduate,Near,Male,68,0.23255813953488375,True,False,False
15,94,Medium,Yes,6,77,Low,Yes,3,High,High,Private,Neutral,4,No,College,Near,Female,70,0.32558139534883723,False,False,True
22,75,Medium,No,7,52,High,Yes,0,Low,Medium,Private,Neutral,3,No,College,Near,Female,66,0.48837209302325585,True,False,False
23,90,Medium,No,7,89,Low,Yes,2,High,Medium,Public,Positive,4,No,College,Moderate,Female,71,0.5116279069767441,False,False,True
20,79,Medium,Yes,8,71,Medium,Yes,1,Medium,High,Public,Neutral,3,No,College,Near,Female,68,0.4418604651162791,False,False,True
27,68,Low,Yes,8,80,High,Yes,3,Medium,Medium,Public,Positive,4,Yes,High School,Near,Male,66,0.6046511627906976,False,True,False
22,65,Medium,No,8,98,High,Yes,4,Medium,Medium,Private,Neutral,3,No,High School,Near,Female,66,0.48837209302325585,False,True,False
16,74,High,No,8,76,Medium,Yes,5,Low,Medium,Public,Negative,3,No,College,Moderate,Male,65,0.3488372093023256,False,True,False
18,66,Medium,Yes,7,90,Medium,Yes,0,Medium,Medium,Public,Negative,4,No,Postgraduate,Near,Male,64,0.3953488372093023,False,False,True
12,100,Medium,Yes,7,65,Medium,Yes,1,Low,Medium,Private,Positive,2,No,High School,Near,Male,67,0.2558139534883721,False,True,False
19,62,Medium,Yes,8,86,Low,Yes,1,High,Medium,Public,Positive,3,No,College,Near,Male,65,0.4186046511627907,False,False,True
27,78,Medium,Yes,8,55,Low,Yes,3,High,Medium,Public,Neutral,2,No,Postgraduate,Moderate,Male,69,0.6046511627906976,False,False,True
24,78,Medium,Yes,5,95,Low,Yes,1,Low,Medium,Private,Positive,2,No,College,Near,Male,69,0.5348837209302325,True,False,False
28,72,Medium,Yes,7,60,Medium,Yes,4,High,Medium,Public,Neutral,3,No,Postgraduate,Near,Male,69,0.627906976744186,False,True,False
18,83,High,No,4,65,Low,Yes,3,Low,Medium,Public,Positive,4,No,College,Moderate,Male,68,0.3953488372093023,False,False,True
28,66,Low,Yes,4,98,Medium,Yes,0,Medium,High,Public,Positive,3,No,High School,Near,Female,67,0.627906976744186,False,False,True
19,91,Low,No,6,58,High,Yes,2,Low,High,Public,Positive,3,No,College,Moderate,Male,68,0.4186046511627907,False,False,True
29,73,Low,Yes,7,63,Medium,Yes,1,Low,Medium,Public,Negative,4,No,Postgraduate,Far,Female,65,0.6511627906976744,False,True,False
20,84,Medium,Yes,6,79,Medium,Yes,3,Medium,Medium,Public,Negative,3,No,College,Moderate,Male,69,0.4418604651162791,True,False,False
24,89,Low,No,4,99,High,Yes,1,High,High,Private,Positive,3,No,Postgraduate,Near,Male,73,0.5348837209302325,False,False,True
29,96,Medium,No,8,85,Low,Yes,3,High,Medium,Public,Neutral,3,No,Postgraduate,Near,Male,76,0.6511627906976744,True,False,False
19,93,High,Yes,6,56,Medium,Yes,0,Low,High,Private,Negative,3,No,College,Near,Male,69,0.4186046511627907,False,False,True
21,84,Low,Yes,8,87,Low,Yes,2,High,Medium,Public,Positive,1,No,Postgraduate,Far,Female,69,0.46511627906976744,True,False,False
28,76,Medium,Yes,6,71,Medium,Yes,3,Low,Medium,Private,Positive,2,No,High School,Far,Female,68,0.627906976744186,False,False,True
19,80,High,Yes,6,100,Medium,Yes,1,Medium,Medium,Public,Positive,3,No,High School,Near,Male,70,0.4186046511627907,True,False,False
12,91,Low,Yes,8,81,Low,Yes,0,Low,Low,Public,Positive,4,No,High School,Moderate,Male,64,0.2558139534883721,False,False,True
33,95,Low,Yes,6,77,Low,Yes,2,High,High,Private,Positive,3,No,High School,Moderate,Female,73,0.7441860465116279,False,True,False
17,64,Medium,Yes,7,78,High,Yes,1,Medium,Medium,Public,Positive,3,No,High School,Near,Male,64,0.37209302325581395,False,False,True
21,75,Low,Yes,7,82,Medium,Yes,1,Medium,Medium,Public,Negative,4,No,High School,Near,Male,65,0.46511627906976744,False,False,True
27,91,High,No,5,87,Medium,No,0,Medium,Medium,Public,Negative,3,No,High School,Near,Female,69,0.6046511627906976,False,True,False
16,77,Low,Yes,8,54,Medium,No,0,Medium,Medium,Public,Negative,3,No,Postgraduate,Near,Male,62,0.3488372093023256,False,False,True
14,73,Medium,Yes,6,57,High,Yes,2,Medium,Medium,Public,Neutral,4,No,High School,Moderate,Female,64,0.3023255813953489,True,False,False
22,76,High,No,5,65,Low,Yes,0,Medium,High,Public,Neutral,3,No,High School,Far,Female,64,0.48837209302325585,False,True,False
9,84,Medium,No,6,74,Medium,Yes,5,High,Medium,Public,Neutral,2,No,High School,Near,Male,67,0.18604651162790697,False,False,True
18,100,Low,Yes,8,66,High,No,3,Low,Medium,Public,Negative,3,No,College,Near,Male,69,0.3953488372093023,False,False,True
21,80,Low,Yes,5,61,Medium,Yes,2,High,Medium,Public,Positive,3,No,High School,Near,Male,67,0.46511627906976744,False,False,True
18,68,High,No,8,96,Medium,Yes,1,High,Medium,Public,Neutral,3,No,High School,Moderate,Male,65,0.3953488372093023,False,True,False
11,67,High,No,8,52,High,Yes,3,High,High,Public,Negative,3,No,College,Moderate,Female,63,0.23255813953488375,False,False,True
30,62,Low,Yes,7,97,Medium,Yes,0,High,Medium,Private,Neutral,5,No,College,Near,Female,66,0.6744186046511628,False,True,False
21,82,High,No,7,95,High,Yes,1,High,Medium,Public,Negative,3,No,High School,Near,Male,70,0.46511627906976744,False,False,True
29,82,High,No,7,84,Low,Yes,1,Low,Medium,Private,Positive,2,No,High School,Near,Male,70,0.6511627906976744,False,False,True
18,68,High,Yes,8,52,High,Yes,0,High,High,Public,Positive,3,No,College,Near,Male,67,0.3953488372093023,True,False,False
15,88,Medium,Yes,6,61,Medium,Yes,0,High,Medium,Public,Neutral,4,Yes,Postgraduate,Far,Male,65,0.32558139534883723,False,True,False
22,90,High,No,5,99,Medium,Yes,1,Low,Low,Private,Positive,2,No,College,Near,Female,70,0.48837209302325585,False,True,False
19,70,Medium,Yes,7,95,High,No,0,Medium,High,Private,Positive,3,No,College,Near,Female,66,0.4186046511627907,False,False,True
13,74,High,Yes,8,98,High,Yes,1,High,High,Public,Negative,2,No,High School,Near,Male,66,0.27906976744186046,False,False,True
29,100,Low,Yes,8,100,Low,Yes,0,Low,Medium,Private,Neutral,5,Yes,High School,Near,Male,72,0.6511627906976744,False,False,True
16,75,Low,Yes,10,53,High,Yes,0,Low,Low,Public,Positive,4,No,College,Near,Female,64,0.3488372093023256,True,False,False
9,90,High,Yes,7,79,Low,Yes,4,High,High,Public,Positive,4,No,High School,Near,Male,70,0.18604651162790697,True,False,False
28,78,High,No,7,92,Low,Yes,1,Medium,High,Public,Positive,3,No,Postgraduate,Moderate,Female,71,0.627906976744186,False,False,True
17,92,Medium,No,7,66,Low,Yes,2,Low,Medium,Public,Negative,3,No,High School,Near,Male,66,0.37209302325581395,False,False,True
16,91,Medium,Yes,6,72,High,Yes,0,High,High,Public,Negative,2,No,Postgraduate,Near,Female,70,0.3488372093023256,True,False,False
9,87,Medium,Yes,6,64,Medium,Yes,1,High,Medium,Public,Neutral,2,No,High School,Near,Female,64,0.18604651162790697,False,True,False
30,94,Low,No,5,52,Low,No,3,High,Medium,Private,Neutral,2,No,Postgraduate,Moderate,Female,70,0.6744186046511628,False,False,True
12,98,Low,Yes,4,54,Medium,Yes,2,Medium,High,Private,Neutral,3,No,High School,Near,Female,67,0.2558139534883721,False,False,True
20,83,Low,No,6,51,Low,Yes,2,Medium,Medium,Public,Neutral,4,No,High School,Moderate,Female,65,0.4418604651162791,False,False,True
25,69,Medium,No,7,76,Medium,Yes,1,High,Medium,Public,Positive,2,No,High School,Near,Female,68,0.5581395348837209,True,False,False
23,76,Medium,No,8,81,Medium,Yes,3,Low,High,Public,Positive,2,No,High School,Near,Female,69,0.5116279069767441,True,False,False
20,90,Low,Yes,6,65,Low,Yes,3,Low,Medium,Public,Negative,2,No,Postgraduate,Near,Female,68,0.4418604651162791,False,False,True
10,86,High,Yes,6,91,High,Yes,2,Low,Medium,Private,Positive,3,No,High School,Far,Female,68,0.20930232558139533,True,False,False
15,67,Low,Yes,9,94,Medium,Yes,0,Medium,Medium,Public,Positive,4,No,Postgraduate,Near,Male,64,0.32558139534883723,False,False,True
